catalogNumber,institutionCode,species_raw,determiner_raw,determiner_tier,type_status,latitude,longitude,coordinateUncertainty,doy,pheno_sin,pheno_cos,regional_group,image_path
NCU00447408,NCU,Packera dubia (Spreng.) Trock & Mabb.,"Basinger, Mark A.",Tier_2_Silver,None,35.766811,-77.85786,500.0,96,0.996751,-0.080549,Coastal_Plain_Sandhills,data/raw_vouchers/NCU00447408.jpg
NCU00438248,NCU,Packera dubia (Spreng.) Trock & Mabb.,"Fuller, J. Brandon",Tier_1_Gold,None,32.006565,-81.275328,100.0,132,0.764891,-0.644159,Appalachian_Highlands,data/raw_vouchers/NCU00438248.jpg
NCU00451272,NCU,Packera dubia (Spreng.) Trock & Mabb.,"Fuller, J. Brandon",Tier_1_Gold,None,32.00649,-81.27547,100.0,218,-0.571667,-0.820486,Appalachian_Highlands,data/raw_vouchers/NCU00451272.jpg
NCU00451271,NCU,Packera dubia (Spreng.) Trock & Mabb.,"Fuller, J. Brandon",Tier_1_Gold,None,32.00649,-81.27547,100.0,218,-0.571667,-0.820486,Appalachian_Highlands,data/raw_vouchers/NCU00451271.jpg
NCU00457404,NCU,Packera dubia (Spreng.) Trock & Mabb.,"Fuller, J. Brandon",Tier_1_Gold,None,31.98685,-81.28608,300.0,218,-0.571667,-0.820486,Appalachian_Highlands,data/raw_vouchers/NCU00457404.jpg
HXC006589,HXC,Packera tomentosa C.Jeffrey,Adam C. Schneider,Tier_3_Bronze,None,35.29523,-92.480402,6.0,132,0.764891,-0.644159,Appalachian_Highlands,data/raw_vouchers/HXC006589.jpg
HXC006286,HXC,Packera tomentosa C.Jeffrey,Adam C. Schneider,Tier_3_Bronze,None,34.97518,-92.31578,8.0,139,0.681972,-0.731378,Interior_Prairie_Midwest,data/raw_vouchers/HXC006286.jpg
NCU00438234,NCU,Packera dubia (Spreng.) Trock & Mabb.,"Fuller, J. Brandon",Tier_1_Gold,None,34.12574,-83.796982,100.0,135,0.730644,-0.682758,Piedmont_Granite_Flatrocks,data/raw_vouchers/NCU00438234.jpg
NCU00438236,NCU,Packera dubia (Spreng.) Trock & Mabb.,"Fuller, J. Brandon",Tier_1_Gold,None,33.658237,-84.120047,100.0,135,0.730644,-0.682758,Appalachian_Highlands,data/raw_vouchers/NCU00438236.jpg
NCU00438221,NCU,Packera dubia (Spreng.) Trock & Mabb.,"Fuller, J. Brandon",Tier_1_Gold,None,33.658237,-84.120047,100.0,140,0.66929,-0.743001,Appalachian_Highlands,data/raw_vouchers/NCU00438221.jpg
NCU00438232,NCU,Packera dubia (Spreng.) Trock & Mabb.,"Fuller, J. Brandon",Tier_1_Gold,None,34.12574,-83.796982,100.0,135,0.730644,-0.682758,Piedmont_Granite_Flatrocks,data/raw_vouchers/NCU00438232.jpg
NCU00438245,NCU,Packera dubia (Spreng.) Trock & Mabb.,"Fuller, J. Brandon",Tier_1_Gold,None,35.662678,-76.549554,100.0,132,0.764891,-0.644159,Coastal_Plain_Sandhills,data/raw_vouchers/NCU00438245.jpg
NCU00438235,NCU,Packera dubia (Spreng.) Trock & Mabb.,"Fuller, J. Brandon",Tier_1_Gold,None,33.658237,-84.120047,100.0,135,0.730644,-0.682758,Appalachian_Highlands,data/raw_vouchers/NCU00438235.jpg
NCU00438220,NCU,Packera dubia (Spreng.) Trock & Mabb.,"Fuller, J. Brandon",Tier_1_Gold,None,31.407996,-86.732739,100.0,134,0.742281,-0.670089,Interior_Prairie_Midwest,data/raw_vouchers/NCU00438220.jpg
NCU00438223,NCU,Packera dubia (Spreng.) Trock & Mabb.,"Fuller, J. Brandon",Tier_1_Gold,None,32.006563,-81.275257,100.0,133,0.753698,-0.657221,Appalachian_Highlands,data/raw_vouchers/NCU00438223.jpg
NCU00438214,NCU,Packera dubia (Spreng.) Trock & Mabb.,"Fuller, J. Brandon",Tier_1_Gold,None,31.407996,-86.732739,100.0,134,0.742281,-0.670089,Interior_Prairie_Midwest,data/raw_vouchers/NCU00438214.jpg
NCU00438244,NCU,Packera dubia (Spreng.) Trock & Mabb.,"Fuller, J. Brandon",Tier_1_Gold,None,32.006563,-81.275701,100.0,133,0.753698,-0.657221,Appalachian_Highlands,data/raw_vouchers/NCU00438244.jpg
NCU00227519,NCU,Packera dubia (Spreng.) Trock & Mabb.,"Fuller, J. Brandon",Tier_1_Gold,None,32.00649,-81.27547,100.0,133,0.753698,-0.657221,Appalachian_Highlands,data/raw_vouchers/NCU00227519.jpg
NCU00445859,NCU,Packera dubia (Spreng.) Trock & Mabb.,"Fuller, J. Brandon",Tier_1_Gold,None,31.78611,-85.89136,100.0,134,0.742281,-0.670089,Interior_Prairie_Midwest,data/raw_vouchers/NCU00445859.jpg
NCU00438219,NCU,Packera dubia (Spreng.) Trock & Mabb.,"Fuller, J. Brandon",Tier_1_Gold,None,38.514,-75.744,300.0,182,0.010751,-0.999942,Appalachian_Highlands,data/raw_vouchers/NCU00438219.jpg
NCU00438240,NCU,Packera dubia (Spreng.) Trock & Mabb.,"Fuller, J. Brandon",Tier_1_Gold,None,38.293,-75.505,300.0,182,0.010751,-0.999942,Appalachian_Highlands,data/raw_vouchers/NCU00438240.jpg
NCU00438242,NCU,Packera dubia (Spreng.) Trock & Mabb.,"Fuller, J. Brandon",Tier_1_Gold,None,36.67218,-75.91535,100.0,182,0.010751,-0.999942,Coastal_Plain_Sandhills,data/raw_vouchers/NCU00438242.jpg
NCU00438222,NCU,Packera dubia (Spreng.) Trock & Mabb.,"Fuller, J. Brandon",Tier_1_Gold,None,36.67185,-75.91505,100.0,182,0.010751,-0.999942,Coastal_Plain_Sandhills,data/raw_vouchers/NCU00438222.jpg
NCU00438239,NCU,Packera dubia (Spreng.) Trock & Mabb.,"Fuller, J. Brandon",Tier_1_Gold,None,38.293,-75.505,300.0,182,0.010751,-0.999942,Appalachian_Highlands,data/raw_vouchers/NCU00438239.jpg
NCU00438241,NCU,Packera dubia (Spreng.) Trock & Mabb.,"Fuller, J. Brandon",Tier_1_Gold,None,36.67218,-75.91535,100.0,182,0.010751,-0.999942,Coastal_Plain_Sandhills,data/raw_vouchers/NCU00438241.jpg
NCU00438218,NCU,Packera dubia (Spreng.) Trock & Mabb.,"Fuller, J. Brandon",Tier_1_Gold,None,38.807068,-75.481169,100.0,183,-0.006451,-0.999979,Appalachian_Highlands,data/raw_vouchers/NCU00438218.jpg
NCU00438216,NCU,Packera dubia (Spreng.) Trock & Mabb.,"Fuller, J. Brandon",Tier_1_Gold,None,35.33552,-94.03838,300.0,203,-0.343367,-0.939201,Interior_Prairie_Midwest,data/raw_vouchers/NCU00438216.jpg
NCU00438217,NCU,Packera dubia (Spreng.) Trock & Mabb.,"Fuller, J. Brandon",Tier_1_Gold,None,31.69,-92.436,1000.0,206,-0.391358,-0.920239,Coastal_Plain_Sandhills,data/raw_vouchers/NCU00438217.jpg
NCU00438233,NCU,Packera dubia (Spreng.) Trock & Mabb.,"Fuller, J. Brandon",Tier_1_Gold,None,38.562,-75.06,500.0,183,-0.006451,-0.999979,Appalachian_Highlands,data/raw_vouchers/NCU00438233.jpg
NCU00438246,NCU,Packera dubia (Spreng.) Trock & Mabb.,"Fuller, J. Brandon",Tier_1_Gold,None,34.98431,-94.68248,100.0,204,-0.359472,-0.933156,Interior_Prairie_Midwest,data/raw_vouchers/NCU00438246.jpg
NCU00438238,NCU,Packera dubia (Spreng.) Trock & Mabb.,"Fuller, J. Brandon",Tier_1_Gold,None,38.562,-75.06,300.0,183,-0.006451,-0.999979,Appalachian_Highlands,data/raw_vouchers/NCU00438238.jpg
NCU00438247,NCU,Packera dubia (Spreng.) Trock & Mabb.,"Fuller, J. Brandon",Tier_1_Gold,None,34.98431,-94.68248,100.0,204,-0.359472,-0.933156,Interior_Prairie_Midwest,data/raw_vouchers/NCU00438247.jpg
NCU00438215,NCU,Packera dubia (Spreng.) Trock & Mabb.,"Fuller, J. Brandon",Tier_1_Gold,None,35.33552,-94.03838,300.0,203,-0.343367,-0.939201,Interior_Prairie_Midwest,data/raw_vouchers/NCU00438215.jpg
NCU00438237,NCU,Packera dubia (Spreng.) Trock & Mabb.,"Fuller, J. Brandon",Tier_1_Gold,None,34.58694,-92.25419,100.0,203,-0.343367,-0.939201,Interior_Prairie_Midwest,data/raw_vouchers/NCU00438237.jpg
NCU00227517,NCU,Packera dubia (Spreng.) Trock & Mabb.,"Fuller, J. Brandon",Tier_1_Gold,None,33.57968,-91.98621,100.0,207,-0.407129,-0.91337,Interior_Prairie_Midwest,data/raw_vouchers/NCU00227517.jpg
NCU00445952,NCU,Packera dubia (Spreng.) Trock & Mabb.,"Fuller, J. Brandon",Tier_1_Gold,None,36.10642,-82.11087,100.0,187,-0.07519,-0.997169,Appalachian_Highlands,data/raw_vouchers/NCU00445952.jpg
NCU00227518,NCU,Packera dubia (Spreng.) Trock & Mabb.,"Fuller, J. Brandon",Tier_1_Gold,None,33.57968,-91.98621,100.0,207,-0.407129,-0.91337,Interior_Prairie_Midwest,data/raw_vouchers/NCU00227518.jpg
NCU00438253,NCU,Packera dubia (Spreng.) Trock & Mabb.,"Fuller, J. Brandon",Tier_1_Gold,None,35.662708,-76.549547,100.0,310,-0.813668,0.58133,Coastal_Plain_Sandhills,data/raw_vouchers/NCU00438253.jpg
NCU00438252,NCU,Packera dubia (Spreng.) Trock & Mabb.,"Fuller, J. Brandon",Tier_1_Gold,None,35.662708,-76.549547,100.0,310,-0.813668,0.58133,Coastal_Plain_Sandhills,data/raw_vouchers/NCU00438252.jpg
ANHC018788,ANHC,Packera tomentosa C.Jeffrey,Diana L. Soteropoulos,Tier_3_Bronze,None,34.595446,-91.095695,10.0,82,0.987196,0.159513,Interior_Prairie_Midwest,data/raw_vouchers/ANHC018788.jpg
ANHC018923,ANHC,Packera tomentosa C.Jeffrey,Diana L. Soteropoulos,Tier_3_Bronze,None,34.595497,-91.095656,10.0,103,0.979857,-0.199702,Interior_Prairie_Midwest,data/raw_vouchers/ANHC018923.jpg
NCU00388695,NCU,Packera dubia (Spreng.) Trock & Mabb.,"Fuller, J. Brandon",Tier_1_Gold,None,36.082335,-78.166652,100.0,141,0.656411,-0.754404,Piedmont_Granite_Flatrocks,data/raw_vouchers/NCU00388695.jpg
ANHC010906,ANHC,Packera tomentosa C.Jeffrey,Jennifer Reed,Tier_3_Bronze,None,35.49907,-90.73098,10.0,109,0.954067,-0.299595,Interior_Prairie_Midwest,data/raw_vouchers/ANHC010906.jpg
82167,WILLI,Packera tomentosa C.Jeffrey,"Baldwin, Patrick B",Tier_3_Bronze,None,36.92968,-76.546604,105.0,126,0.827189,-0.561923,Coastal_Plain_Sandhills,data/raw_vouchers/82167.jpg
82170,WILLI,Packera tomentosa C.Jeffrey,"Baldwin, Patrick B",Tier_3_Bronze,None,36.952594,-76.53272,411.0,126,0.827189,-0.561923,Coastal_Plain_Sandhills,data/raw_vouchers/82170.jpg
80073,WILLI,Packera tomentosa C.Jeffrey,"Baldwin, Patrick B",Tier_3_Bronze,None,36.371318,-75.931897,1660.0,113,0.93121,-0.364483,Coastal_Plain_Sandhills,data/raw_vouchers/80073.jpg
80077,WILLI,Packera tomentosa C.Jeffrey,"Baldwin, Patrick B",Tier_3_Bronze,None,37.445492,-76.530094,1470.0,119,0.888701,-0.458487,Coastal_Plain_Sandhills,data/raw_vouchers/80077.jpg
80078,WILLI,Packera tomentosa C.Jeffrey,"Baldwin, Patrick B",Tier_3_Bronze,None,36.952594,-76.53272,411.0,129,0.797102,-0.603845,Coastal_Plain_Sandhills,data/raw_vouchers/80078.jpg
HXC001260,HXC,Packera tomentosa C.Jeffrey,A. Bigott,Tier_3_Bronze,None,35.106432,-92.434888,120.0,96,0.996751,-0.080549,Interior_Prairie_Midwest,data/raw_vouchers/HXC001260.jpg
79683,WILLI,Packera tomentosa C.Jeffrey,"Baldwin, Patrick",Tier_3_Bronze,None,37.111526,-76.467244,1000.0,118,0.896456,-0.443132,Coastal_Plain_Sandhills,data/raw_vouchers/79683.jpg
3119562,NY,Packera tomentosa C.Jeffrey,W. D. Longbottom,Tier_3_Bronze,None,38.506168,-75.74646,110.51,116,0.911169,-0.412034,Appalachian_Highlands,data/raw_vouchers/3119562.jpg
NCU00143989,NCU,Packera dubia (Spreng.) Trock & Mabb.,"Fuller, J. Brandon",Tier_1_Gold,None,36.740816,-77.517384,300.0,118,0.896456,-0.443132,Coastal_Plain_Sandhills,data/raw_vouchers/NCU00143989.jpg
NCU00143995,NCU,Packera dubia (Spreng.) Trock & Mabb.,"Fuller, J. Brandon",Tier_1_Gold,None,38.385433,-75.354407,424.0,117,0.903946,-0.427646,Appalachian_Highlands,data/raw_vouchers/NCU00143995.jpg
NCU00091068,NCU,Packera dubia (Spreng.) Trock & Mabb.,"Fuller, J. Brandon",Tier_1_Gold,None,38.290472,-75.536583,100.0,119,0.888701,-0.458487,Appalachian_Highlands,data/raw_vouchers/NCU00091068.jpg
PH00820795,ANSP,Packera tomentosa C.Jeffrey,Wayne D. Longbottom,Tier_3_Bronze,None,38.286788,-75.365746,300.0,119,0.888701,-0.458487,Appalachian_Highlands,data/raw_vouchers/PH00820795.jpg
3119574,NY,Packera tomentosa C.Jeffrey,W. D. Longbottom,Tier_3_Bronze,None,39.046208,-75.821731,54.37,129,0.797102,-0.603845,Appalachian_Highlands,data/raw_vouchers/3119574.jpg
NCU00119626,NCU,Packera dubia (Spreng.) Trock & Mabb.,"Fuller, J. Brandon",Tier_1_Gold,None,38.480997,-75.750815,300.0,139,0.681972,-0.731378,Appalachian_Highlands,data/raw_vouchers/NCU00119626.jpg
NCU00119625,NCU,Packera dubia (Spreng.) Trock & Mabb.,"Fuller, J. Brandon",Tier_1_Gold,None,38.375241,-75.513979,301.0,136,0.718792,-0.695225,Appalachian_Highlands,data/raw_vouchers/NCU00119625.jpg
PH00820806,ANSP,Packera tomentosa C.Jeffrey,Wayne D Longbottom,Tier_3_Bronze,None,38.694281,-75.772155,2419.0,121,0.872404,-0.488785,Appalachian_Highlands,data/raw_vouchers/PH00820806.jpg
ANHC001158,ANHC,Packera tomentosa C.Jeffrey,Theo Witsell,Tier_3_Bronze,None,34.51019,-92.48983,100.0,97,0.995218,-0.097683,Coastal_Plain_Sandhills,data/raw_vouchers/ANHC001158.jpg
UARK012547,UARK,Packera tomentosa C.Jeffrey,Theo Witsell,Tier_3_Bronze,None,34.51019,-92.48983,100.0,97,0.995218,-0.097683,Coastal_Plain_Sandhills,data/raw_vouchers/UARK012547.jpg
UARK012563,UARK,Packera tomentosa C.Jeffrey,Lillis Urban; Jeremy Whisenhunt,Tier_3_Bronze,None,35.075232,-91.943468,625.0,102,0.983147,-0.182817,Interior_Prairie_Midwest,data/raw_vouchers/UARK012563.jpg
ODU00011145,ODU,Packera tomentosa C.Jeffrey,Mohammad S. Al-Zein,Tier_3_Bronze,None,36.461612,-76.971922,697.0,112,0.937342,-0.348411,Coastal_Plain_Sandhills,data/raw_vouchers/ODU00011145.jpg
ANHC001157,ANHC,Packera tomentosa C.Jeffrey,Theo Witsell,Tier_3_Bronze,None,34.57445,-92.2597,100.0,125,0.836733,-0.547611,Coastal_Plain_Sandhills,data/raw_vouchers/ANHC001157.jpg
CM554402,CM,Packera tomentosa C.Jeffrey,"Hansen, C.J.",Tier_3_Bronze,None,33.140722,-85.624944,50.0,86,0.995827,0.091261,Piedmont_Granite_Flatrocks,data/raw_vouchers/CM554402.jpg
UARK012478,UARK,Packera tomentosa C.Jeffrey,Sarah C. Nunn; Matt Nutt,Tier_3_Bronze,None,34.452418,-91.574978,273.0,154,0.472759,-0.881192,Interior_Prairie_Midwest,data/raw_vouchers/UARK012478.jpg
ANHC001156,ANHC,Packera tomentosa C.Jeffrey,Brent Baker,Tier_3_Bronze,None,34.84581,-91.883339,714.0,135,0.730644,-0.682758,Interior_Prairie_Midwest,data/raw_vouchers/ANHC001156.jpg
3119570,NY,Packera tomentosa C.Jeffrey,R. D. Thomas,Tier_3_Bronze,None,33.632236,-92.943652,969.0,104,0.976277,-0.216527,Interior_Prairie_Midwest,data/raw_vouchers/3119570.jpg
2424,CGCC,Packera tomentosa C.Jeffrey,"Cook, William E.",Tier_3_Bronze,None,35.697463,-77.165218,3300.0,119,0.888701,-0.458487,Coastal_Plain_Sandhills,data/raw_vouchers/2424.jpg
1048,NCSM,Packera tomentosa C.Jeffrey,"McMillan, Patrick D.",Tier_3_Bronze,None,35.866828,-76.748556,3518.0,76,0.965507,0.260376,Coastal_Plain_Sandhills,data/raw_vouchers/1048.jpg
BRIT559544,BRIT,Packera tomentosa C.Jeffrey,Debra Trock,Tier_1_Gold,None,33.7578,-94.6509,1609.0,62,0.875539,0.483147,Interior_Prairie_Midwest,data/raw_vouchers/BRIT559544.jpg
3119531,NY,Packera tomentosa C.Jeffrey,R. Kral,Tier_3_Bronze,None,33.608399,-93.6018,4524.0,109,0.954067,-0.299595,Interior_Prairie_Midwest,data/raw_vouchers/3119531.jpg
3119530,NY,Packera tomentosa C.Jeffrey,R. Kral,Tier_3_Bronze,None,34.781462,-91.486908,1595.0,107,0.963807,-0.266599,Interior_Prairie_Midwest,data/raw_vouchers/3119530.jpg
75943,WILLI,Packera tomentosa C.Jeffrey,"Baldwin, Patrick",Tier_3_Bronze,None,36.80376,-76.865452,73.0,116,0.911169,-0.412034,Coastal_Plain_Sandhills,data/raw_vouchers/75943.jpg
BAYLU034249,BAYLU,Packera tomentosa C.Jeffrey,Nomenclatural Adjustment,Tier_3_Bronze,None,33.131825,-93.970025,1184.0,66,0.906686,0.421806,Interior_Prairie_Midwest,data/raw_vouchers/BAYLU034249.jpg
BAYLU034250,BAYLU,Packera tomentosa C.Jeffrey,Nomenclatural Adjustment,Tier_3_Bronze,None,33.233542,-93.98426,2500.0,127,0.817401,-0.576069,Interior_Prairie_Midwest,data/raw_vouchers/BAYLU034250.jpg
80479,WILLI,Packera tomentosa C.Jeffrey,"Ware, Donna M E",Tier_3_Bronze,None,37.196957,-77.407676,1000.0,171,0.198648,-0.980071,Coastal_Plain_Sandhills,data/raw_vouchers/80479.jpg
305300,KU,Packera tomentosa C.Jeffrey,Deb K. Trock,Tier_1_Gold,None,33.895586,-94.686493,4227.0,85,0.99411,0.108377,Interior_Prairie_Midwest,data/raw_vouchers/305300.jpg
3119532,NY,Packera tomentosa C.Jeffrey,D. K. Trock,Tier_1_Gold,None,33.663109,-94.209552,2384.0,85,0.99411,0.108377,Interior_Prairie_Midwest,data/raw_vouchers/3119532.jpg
3119600,NY,Packera tomentosa C.Jeffrey,D. K. Trock,Tier_1_Gold,None,33.855206,-94.652711,2562.0,85,0.99411,0.108377,Interior_Prairie_Midwest,data/raw_vouchers/3119600.jpg
GA079594,GA,Packera tomentosa C.Jeffrey,"Moore, M",Tier_3_Bronze,None,33.814042,-84.139715,59.0,94,0.998932,-0.046215,Piedmont_Granite_Flatrocks,data/raw_vouchers/GA079594.jpg
GA079554,GA,Packera tomentosa C.Jeffrey,"Moore, M",Tier_3_Bronze,None,33.811804,-84.140788,183.0,87,0.99725,0.074117,Appalachian_Highlands,data/raw_vouchers/GA079554.jpg
BAYLU034247,BAYLU,Packera tomentosa C.Jeffrey,W.C. Holmes,Tier_3_Bronze,None,33.168837,-92.625179,2558.0,75,0.960885,0.276946,Interior_Prairie_Midwest,data/raw_vouchers/BAYLU034247.jpg
MARY1052504,MARY,Packera tomentosa C.Jeffrey,Deborah W. Rowan,Tier_3_Bronze,None,38.657075,-75.623007,250.0,123,0.855075,-0.518505,Appalachian_Highlands,data/raw_vouchers/MARY1052504.jpg
MARY1052509,MARY,Packera tomentosa C.Jeffrey,Wayne D. Longbottom; Deborah W. Rowan,Tier_3_Bronze,None,38.188679,-75.747493,1000.0,148,0.561034,-0.827793,Appalachian_Highlands,data/raw_vouchers/MARY1052509.jpg
MARY1052508,MARY,Packera tomentosa C.Jeffrey,Deborah W. Rowan; Wayne D. Longbottom,Tier_3_Bronze,None,38.488361,-75.819039,2530.0,148,0.561034,-0.827793,Appalachian_Highlands,data/raw_vouchers/MARY1052508.jpg
NCU00377929,NCU,Packera dubia (Spreng.) Trock & Mabb.,"Fuller, J. Brandon",Tier_1_Gold,None,34.804987,-82.694699,200.0,122,0.863867,-0.50372,Piedmont_Granite_Flatrocks,data/raw_vouchers/NCU00377929.jpg
CLEMS0035134,CLEMS,Packera tomentosa C.Jeffrey,"Trock, D.",Tier_1_Gold,None,34.804987,-82.694699,200.0,122,0.863867,-0.50372,Piedmont_Granite_Flatrocks,data/raw_vouchers/CLEMS0035134.jpg
NCU00377918,NCU,Packera dubia (Spreng.) Trock & Mabb.,"Fuller, J. Brandon",Tier_1_Gold,None,35.087307,-82.598078,1417.0,156,0.442168,-0.896932,Appalachian_Highlands,data/raw_vouchers/NCU00377918.jpg
ODU00011146,ODU,Packera tomentosa C.Jeffrey,Gregory M. Plunkett; G.W. Hall,Tier_3_Bronze,None,36.985509,-76.825328,199.0,106,0.968251,-0.249981,Coastal_Plain_Sandhills,data/raw_vouchers/ODU00011146.jpg
ASC00043485,ASC,Packera tomentosa C.Jeffrey,Nomenclatural Adjustment,Tier_3_Bronze,None,30.481311,-92.678853,4417.0,59,0.84945,0.527668,Interior_Prairie_Midwest,data/raw_vouchers/ASC00043485.jpg
NCU00097019,NCU,Packera dubia (Spreng.) Trock & Mabb.,"Fuller, J. Brandon",Tier_1_Gold,None,32.41558,-92.303846,969.0,83,0.989794,0.142508,Coastal_Plain_Sandhills,data/raw_vouchers/NCU00097019.jpg
335048,WS,Packera tomentosa C.Jeffrey,Nomenclature update,Tier_3_Bronze,None,33.202604,-92.020218,1000.0,85,0.99411,0.108377,Interior_Prairie_Midwest,data/raw_vouchers/335048.jpg
NCU00097021,NCU,Packera dubia (Spreng.) Trock & Mabb.,"Fuller, J. Brandon",Tier_1_Gold,None,32.15302,-92.286533,969.0,94,0.998932,-0.046215,Coastal_Plain_Sandhills,data/raw_vouchers/NCU00097021.jpg
CLEMS0035210,CLEMS,Packera tomentosa C.Jeffrey,"Trock, Debra",Tier_1_Gold,None,32.15302,-92.286533,969.0,94,0.998932,-0.046215,Coastal_Plain_Sandhills,data/raw_vouchers/CLEMS0035210.jpg
NCU00385174,NCU,Packera dubia (Spreng.) Trock & Mabb.,"Fuller, J. Brandon",Tier_1_Gold,None,36.841649,-76.210874,301.0,124,0.846029,-0.533137,Coastal_Plain_Sandhills,data/raw_vouchers/NCU00385174.jpg
ODU00011147,ODU,Packera tomentosa C.Jeffrey,Rebecca Bray,Tier_3_Bronze,None,36.841695,-76.21057,141.0,124,0.846029,-0.533137,Coastal_Plain_Sandhills,data/raw_vouchers/ODU00011147.jpg
ODU00011111,ODU,Packera tomentosa C.Jeffrey,Rebecca D. Bray,Tier_3_Bronze,None,36.841695,-76.21057,141.0,124,0.846029,-0.533137,Coastal_Plain_Sandhills,data/raw_vouchers/ODU00011111.jpg
ODU00011109,ODU,Packera tomentosa C.Jeffrey,J. Patrick Megonigal,Tier_3_Bronze,None,36.818511,-76.856894,1158.0,153,0.487847,-0.872929,Coastal_Plain_Sandhills,data/raw_vouchers/ODU00011109.jpg
52033,WILLI,Packera tomentosa C.Jeffrey,"Trock, Debra",Tier_1_Gold,None,37.659156,-76.732836,2703.0,127,0.817401,-0.576069,Coastal_Plain_Sandhills,data/raw_vouchers/52033.jpg
NLU0083656,BRIT,Packera tomentosa C.Jeffrey,Debra Trock,Tier_1_Gold,None,32.663585,-96.126709,1159.0,69,0.927238,0.374474,Interior_Prairie_Midwest,data/raw_vouchers/NLU0083656.jpg
ODU00011115,ODU,Packera tomentosa C.Jeffrey,Joan B. Wright; Judith L. Kernell,Tier_3_Bronze,None,36.916241,-76.051773,126.0,104,0.976277,-0.216527,Coastal_Plain_Sandhills,data/raw_vouchers/ODU00011115.jpg
LFCC-0013686,LFCC,Packera tomentosa C.Jeffrey,R. C. Simpson,Tier_3_Bronze,None,36.638762,-76.52356,68.0,134,0.742281,-0.670089,Coastal_Plain_Sandhills,data/raw_vouchers/LFCC-0013686.jpg
ODU00011113,ODU,Packera tomentosa C.Jeffrey,Gretchen North; G.W. Hall,Tier_3_Bronze,None,37.548229,-76.441531,120.0,140,0.66929,-0.743001,Coastal_Plain_Sandhills,data/raw_vouchers/ODU00011113.jpg
43540,WILLI,Packera tomentosa C.Jeffrey,"Trock, Debra",Tier_1_Gold,None,37.609858,-76.440028,2001.0,124,0.846029,-0.533137,Coastal_Plain_Sandhills,data/raw_vouchers/43540.jpg
44124,WILLI,Packera tomentosa C.Jeffrey,"Trock, Debra",Tier_1_Gold,None,37.548212,-76.4446,890.0,140,0.66929,-0.743001,Coastal_Plain_Sandhills,data/raw_vouchers/44124.jpg
NCU00377792,NCU,Packera dubia (Spreng.) Trock & Mabb.,"Fuller, J. Brandon",Tier_1_Gold,None,34.458222,-78.110306,500.0,87,0.99725,0.074117,Piedmont_Granite_Flatrocks,data/raw_vouchers/NCU00377792.jpg
NCU00384959,NCU,Packera dubia (Spreng.) Trock & Mabb.,"Fuller, J. Brandon",Tier_1_Gold,None,30.928686,-92.49303,969.0,88,0.998377,0.056952,Coastal_Plain_Sandhills,data/raw_vouchers/NCU00384959.jpg
34951,WILLI,Packera tomentosa C.Jeffrey,"Trock, Debra",Tier_1_Gold,None,37.456604,-76.381333,503.0,144,0.616621,-0.78726,Coastal_Plain_Sandhills,data/raw_vouchers/34951.jpg
GA079547,GA,Packera tomentosa C.Jeffrey,"Kral, R",Tier_3_Bronze,None,33.770368,-84.105194,2065.0,97,0.995218,-0.097683,Piedmont_Granite_Flatrocks,data/raw_vouchers/GA079547.jpg
32683,WILLI,Packera tomentosa C.Jeffrey,"Trock, Debra",Tier_1_Gold,None,36.595622,-76.378583,480.0,111,0.943196,-0.332235,Coastal_Plain_Sandhills,data/raw_vouchers/32683.jpg
NCU00385156,NCU,Packera dubia (Spreng.) Trock & Mabb.,"Fuller, J. Brandon",Tier_1_Gold,None,30.779041,-85.620606,461.0,75,0.960885,0.276946,Coastal_Plain_Sandhills,data/raw_vouchers/NCU00385156.jpg
29225,WILLI,Packera tomentosa C.Jeffrey,"Trock, Debra",Tier_1_Gold,None,37.263008,-76.443019,1550.0,124,0.846029,-0.533137,Coastal_Plain_Sandhills,data/raw_vouchers/29225.jpg
NCU00385190,NCU,Packera dubia (Spreng.) Trock & Mabb.,"Fuller, J. Brandon",Tier_1_Gold,None,31.687748,-86.266289,300.0,94,0.998932,-0.046215,Interior_Prairie_Midwest,data/raw_vouchers/NCU00385190.jpg
LFCC-0006183,LFCC,Packera tomentosa C.Jeffrey,R. C. Simpson,Tier_3_Bronze,None,36.693655,-76.50578,3185.0,117,0.903946,-0.427646,Coastal_Plain_Sandhills,data/raw_vouchers/LFCC-0006183.jpg
UARK012516,UARK,Packera tomentosa C.Jeffrey,Edwin B. Smith,Tier_3_Bronze,None,34.085586,-91.937498,186.0,113,0.93121,-0.364483,Interior_Prairie_Midwest,data/raw_vouchers/UARK012516.jpg
NCU00377795,NCU,Packera dubia (Spreng.) Trock & Mabb.,"Fuller, J. Brandon",Tier_1_Gold,None,35.513179,-80.343689,544.0,274,-0.999999,0.001075,Piedmont_Granite_Flatrocks,data/raw_vouchers/NCU00377795.jpg
NCU00384962,NCU,Packera dubia (Spreng.) Trock & Mabb.,"Fuller, J. Brandon",Tier_1_Gold,None,31.357248,-93.176399,1148.0,74,0.955979,0.293434,Coastal_Plain_Sandhills,data/raw_vouchers/NCU00384962.jpg
NCU00385170,NCU,Packera dubia (Spreng.) Trock & Mabb.,"Fuller, J. Brandon",Tier_1_Gold,None,31.808819,-81.489065,300.0,109,0.954067,-0.299595,Coastal_Plain_Sandhills,data/raw_vouchers/NCU00385170.jpg
ODU00011120,ODU,Packera tomentosa C.Jeffrey,Carl Anderson Jr.,Tier_3_Bronze,None,36.513753,-76.165718,477.0,109,0.954067,-0.299595,Coastal_Plain_Sandhills,data/raw_vouchers/ODU00011120.jpg
23842,WILLI,Packera tomentosa C.Jeffrey,"Trock, Debra",Tier_1_Gold,None,37.168291,-76.698585,1686.0,103,0.979857,-0.199702,Coastal_Plain_Sandhills,data/raw_vouchers/23842.jpg
NCU00384965,NCU,Packera dubia (Spreng.) Trock & Mabb.,"Fuller, J. Brandon",Tier_1_Gold,None,38.13602,-75.487308,2161.0,124,0.846029,-0.533137,Appalachian_Highlands,data/raw_vouchers/NCU00384965.jpg
ODU00011126,ODU,Packera tomentosa C.Jeffrey,Donna M.E. Ware,Tier_3_Bronze,None,37.16494,-76.702456,599.0,143,0.630072,-0.776537,Coastal_Plain_Sandhills,data/raw_vouchers/ODU00011126.jpg
23847,WILLI,Packera tomentosa C.Jeffrey,"Trock, Debra",Tier_1_Gold,None,37.168291,-76.698585,1686.0,143,0.630072,-0.776537,Coastal_Plain_Sandhills,data/raw_vouchers/23847.jpg
NCU00377928,NCU,Packera dubia (Spreng.) Trock & Mabb.,"Fuller, J. Brandon",Tier_1_Gold,None,34.804987,-82.694699,200.0,86,0.995827,0.091261,Piedmont_Granite_Flatrocks,data/raw_vouchers/NCU00377928.jpg
NCU00385171,NCU,Packera dubia (Spreng.) Trock & Mabb.,"Fuller, J. Brandon",Tier_1_Gold,None,31.855942,-82.817535,300.0,87,0.99725,0.074117,Coastal_Plain_Sandhills,data/raw_vouchers/NCU00385171.jpg
CLEMS0035133,CLEMS,Packera tomentosa C.Jeffrey,"Trock, D.",Tier_1_Gold,None,34.804987,-82.694699,200.0,86,0.995827,0.091261,Piedmont_Granite_Flatrocks,data/raw_vouchers/CLEMS0035133.jpg
UCA003602,UCAC,Packera tomentosa C.Jeffrey,Brent Baker,Tier_3_Bronze,None,34.730942,-92.391818,659.0,88,0.998377,0.056952,Interior_Prairie_Midwest,data/raw_vouchers/UCA003602.jpg
NCU00377925,NCU,Packera dubia (Spreng.) Trock & Mabb.,"Fuller, J. Brandon",Tier_1_Gold,None,34.668968,-80.527318,893.0,104,0.976277,-0.216527,Piedmont_Granite_Flatrocks,data/raw_vouchers/NCU00377925.jpg
NCU00377921,NCU,Packera dubia (Spreng.) Trock & Mabb.,"Fuller, J. Brandon",Tier_1_Gold,None,34.669358,-80.541686,2482.0,104,0.976277,-0.216527,Piedmont_Granite_Flatrocks,data/raw_vouchers/NCU00377921.jpg
NCU00377926,NCU,Packera dubia (Spreng.) Trock & Mabb.,"Fuller, J. Brandon",Tier_1_Gold,None,34.669358,-80.541686,2482.0,104,0.976277,-0.216527,Piedmont_Granite_Flatrocks,data/raw_vouchers/NCU00377926.jpg
NCU00385176,NCU,Packera dubia (Spreng.) Trock & Mabb.,"Fuller, J. Brandon",Tier_1_Gold,None,37.090293,-76.37316,170.0,107,0.963807,-0.266599,Coastal_Plain_Sandhills,data/raw_vouchers/NCU00385176.jpg
NCU00385178,NCU,Packera dubia (Spreng.) Trock & Mabb.,"Fuller, J. Brandon",Tier_1_Gold,None,36.620737,-76.524885,500.0,105,0.972408,-0.233289,Coastal_Plain_Sandhills,data/raw_vouchers/NCU00385178.jpg
ODU00011123,ODU,Packera tomentosa C.Jeffrey,Travis Poulsen,Tier_3_Bronze,None,37.090293,-76.37316,170.0,107,0.963807,-0.266599,Coastal_Plain_Sandhills,data/raw_vouchers/ODU00011123.jpg
ODU00011119,ODU,Packera tomentosa C.Jeffrey,Donna M.E. Ware,Tier_3_Bronze,None,36.620737,-76.524885,500.0,105,0.972408,-0.233289,Coastal_Plain_Sandhills,data/raw_vouchers/ODU00011119.jpg
UCA003601,UCAC,Packera tomentosa C.Jeffrey,Brent Baker,Tier_3_Bronze,None,34.733373,-92.391804,63.0,107,0.963807,-0.266599,Interior_Prairie_Midwest,data/raw_vouchers/UCA003601.jpg
BALT0036096,BALT,Packera tomentosa C.Jeffrey,Travis Poulsen,Tier_3_Bronze,None,34.441198,-97.134233,969.0,97,0.995218,-0.097683,Interior_Prairie_Midwest,data/raw_vouchers/BALT0036096.jpg
13828,WILLI,Packera tomentosa C.Jeffrey,"Trock, Debra",Tier_1_Gold,None,37.090293,-76.37316,170.0,107,0.963807,-0.266599,Coastal_Plain_Sandhills,data/raw_vouchers/13828.jpg
15729,WILLI,Packera tomentosa C.Jeffrey,"Trock, Debra",Tier_1_Gold,None,36.620498,-76.519903,240.0,105,0.972408,-0.233289,Coastal_Plain_Sandhills,data/raw_vouchers/15729.jpg
NCU00385167,NCU,Packera dubia (Spreng.) Trock & Mabb.,"Fuller, J. Brandon",Tier_1_Gold,None,32.986674,-82.4374,1486.0,82,0.987196,0.159513,Appalachian_Highlands,data/raw_vouchers/NCU00385167.jpg
NCU00027973,NCU,Packera dubia (Spreng.) Trock & Mabb.,"Fuller, J. Brandon",Tier_1_Gold,None,33.805812,-83.164,300.0,107,0.963807,-0.266599,Appalachian_Highlands,data/raw_vouchers/NCU00027973.jpg
10796,WILLI,Packera tomentosa C.Jeffrey,"Trock, Debra",Tier_1_Gold,None,37.182436,-76.543928,2728.0,115,0.918121,-0.396299,Coastal_Plain_Sandhills,data/raw_vouchers/10796.jpg
NCU00385191,NCU,Packera dubia (Spreng.) Trock & Mabb.,"Fuller, J. Brandon",Tier_1_Gold,None,33.146508,-85.621623,3000.0,132,0.764891,-0.644159,Piedmont_Granite_Flatrocks,data/raw_vouchers/NCU00385191.jpg
ODU00011116,ODU,Packera tomentosa C.Jeffrey,Del R. Bratton,Tier_3_Bronze,None,36.659321,-75.911417,3596.0,107,0.963807,-0.266599,Coastal_Plain_Sandhills,data/raw_vouchers/ODU00011116.jpg
ODU00011122,ODU,Packera tomentosa C.Jeffrey,Susan B. Waters,Tier_3_Bronze,None,36.677922,-76.52853,4352.0,129,0.797102,-0.603845,Coastal_Plain_Sandhills,data/raw_vouchers/ODU00011122.jpg
UARK012528,UARK,Packera tomentosa C.Jeffrey,E. B. Smith,Tier_3_Bronze,None,34.653801,-91.413254,281.0,77,0.969843,0.24373,Interior_Prairie_Midwest,data/raw_vouchers/UARK012528.jpg
NCU00385175,NCU,Packera dubia (Spreng.) Trock & Mabb.,"Fuller, J. Brandon",Tier_1_Gold,None,37.347096,-76.919565,301.0,119,0.888701,-0.458487,Coastal_Plain_Sandhills,data/raw_vouchers/NCU00385175.jpg
NCU00385198,NCU,Packera dubia (Spreng.) Trock & Mabb.,"Fuller, J. Brandon",Tier_1_Gold,None,32.327955,-92.424357,969.0,93,0.999579,-0.029025,Coastal_Plain_Sandhills,data/raw_vouchers/NCU00385198.jpg
ODU00011148,ODU,Packera tomentosa C.Jeffrey,D.M.E. Ware,Tier_3_Bronze,None,37.342115,-76.921539,561.0,119,0.888701,-0.458487,Coastal_Plain_Sandhills,data/raw_vouchers/ODU00011148.jpg
ODU00011154,ODU,Packera tomentosa C.Jeffrey,D. Caldwell,Tier_3_Bronze,None,36.758663,-76.134494,390.0,108,0.959079,-0.283139,Coastal_Plain_Sandhills,data/raw_vouchers/ODU00011154.jpg
6219,WILLI,Packera tomentosa C.Jeffrey,"Trock, Debra",Tier_1_Gold,None,37.345817,-76.919919,151.0,119,0.888701,-0.458487,Coastal_Plain_Sandhills,data/raw_vouchers/6219.jpg
NCU00385181,NCU,Packera dubia (Spreng.) Trock & Mabb.,"Fuller, J. Brandon",Tier_1_Gold,None,37.203481,-76.758848,2170.0,131,0.775859,-0.630907,Coastal_Plain_Sandhills,data/raw_vouchers/NCU00385181.jpg
ODU00011127,ODU,Packera tomentosa C.Jeffrey,Lynn Ellen Loetterle,Tier_3_Bronze,None,37.203481,-76.758848,2170.0,131,0.775859,-0.630907,Coastal_Plain_Sandhills,data/raw_vouchers/ODU00011127.jpg
10869,WILLI,Packera tomentosa C.Jeffrey,"Trock, Debra",Tier_1_Gold,None,37.211535,-76.780456,182.0,131,0.775859,-0.630907,Coastal_Plain_Sandhills,data/raw_vouchers/10869.jpg
NCU00097020,NCU,Packera dubia (Spreng.) Trock & Mabb.,"Fuller, J. Brandon",Tier_1_Gold,None,31.455506,-92.972379,969.0,69,0.927238,0.374474,Coastal_Plain_Sandhills,data/raw_vouchers/NCU00097020.jpg
15432,WILLI,Packera tomentosa C.Jeffrey,"Trock, Debra",Tier_1_Gold,None,31.00796,-85.2116,3036.0,83,0.989794,0.142508,Interior_Prairie_Midwest,data/raw_vouchers/15432.jpg
NCU00385146,NCU,Packera dubia (Spreng.) Trock & Mabb.,"Fuller, J. Brandon",Tier_1_Gold,None,34.2284,-92.090932,3000.0,109,0.954067,-0.299595,Interior_Prairie_Midwest,data/raw_vouchers/NCU00385146.jpg
NCU00385199,NCU,Packera dubia (Spreng.) Trock & Mabb.,"Fuller, J. Brandon",Tier_1_Gold,None,30.332701,-92.935372,300.0,102,0.983147,-0.182817,Interior_Prairie_Midwest,data/raw_vouchers/NCU00385199.jpg
NCU00385143,NCU,Packera dubia (Spreng.) Trock & Mabb.,"Fuller, J. Brandon",Tier_1_Gold,None,33.916769,-92.848221,3000.0,102,0.983147,-0.182817,Coastal_Plain_Sandhills,data/raw_vouchers/NCU00385143.jpg
CLEMS0035127,CLEMS,Packera tomentosa C.Jeffrey,"Trock, D.",Tier_1_Gold,None,34.802398,-82.692359,197.0,103,0.979857,-0.199702,Piedmont_Granite_Flatrocks,data/raw_vouchers/CLEMS0035127.jpg
ODU00011157,ODU,Packera tomentosa C.Jeffrey,Barefield,Tier_3_Bronze,None,36.661176,-76.810277,965.0,116,0.911169,-0.412034,Coastal_Plain_Sandhills,data/raw_vouchers/ODU00011157.jpg
ODU00011117,ODU,Packera tomentosa C.Jeffrey,M.P. Alans,Tier_3_Bronze,None,36.69161,-77.350528,1476.0,116,0.911169,-0.412034,Coastal_Plain_Sandhills,data/raw_vouchers/ODU00011117.jpg
BRIT693721,BRIT,Packera tomentosa C.Jeffrey,BRIT,Tier_2_Silver,None,34.892346,-102.130759,4903.0,100,0.988854,-0.14889,Interior_Prairie_Midwest,data/raw_vouchers/BRIT693721.jpg
BAYLU034245,BAYLU,Packera tomentosa C.Jeffrey,D.K. Trock,Tier_1_Gold,None,34.671224,-80.554016,4536.0,109,0.954067,-0.299595,Piedmont_Granite_Flatrocks,data/raw_vouchers/BAYLU034245.jpg
GA269877,GA,Packera tomentosa C.Jeffrey,D.K. Trock,Tier_1_Gold,None,34.671224,-80.554016,4536.0,109,0.954067,-0.299595,Piedmont_Granite_Flatrocks,data/raw_vouchers/GA269877.jpg
NCU00385184,NCU,Packera dubia (Spreng.) Trock & Mabb.,"Fuller, J. Brandon",Tier_1_Gold,None,36.914793,-76.241507,301.0,127,0.817401,-0.576069,Coastal_Plain_Sandhills,data/raw_vouchers/NCU00385184.jpg
NCU00385179,NCU,Packera dubia (Spreng.) Trock & Mabb.,"Fuller, J. Brandon",Tier_1_Gold,None,37.142649,-77.493461,3000.0,124,0.846029,-0.533137,Coastal_Plain_Sandhills,data/raw_vouchers/NCU00385179.jpg
BRIT693722,BRIT,Packera tomentosa C.Jeffrey,BRIT,Tier_2_Silver,None,33.156103,-101.378194,1000.0,173,0.164818,-0.986324,Interior_Prairie_Midwest,data/raw_vouchers/BRIT693722.jpg
NCU00384963,NCU,Packera dubia (Spreng.) Trock & Mabb.,"Fuller, J. Brandon",Tier_1_Gold,None,32.624986,-93.252894,1000.0,102,0.983147,-0.182817,Coastal_Plain_Sandhills,data/raw_vouchers/NCU00384963.jpg
NCU00385196,NCU,Packera dubia (Spreng.) Trock & Mabb.,"Fuller, J. Brandon",Tier_1_Gold,None,32.272422,-93.177082,1134.0,103,0.979857,-0.199702,Coastal_Plain_Sandhills,data/raw_vouchers/NCU00385196.jpg
NCU00385142,NCU,Packera dubia (Spreng.) Trock & Mabb.,"Fuller, J. Brandon",Tier_1_Gold,None,35.672366,-91.896408,300.0,106,0.968251,-0.249981,Interior_Prairie_Midwest,data/raw_vouchers/NCU00385142.jpg
NCU00385149,NCU,Packera dubia (Spreng.) Trock & Mabb.,"Fuller, J. Brandon",Tier_1_Gold,None,34.780926,-91.580965,3000.0,92,0.99993,-0.011826,Interior_Prairie_Midwest,data/raw_vouchers/NCU00385149.jpg
NCU00385150,NCU,Packera dubia (Spreng.) Trock & Mabb.,"Fuller, J. Brandon",Tier_1_Gold,None,34.780926,-91.580965,3000.0,107,0.963807,-0.266599,Coastal_Plain_Sandhills,data/raw_vouchers/NCU00385150.jpg
ODU00011125,ODU,Packera tomentosa C.Jeffrey,NA,Tier_3_Bronze,None,36.765901,-76.158101,1739.0,105,0.972408,-0.233289,Coastal_Plain_Sandhills,data/raw_vouchers/ODU00011125.jpg
NCU00385173,NCU,Packera dubia (Spreng.) Trock & Mabb.,"Fuller, J. Brandon",Tier_1_Gold,None,31.825644,-83.931968,903.0,76,0.965507,0.260376,Coastal_Plain_Sandhills,data/raw_vouchers/NCU00385173.jpg
NCU00384964,NCU,Packera dubia (Spreng.) Trock & Mabb.,"Fuller, J. Brandon",Tier_1_Gold,None,32.109606,-92.680438,1096.0,90,0.999745,0.022576,Coastal_Plain_Sandhills,data/raw_vouchers/NCU00384964.jpg
NCU00385144,NCU,Packera dubia (Spreng.) Trock & Mabb.,"Fuller, J. Brandon",Tier_1_Gold,None,35.091502,-92.415852,300.0,84,0.992099,0.125461,Interior_Prairie_Midwest,data/raw_vouchers/NCU00385144.jpg
BAYLU034320,BAYLU,Packera tomentosa C.Jeffrey,D.K. Trock,Tier_1_Gold,None,34.427461,-97.147391,837.0,84,0.992099,0.125461,Interior_Prairie_Midwest,data/raw_vouchers/BAYLU034320.jpg
NCU00377793,NCU,Packera dubia (Spreng.) Trock & Mabb.,"Fuller, J. Brandon",Tier_1_Gold,None,35.611382,-77.373136,3000.0,108,0.959079,-0.283139,Coastal_Plain_Sandhills,data/raw_vouchers/NCU00377793.jpg
NCU00385145,NCU,Packera dubia (Spreng.) Trock & Mabb.,"Fuller, J. Brandon",Tier_1_Gold,None,34.316204,-93.170734,3036.0,98,0.99339,-0.114788,Interior_Prairie_Midwest,data/raw_vouchers/NCU00385145.jpg
NCU00385193,NCU,Packera dubia (Spreng.) Trock & Mabb.,"Fuller, J. Brandon",Tier_1_Gold,None,33.146508,-85.621623,3036.0,106,0.968251,-0.249981,Piedmont_Granite_Flatrocks,data/raw_vouchers/NCU00385193.jpg
NCU00385154,NCU,Packera dubia (Spreng.) Trock & Mabb.,"Fuller, J. Brandon",Tier_1_Gold,None,34.332036,-92.913228,3000.0,105,0.972408,-0.233289,Interior_Prairie_Midwest,data/raw_vouchers/NCU00385154.jpg
WCUH0005815,WCUH,Packera tomentosa C.Jeffrey,"Helms, Mary C.",Tier_3_Bronze,None,35.611382,-77.373136,3000.0,108,0.959079,-0.283139,Coastal_Plain_Sandhills,data/raw_vouchers/WCUH0005815.jpg
USMS_000007762,USMS,Packera tomentosa C.Jeffrey,"Davis, Robert",Tier_3_Bronze,None,35.699326,-77.513026,729.0,108,0.959079,-0.283139,Coastal_Plain_Sandhills,data/raw_vouchers/USMS_000007762.jpg
NCU00385152,NCU,Packera dubia (Spreng.) Trock & Mabb.,"Fuller, J. Brandon",Tier_1_Gold,None,34.989535,-93.297404,3000.0,106,0.968251,-0.249981,Interior_Prairie_Midwest,data/raw_vouchers/NCU00385152.jpg
NCU00385189,NCU,Packera dubia (Spreng.) Trock & Mabb.,"Fuller, J. Brandon",Tier_1_Gold,None,36.775062,-76.160902,309.0,113,0.93121,-0.364483,Coastal_Plain_Sandhills,data/raw_vouchers/NCU00385189.jpg
NCU00385153,NCU,Packera dubia (Spreng.) Trock & Mabb.,"Fuller, J. Brandon",Tier_1_Gold,None,34.989535,-93.297404,3000.0,106,0.968251,-0.249981,Interior_Prairie_Midwest,data/raw_vouchers/NCU00385153.jpg
NCU00385185,NCU,Packera dubia (Spreng.) Trock & Mabb.,"Fuller, J. Brandon",Tier_1_Gold,None,36.768962,-76.159034,905.0,113,0.93121,-0.364483,Coastal_Plain_Sandhills,data/raw_vouchers/NCU00385185.jpg
ODU00011153,ODU,Packera tomentosa C.Jeffrey,J. Mc Laughlin,Tier_3_Bronze,None,36.775595,-76.159657,309.0,113,0.93121,-0.364483,Coastal_Plain_Sandhills,data/raw_vouchers/ODU00011153.jpg
ODU00011112,ODU,Packera tomentosa C.Jeffrey,C. Kimsey,Tier_3_Bronze,None,36.90605,-76.197645,886.0,110,0.948772,-0.315962,Coastal_Plain_Sandhills,data/raw_vouchers/ODU00011112.jpg
ODU00011156,ODU,Packera tomentosa C.Jeffrey,C. Kimsey,Tier_3_Bronze,None,36.805356,-76.349082,364.0,127,0.817401,-0.576069,Coastal_Plain_Sandhills,data/raw_vouchers/ODU00011156.jpg
ODU00011155,ODU,Packera tomentosa C.Jeffrey,Sarah Dickey,Tier_3_Bronze,None,36.456821,-76.108542,871.0,123,0.855075,-0.518505,Coastal_Plain_Sandhills,data/raw_vouchers/ODU00011155.jpg
LL00007228,TEX,Packera tomentosa C.Jeffrey,"Turner, Billie Lee",Tier_2_Silver,None,31.042092,-94.326698,1600.0,58,0.840248,0.542202,Interior_Prairie_Midwest,data/raw_vouchers/LL00007228.jpg
NCU00130072,NCU,Packera dubia (Spreng.) Trock & Mabb.,"Fuller, J. Brandon",Tier_1_Gold,None,35.380644,-90.726209,969.0,115,0.918121,-0.396299,Interior_Prairie_Midwest,data/raw_vouchers/NCU00130072.jpg
NCU00377774,NCU,Packera dubia (Spreng.) Trock & Mabb.,"Fuller, J. Brandon",Tier_1_Gold,None,36.28016,-75.892696,301.0,100,0.988854,-0.14889,Coastal_Plain_Sandhills,data/raw_vouchers/NCU00377774.jpg
NCU00385172,NCU,Packera dubia (Spreng.) Trock & Mabb.,"Fuller, J. Brandon",Tier_1_Gold,None,33.794836,-83.713229,3000.0,117,0.903946,-0.427646,Piedmont_Granite_Flatrocks,data/raw_vouchers/NCU00385172.jpg
NCU00384960,NCU,Packera dubia (Spreng.) Trock & Mabb.,"Fuller, J. Brandon",Tier_1_Gold,None,31.402676,-92.86821,3000.0,94,0.998932,-0.046215,Coastal_Plain_Sandhills,data/raw_vouchers/NCU00384960.jpg
ODU00011150,ODU,Packera tomentosa C.Jeffrey,J.R. Wells,Tier_3_Bronze,None,36.590907,-76.38197,3348.0,114,0.924803,-0.380447,Coastal_Plain_Sandhills,data/raw_vouchers/ODU00011150.jpg
MARY1052500,MARY,Packera tomentosa C.Jeffrey,E. A. Higgins,Tier_3_Bronze,None,38.123452,-75.194911,602.0,112,0.937342,-0.348411,Coastal_Plain_Sandhills,data/raw_vouchers/MARY1052500.jpg
UNCC_51358,UNCC,Packera dubia (Spreng.) Trock & Mabb.,"Podolsky, Diane",Tier_3_Bronze,None,34.669335,-80.517764,2465.0,103,0.979857,-0.199702,Piedmont_Granite_Flatrocks,data/raw_vouchers/UNCC_51358.jpg
UNCC_51762,UNCC,Packera dubia (Spreng.) Trock & Mabb.,"Podolsky, Diane",Tier_3_Bronze,None,34.673041,-80.504225,1813.0,103,0.979857,-0.199702,Piedmont_Granite_Flatrocks,data/raw_vouchers/UNCC_51762.jpg
ODU00011128,ODU,Packera tomentosa C.Jeffrey,J.R. Wells,Tier_3_Bronze,None,37.153727,-76.514851,607.0,135,0.730644,-0.682758,Coastal_Plain_Sandhills,data/raw_vouchers/ODU00011128.jpg
IND-0137727,IND,Packera tomentosa C.Jeffrey,Harry E. Ahles,Tier_3_Bronze,None,34.663475,-80.518108,800.0,110,0.948772,-0.315962,Piedmont_Granite_Flatrocks,data/raw_vouchers/IND-0137727.jpg
NCU00027974,NCU,Packera dubia (Spreng.) Trock & Mabb.,"Fuller, J. Brandon",Tier_1_Gold,None,33.967892,-83.005144,3036.0,97,0.995218,-0.097683,Piedmont_Granite_Flatrocks,data/raw_vouchers/NCU00027974.jpg
NCU00385182,NCU,Packera dubia (Spreng.) Trock & Mabb.,"Fuller, J. Brandon",Tier_1_Gold,None,36.61672,-76.916391,677.0,173,0.164818,-0.986324,Coastal_Plain_Sandhills,data/raw_vouchers/NCU00385182.jpg
NCU00385188,NCU,Packera dubia (Spreng.) Trock & Mabb.,"Fuller, J. Brandon",Tier_1_Gold,None,36.765348,-77.45968,3735.0,187,-0.07519,-0.997169,Coastal_Plain_Sandhills,data/raw_vouchers/NCU00385188.jpg
NCU00385180,NCU,Packera dubia (Spreng.) Trock & Mabb.,"Fuller, J. Brandon",Tier_1_Gold,None,36.685983,-77.542481,3036.0,114,0.924803,-0.380447,Coastal_Plain_Sandhills,data/raw_vouchers/NCU00385180.jpg
NCU00385155,NCU,Packera dubia (Spreng.) Trock & Mabb.,"Fuller, J. Brandon",Tier_1_Gold,None,30.471008,-84.583245,5000.0,81,0.984306,0.176471,Coastal_Plain_Sandhills,data/raw_vouchers/NCU00385155.jpg
NCU00377791,NCU,Packera dubia (Spreng.) Trock & Mabb.,"Fuller, J. Brandon",Tier_1_Gold,None,34.462075,-78.071937,3000.0,98,0.99339,-0.114788,Piedmont_Granite_Flatrocks,data/raw_vouchers/NCU00377791.jpg
ODU00011124,ODU,Packera tomentosa C.Jeffrey,unknown,Tier_3_Bronze,None,36.765901,-76.158101,1739.0,108,0.959079,-0.283139,Coastal_Plain_Sandhills,data/raw_vouchers/ODU00011124.jpg
BRIT00261,BRIT,Packera tomentosa C.Jeffrey,D. K. Trock,Tier_1_Gold,None,33.551983,-94.794889,529.0,100,0.988854,-0.14889,Interior_Prairie_Midwest,data/raw_vouchers/BRIT00261.jpg
NCU00377924,NCU,Packera dubia (Spreng.) Trock & Mabb.,"Fuller, J. Brandon",Tier_1_Gold,None,34.668759,-80.52701,1807.0,116,0.911169,-0.412034,Piedmont_Granite_Flatrocks,data/raw_vouchers/NCU00377924.jpg
NCU00385200,NCU,Packera dubia (Spreng.) Trock & Mabb.,"Fuller, J. Brandon",Tier_1_Gold,None,32.508757,-92.24736,3000.0,100,0.988854,-0.14889,Coastal_Plain_Sandhills,data/raw_vouchers/NCU00385200.jpg
NCU00377919,NCU,Packera dubia (Spreng.) Trock & Mabb.,"Fuller, J. Brandon",Tier_1_Gold,None,35.071284,-82.622569,1497.0,120,0.880683,-0.473706,Appalachian_Highlands,data/raw_vouchers/NCU00377919.jpg
NCU00377786,NCU,Packera dubia (Spreng.) Trock & Mabb.,"Fuller, J. Brandon",Tier_1_Gold,None,36.440073,-77.345431,300.0,108,0.959079,-0.283139,Coastal_Plain_Sandhills,data/raw_vouchers/NCU00377786.jpg
NCU00377780,NCU,Packera dubia (Spreng.) Trock & Mabb.,"Fuller, J. Brandon",Tier_1_Gold,None,36.528441,-77.055519,2099.0,109,0.954067,-0.299595,Coastal_Plain_Sandhills,data/raw_vouchers/NCU00377780.jpg
NCU00377776,NCU,Packera dubia (Spreng.) Trock & Mabb.,"Fuller, J. Brandon",Tier_1_Gold,None,35.979223,-77.739866,3000.0,113,0.93121,-0.364483,Coastal_Plain_Sandhills,data/raw_vouchers/NCU00377776.jpg
NCU00377800,NCU,Packera dubia (Spreng.) Trock & Mabb.,"Fuller, J. Brandon",Tier_1_Gold,None,35.83947,-76.760537,2521.0,116,0.911169,-0.412034,Coastal_Plain_Sandhills,data/raw_vouchers/NCU00377800.jpg
NCU00377917,NCU,Packera dubia (Spreng.) Trock & Mabb.,"Fuller, J. Brandon",Tier_1_Gold,None,35.071284,-82.622569,1497.0,120,0.880683,-0.473706,Appalachian_Highlands,data/raw_vouchers/NCU00377917.jpg
NCU00377787,NCU,Packera dubia (Spreng.) Trock & Mabb.,"Fuller, J. Brandon",Tier_1_Gold,None,35.112293,-76.913274,2428.0,110,0.948772,-0.315962,Coastal_Plain_Sandhills,data/raw_vouchers/NCU00377787.jpg
NCU00384961,NCU,Packera dubia (Spreng.) Trock & Mabb.,"Fuller, J. Brandon",Tier_1_Gold,None,30.906303,-92.789759,306.0,94,0.998932,-0.046215,Coastal_Plain_Sandhills,data/raw_vouchers/NCU00384961.jpg
NCU00385157,NCU,Packera dubia (Spreng.) Trock & Mabb.,"Fuller, J. Brandon",Tier_1_Gold,None,30.957676,-85.111372,3000.0,94,0.998932,-0.046215,Coastal_Plain_Sandhills,data/raw_vouchers/NCU00385157.jpg
NCU00377772,NCU,Packera dubia (Spreng.) Trock & Mabb.,"Fuller, J. Brandon",Tier_1_Gold,None,36.057541,-76.676861,809.0,129,0.797102,-0.603845,Coastal_Plain_Sandhills,data/raw_vouchers/NCU00377772.jpg
NCU00377778,NCU,Packera dubia (Spreng.) Trock & Mabb.,"Fuller, J. Brandon",Tier_1_Gold,None,36.442631,-76.555731,300.0,129,0.797102,-0.603845,Coastal_Plain_Sandhills,data/raw_vouchers/NCU00377778.jpg
NCU00377769,NCU,Packera dubia (Spreng.) Trock & Mabb.,"Fuller, J. Brandon",Tier_1_Gold,None,35.536295,-77.06478,1535.0,137,0.706727,-0.707487,Coastal_Plain_Sandhills,data/raw_vouchers/NCU00377769.jpg
NCU00377781,NCU,Packera dubia (Spreng.) Trock & Mabb.,"Fuller, J. Brandon",Tier_1_Gold,None,35.585079,-76.485053,1986.0,138,0.694452,-0.719539,Coastal_Plain_Sandhills,data/raw_vouchers/NCU00377781.jpg
NCU00385195,NCU,Packera dubia (Spreng.) Trock & Mabb.,"Fuller, J. Brandon",Tier_1_Gold,None,30.719131,-93.228774,3000.0,68,0.920659,0.390368,Coastal_Plain_Sandhills,data/raw_vouchers/NCU00385195.jpg
NCU00377930,NCU,Packera dubia (Spreng.) Trock & Mabb.,"Fuller, J. Brandon",Tier_1_Gold,None,33.851102,-81.683744,3039.0,96,0.996751,-0.080549,Appalachian_Highlands,data/raw_vouchers/NCU00377930.jpg
NCU00377922,NCU,Packera dubia (Spreng.) Trock & Mabb.,"Fuller, J. Brandon",Tier_1_Gold,None,34.67077,-80.52143,1666.0,105,0.972408,-0.233289,Piedmont_Granite_Flatrocks,data/raw_vouchers/NCU00377922.jpg
NCU00377796,NCU,Packera dubia (Spreng.) Trock & Mabb.,"Fuller, J. Brandon",Tier_1_Gold,None,35.543445,-80.49087,567.0,102,0.983147,-0.182817,Piedmont_Granite_Flatrocks,data/raw_vouchers/NCU00377796.jpg
NCU00377775,NCU,Packera dubia (Spreng.) Trock & Mabb.,"Fuller, J. Brandon",Tier_1_Gold,None,35.071786,-78.120944,300.0,117,0.903946,-0.427646,Piedmont_Granite_Flatrocks,data/raw_vouchers/NCU00377775.jpg
NCU00377797,NCU,Packera dubia (Spreng.) Trock & Mabb.,"Fuller, J. Brandon",Tier_1_Gold,None,34.99414,-78.280779,300.0,125,0.836733,-0.547611,Piedmont_Granite_Flatrocks,data/raw_vouchers/NCU00377797.jpg
NCU00377798,NCU,Packera dubia (Spreng.) Trock & Mabb.,"Fuller, J. Brandon",Tier_1_Gold,None,34.99414,-78.280779,300.0,125,0.836733,-0.547611,Piedmont_Granite_Flatrocks,data/raw_vouchers/NCU00377798.jpg
NCU00377931,NCU,Packera dubia (Spreng.) Trock & Mabb.,"Fuller, J. Brandon",Tier_1_Gold,None,35.105154,-81.205115,300.0,156,0.442168,-0.896932,Piedmont_Granite_Flatrocks,data/raw_vouchers/NCU00377931.jpg
NCU00377932,NCU,Packera dubia (Spreng.) Trock & Mabb.,"Fuller, J. Brandon",Tier_1_Gold,None,35.105154,-81.205115,300.0,156,0.442168,-0.896932,Piedmont_Granite_Flatrocks,data/raw_vouchers/NCU00377932.jpg
NCU00385168,NCU,Packera dubia (Spreng.) Trock & Mabb.,"Fuller, J. Brandon",Tier_1_Gold,None,31.804685,-84.170742,3000.0,78,0.973892,0.227011,Appalachian_Highlands,data/raw_vouchers/NCU00385168.jpg
NCU00377770,NCU,Packera dubia (Spreng.) Trock & Mabb.,"Fuller, J. Brandon",Tier_1_Gold,None,36.225712,-76.933011,3000.0,116,0.911169,-0.412034,Coastal_Plain_Sandhills,data/raw_vouchers/NCU00377770.jpg
NCU00377784,NCU,Packera dubia (Spreng.) Trock & Mabb.,"Fuller, J. Brandon",Tier_1_Gold,None,35.824881,-77.254108,1746.0,114,0.924803,-0.380447,Coastal_Plain_Sandhills,data/raw_vouchers/NCU00377784.jpg
NCU00385159,NCU,Packera dubia (Spreng.) Trock & Mabb.,"Fuller, J. Brandon",Tier_1_Gold,None,28.862148,-81.936448,3000.0,92,0.99993,-0.011826,Coastal_Plain_Sandhills,data/raw_vouchers/NCU00385159.jpg
NCU00385160,NCU,Packera dubia (Spreng.) Trock & Mabb.,"Fuller, J. Brandon",Tier_1_Gold,None,28.862148,-81.936448,3000.0,92,0.99993,-0.011826,Coastal_Plain_Sandhills,data/raw_vouchers/NCU00385160.jpg
NCU00377785,NCU,Packera dubia (Spreng.) Trock & Mabb.,"Fuller, J. Brandon",Tier_1_Gold,None,36.104872,-78.000357,3000.0,122,0.863867,-0.50372,Piedmont_Granite_Flatrocks,data/raw_vouchers/NCU00377785.jpg
NCU00377779,NCU,Packera dubia (Spreng.) Trock & Mabb.,"Fuller, J. Brandon",Tier_1_Gold,None,35.608394,-77.657752,1197.0,123,0.855075,-0.518505,Coastal_Plain_Sandhills,data/raw_vouchers/NCU00377779.jpg
NCU00377777,NCU,Packera dubia (Spreng.) Trock & Mabb.,"Fuller, J. Brandon",Tier_1_Gold,None,36.0886,-78.176903,1237.0,192,-0.160575,-0.987024,Piedmont_Granite_Flatrocks,data/raw_vouchers/NCU00377777.jpg
MARY1052503,MARY,Packera tomentosa C.Jeffrey,unknown,Tier_3_Bronze,None,38.258497,-76.496146,3036.0,120,0.880683,-0.473706,Appalachian_Highlands,data/raw_vouchers/MARY1052503.jpg
MARY1052506,MARY,Packera tomentosa C.Jeffrey,unknown,Tier_3_Bronze,None,38.236792,-76.497176,3000.0,120,0.880683,-0.473706,Appalachian_Highlands,data/raw_vouchers/MARY1052506.jpg
3119605,NY,Packera tomentosa C.Jeffrey,D. Demarée,Tier_3_Bronze,None,34.617967,-92.488017,4811.0,94,0.998932,-0.046215,Interior_Prairie_Midwest,data/raw_vouchers/3119605.jpg
NCU00385192,NCU,Packera dubia (Spreng.) Trock & Mabb.,"Fuller, J. Brandon",Tier_1_Gold,None,33.146424,-85.621632,3000.0,110,0.948772,-0.315962,Piedmont_Granite_Flatrocks,data/raw_vouchers/NCU00385192.jpg
NCU00385151,NCU,Packera dubia (Spreng.) Trock & Mabb.,"Fuller, J. Brandon",Tier_1_Gold,None,34.595926,-92.489047,3000.0,94,0.998932,-0.046215,Interior_Prairie_Midwest,data/raw_vouchers/NCU00385151.jpg
246704,WS,Packera tomentosa C.Jeffrey,Nomenclature update,Tier_3_Bronze,None,34.60863,-92.486,5000.0,94,0.998932,-0.046215,Interior_Prairie_Midwest,data/raw_vouchers/246704.jpg
NCU00006853,NCU,Packera dubia (Spreng.) Trock & Mabb.,"Fuller, J. Brandon",Tier_1_Gold,None,36.251449,-76.314385,1754.0,141,0.656411,-0.754404,Coastal_Plain_Sandhills,data/raw_vouchers/NCU00006853.jpg
NCU00385183,NCU,Packera dubia (Spreng.) Trock & Mabb.,"Fuller, J. Brandon",Tier_1_Gold,None,36.735587,-76.63468,771.0,126,0.827189,-0.561923,Coastal_Plain_Sandhills,data/raw_vouchers/NCU00385183.jpg
201298,WS,Packera tomentosa C.Jeffrey,Nomenclature update,Tier_3_Bronze,None,36.724665,-76.63954,750.0,126,0.827189,-0.561923,Coastal_Plain_Sandhills,data/raw_vouchers/201298.jpg
19400,WILLI,Packera tomentosa C.Jeffrey,"Trock, Debra",Tier_1_Gold,None,37.264418,-76.745223,1950.0,140,0.66929,-0.743001,Coastal_Plain_Sandhills,data/raw_vouchers/19400.jpg
BRIT00262,BRIT,Packera tomentosa C.Jeffrey,D. K. Trock,Tier_1_Gold,None,33.610477,-94.83703,3000.0,89,0.999209,0.03977,Interior_Prairie_Midwest,data/raw_vouchers/BRIT00262.jpg
19399,WILLI,Packera tomentosa C.Jeffrey,"Trock, Debra",Tier_1_Gold,None,36.763659,-76.491547,2614.0,175,0.130793,-0.99141,Coastal_Plain_Sandhills,data/raw_vouchers/19399.jpg
19398,WILLI,Packera tomentosa C.Jeffrey,"Trock, Debra",Tier_1_Gold,None,36.786271,-76.238827,2275.0,229,-0.715795,-0.69831,Coastal_Plain_Sandhills,data/raw_vouchers/19398.jpg
178000,WS,Packera tomentosa C.Jeffrey,Nomenclature update,Tier_3_Bronze,None,33.696629,-84.01769,1500.0,135,0.730644,-0.682758,Piedmont_Granite_Flatrocks,data/raw_vouchers/178000.jpg
NCU00385163,NCU,Packera dubia (Spreng.) Trock & Mabb.,"Fuller, J. Brandon",Tier_1_Gold,None,33.665109,-84.11825,1807.0,109,0.954067,-0.299595,Piedmont_Granite_Flatrocks,data/raw_vouchers/NCU00385163.jpg
IND-0137729,IND,Packera tomentosa C.Jeffrey,Benjamin C. Tharp; C. M. Rowell & C. L. York,Tier_3_Bronze,None,31.525894,-94.120985,1450.0,96,0.996751,-0.080549,Interior_Prairie_Midwest,data/raw_vouchers/IND-0137729.jpg
3119526,NY,Packera tomentosa C.Jeffrey,D. Demarée,Tier_3_Bronze,None,35.978545,-90.863877,484.0,123,0.855075,-0.518505,Interior_Prairie_Midwest,data/raw_vouchers/3119526.jpg
GA079555,GA,Packera tomentosa C.Jeffrey,"Dorsey, G",Tier_3_Bronze,None,33.806217,-84.14575,966.0,222,-0.626727,-0.779239,Appalachian_Highlands,data/raw_vouchers/GA079555.jpg
3119595,NY,Packera tomentosa C.Jeffrey,D. Demarée,Tier_3_Bronze,None,33.624423,-91.797144,4933.0,114,0.924803,-0.380447,Interior_Prairie_Midwest,data/raw_vouchers/3119595.jpg
3119606,NY,Packera tomentosa C.Jeffrey,D. Demarée,Tier_3_Bronze,None,33.108073,-92.359706,1248.0,111,0.943196,-0.332235,Interior_Prairie_Midwest,data/raw_vouchers/3119606.jpg
3119512,NY,Packera tomentosa C.Jeffrey,D. Demarée,Tier_3_Bronze,None,33.108073,-92.359706,1248.0,111,0.943196,-0.332235,Interior_Prairie_Midwest,data/raw_vouchers/3119512.jpg
NCU00377927,NCU,Packera dubia (Spreng.) Trock & Mabb.,"Fuller, J. Brandon",Tier_1_Gold,None,34.562347,-79.782284,300.0,111,0.943196,-0.332235,Piedmont_Granite_Flatrocks,data/raw_vouchers/NCU00377927.jpg
NCU00377916,NCU,Packera dubia (Spreng.) Trock & Mabb.,"Fuller, J. Brandon",Tier_1_Gold,None,34.02892,-79.753121,300.0,92,0.99993,-0.011826,Piedmont_Granite_Flatrocks,data/raw_vouchers/NCU00377916.jpg
UARK012543,UARK,Packera tomentosa C.Jeffrey,G. M. Merrill,Tier_3_Bronze,None,34.799558,-92.280144,2441.0,94,0.998932,-0.046215,Interior_Prairie_Midwest,data/raw_vouchers/UARK012543.jpg
PH00249822,ANSP,Packera tomentosa C.Jeffrey,T.M. Barkley,Tier_1_Gold,None,43.9695,-74.124346,1020.0,171,0.198648,-0.980071,Appalachian_Highlands,data/raw_vouchers/PH00249822.jpg
NCU00377767,NCU,Packera dubia (Spreng.) Trock & Mabb.,"Fuller, J. Brandon",Tier_1_Gold,None,35.503037,-77.052174,1000.0,114,0.924803,-0.380447,Coastal_Plain_Sandhills,data/raw_vouchers/NCU00377767.jpg
131390,WS,Packera tomentosa C.Jeffrey,Nomenclature update,Tier_3_Bronze,None,33.588452,-91.806117,1500.0,93,0.999579,-0.029025,Interior_Prairie_Midwest,data/raw_vouchers/131390.jpg
GA079545,GA,Packera tomentosa C.Jeffrey,"Johnson, A",Tier_3_Bronze,None,33.806217,-84.14575,966.0,127,0.817401,-0.576069,Appalachian_Highlands,data/raw_vouchers/GA079545.jpg
GA079541,GA,Packera tomentosa C.Jeffrey,"J., AW",Tier_3_Bronze,None,33.806217,-84.14575,966.0,127,0.817401,-0.576069,Appalachian_Highlands,data/raw_vouchers/GA079541.jpg
NCU00385164,NCU,Packera dubia (Spreng.) Trock & Mabb.,"Fuller, J. Brandon",Tier_1_Gold,None,31.134562,-84.98215,3000.0,57,0.830797,0.556576,Appalachian_Highlands,data/raw_vouchers/NCU00385164.jpg
GA079540,GA,Packera tomentosa C.Jeffrey,"Whitaker, T",Tier_3_Bronze,None,33.806217,-84.14575,966.0,81,0.984306,0.176471,Appalachian_Highlands,data/raw_vouchers/GA079540.jpg
3119501,NY,Packera tomentosa C.Jeffrey,Mrs. C. E. Moldenke,Tier_3_Bronze,None,38.176118,-75.392009,1979.0,134,0.742281,-0.670089,Appalachian_Highlands,data/raw_vouchers/3119501.jpg
PH00249802,ANSP,Packera tomentosa C.Jeffrey,Esther L. Larsen,Tier_3_Bronze,None,38.734501,-75.236528,1064.0,130,0.786597,-0.617467,Appalachian_Highlands,data/raw_vouchers/PH00249802.jpg
PH00249820,ANSP,Packera tomentosa C.Jeffrey,Esther L. Larsen,Tier_3_Bronze,None,38.716485,-75.086945,1918.0,130,0.786597,-0.617467,Appalachian_Highlands,data/raw_vouchers/PH00249820.jpg
PH00249821,ANSP,Packera tomentosa C.Jeffrey,Katharine R. Guest,Tier_3_Bronze,None,44.3333,-74.15,2199.0,195,-0.211276,-0.977426,Appalachian_Highlands,data/raw_vouchers/PH00249821.jpg
DUKE10121444,DUKE,Packera tomentosa C.Jeffrey,"Trock, D. K.",Tier_1_Gold,None,35.998492,-76.946064,3000.0,108,0.959079,-0.283139,Coastal_Plain_Sandhills,data/raw_vouchers/DUKE10121444.jpg
3119500,NY,Packera tomentosa C.Jeffrey,H. N. Moldenke,Tier_3_Bronze,None,38.176118,-75.392009,1979.0,133,0.753698,-0.657221,Appalachian_Highlands,data/raw_vouchers/3119500.jpg
TTC010615,TTC,Packera tomentosa C.Jeffrey,Nomenclatural Adjustment,Tier_3_Bronze,None,36.852926,-75.977985,3036.0,150,0.532227,-0.846602,Coastal_Plain_Sandhills,data/raw_vouchers/TTC010615.jpg
PH00249803,ANSP,Packera tomentosa C.Jeffrey,Y.M. Barkeley,Tier_3_Bronze,None,38.719108,-75.385473,1980.0,201,-0.310857,-0.950457,Appalachian_Highlands,data/raw_vouchers/PH00249803.jpg
3119520,NY,Packera tomentosa C.Jeffrey,G. Haas,Tier_3_Bronze,None,35.088809,-92.484832,1138.0,126,0.827189,-0.561923,Interior_Prairie_Midwest,data/raw_vouchers/3119520.jpg
GA079577,GA,Packera tomentosa C.Jeffrey,"Rainwater, H",Tier_3_Bronze,None,33.806217,-84.14575,966.0,60,0.858402,0.512978,Appalachian_Highlands,data/raw_vouchers/GA079577.jpg
PH00249824,ANSP,Packera tomentosa C.Jeffrey,Bertha Brown Lambert,Tier_3_Bronze,None,43.782564,-74.271816,1190.0,194,-0.194431,-0.980916,Appalachian_Highlands,data/raw_vouchers/PH00249824.jpg
PH00249825,ANSP,Packera tomentosa C.Jeffrey,T.M. Barkley,Tier_1_Gold,None,43.782564,-74.271816,1190.0,192,-0.160575,-0.987024,Appalachian_Highlands,data/raw_vouchers/PH00249825.jpg
PH00249801,ANSP,Packera tomentosa C.Jeffrey,Y.M. Barkeley,Tier_3_Bronze,None,38.596224,-75.172685,1256.0,167,0.265563,-0.964094,Appalachian_Highlands,data/raw_vouchers/PH00249801.jpg
PH00249808,ANSP,Packera tomentosa C.Jeffrey,T.M. Barkley,Tier_1_Gold,None,38.596224,-75.172685,1256.0,167,0.265563,-0.964094,Appalachian_Highlands,data/raw_vouchers/PH00249808.jpg
PH00249826,ANSP,Packera tomentosa C.Jeffrey,Hugh E. Stone,Tier_3_Bronze,None,43.86111,-74.456871,2171.0,197,-0.244772,-0.969581,Appalachian_Highlands,data/raw_vouchers/PH00249826.jpg
PH00249823,ANSP,Packera tomentosa C.Jeffrey,Hugh E. Stone,Tier_3_Bronze,None,43.86111,-74.456871,2171.0,197,-0.244772,-0.969581,Appalachian_Highlands,data/raw_vouchers/PH00249823.jpg
PH00249809,ANSP,Packera tomentosa C.Jeffrey,J.P. Otis,Tier_3_Bronze,None,39.067058,-75.735209,2017.0,136,0.718792,-0.695225,Appalachian_Highlands,data/raw_vouchers/PH00249809.jpg
UARK012541,UARK,Packera tomentosa C.Jeffrey,Brent Baker,Tier_3_Bronze,None,34.780926,-91.580965,4480.0,81,0.984306,0.176471,Interior_Prairie_Midwest,data/raw_vouchers/UARK012541.jpg
3119517,NY,Packera tomentosa C.Jeffrey,R. M. Harper,Tier_3_Bronze,None,34.78176,-91.49374,1698.0,98,0.99339,-0.114788,Interior_Prairie_Midwest,data/raw_vouchers/3119517.jpg
NCU00377794,NCU,Packera dubia (Spreng.) Trock & Mabb.,"Fuller, J. Brandon",Tier_1_Gold,None,35.20817,-82.238448,1727.0,108,0.959079,-0.283139,Appalachian_Highlands,data/raw_vouchers/NCU00377794.jpg
3119546,NY,Packera tomentosa C.Jeffrey,K. K. Mackenzie,Tier_3_Bronze,None,38.966779,-74.916284,3036.0,155,0.457531,-0.889193,Appalachian_Highlands,data/raw_vouchers/3119546.jpg
03119586,NY,Packera tomentosa C.Jeffrey,K. K. Mackenzie,Tier_3_Bronze,None,38.983446,-74.901283,3036.0,205,-0.37547,-0.926834,Appalachian_Highlands,data/raw_vouchers/03119586.jpg
PH00249811,ANSP,Packera tomentosa C.Jeffrey,Joel J. Carter,Tier_3_Bronze,None,38.460392,-75.220744,1734.0,138,0.694452,-0.719539,Appalachian_Highlands,data/raw_vouchers/PH00249811.jpg
238444,WS,Packera tomentosa C.Jeffrey,Nomenclature update,Tier_3_Bronze,None,38.460392,-75.220744,2000.0,138,0.694452,-0.719539,Appalachian_Highlands,data/raw_vouchers/238444.jpg
PH00249810,ANSP,Packera tomentosa C.Jeffrey,Charles S. Williamson,Tier_3_Bronze,None,38.690113,-75.385473,1537.0,186,-0.058026,-0.998315,Appalachian_Highlands,data/raw_vouchers/PH00249810.jpg
IND-0137725,IND,Packera tomentosa C.Jeffrey,[Anonymous],Tier_3_Bronze,None,33.80422,-84.147896,950.0,101,0.986146,-0.165878,Appalachian_Highlands,data/raw_vouchers/IND-0137725.jpg
GA079603,GA,Packera tomentosa C.Jeffrey,"Curtiss, A",Tier_3_Bronze,None,33.806217,-84.14575,966.0,126,0.827189,-0.561923,Appalachian_Highlands,data/raw_vouchers/GA079603.jpg
3119550,NY,Packera tomentosa C.Jeffrey,B. F. Bush,Tier_3_Bronze,None,33.805749,-93.393709,3425.0,98,0.99339,-0.114788,Interior_Prairie_Midwest,data/raw_vouchers/3119550.jpg
NCU00385147,NCU,Packera dubia (Spreng.) Trock & Mabb.,"Fuller, J. Brandon",Tier_1_Gold,None,33.802611,-93.381006,3000.0,98,0.99339,-0.114788,Interior_Prairie_Midwest,data/raw_vouchers/NCU00385147.jpg
232447,NY,Senecio alabamensis Britton,F. S. Earle,Tier_1_Gold,Isotype,31.2167,-85.3833,301.0,118,0.896456,-0.443132,Interior_Prairie_Midwest,data/raw_vouchers/232447.jpg
232445,NY,Senecio alabamensis Britton,F. S. Earle,Tier_1_Gold,Holotype,31.2167,-85.3833,301.0,118,0.896456,-0.443132,Interior_Prairie_Midwest,data/raw_vouchers/232445.jpg
NCU00385161,NCU,Packera dubia (Spreng.) Trock & Mabb.,"Fuller, J. Brandon",Tier_1_Gold,None,33.806217,-84.145751,1746.0,134,0.742281,-0.670089,Appalachian_Highlands,data/raw_vouchers/NCU00385161.jpg
3119554,NY,Packera tomentosa C.Jeffrey,J. A. Crawford,Tier_3_Bronze,None,38.935113,-74.906005,3624.0,167,0.265563,-0.964094,Appalachian_Highlands,data/raw_vouchers/3119554.jpg
3119594,NY,Packera tomentosa C.Jeffrey,Illegible collector name,Tier_3_Bronze,None,34.794271,-91.903466,2987.0,115,0.918121,-0.396299,Interior_Prairie_Midwest,data/raw_vouchers/3119594.jpg
3119587,NY,Packera tomentosa C.Jeffrey,C. A. Gross,Tier_3_Bronze,None,39.524838,-74.938226,3036.0,146,0.589176,-0.808005,Appalachian_Highlands,data/raw_vouchers/3119587.jpg
PH00249813,ANSP,Packera tomentosa C.Jeffrey,Albert Commons,Tier_3_Bronze,None,38.499067,-75.285036,4833.0,169,0.232243,-0.972658,Appalachian_Highlands,data/raw_vouchers/PH00249813.jpg
PH00249805,ANSP,Packera tomentosa C.Jeffrey,Albert Commons,Tier_3_Bronze,None,38.591502,-75.291302,2589.0,144,0.616621,-0.78726,Appalachian_Highlands,data/raw_vouchers/PH00249805.jpg
PH00249806,ANSP,Packera tomentosa C.Jeffrey,Albert Commons,Tier_3_Bronze,None,38.556504,-75.571314,2594.0,150,0.532227,-0.846602,Appalachian_Highlands,data/raw_vouchers/PH00249806.jpg
PH00249807,ANSP,Packera tomentosa C.Jeffrey,Albert Commons,Tier_3_Bronze,None,38.479262,-75.409532,3768.0,216,-0.543105,-0.839665,Appalachian_Highlands,data/raw_vouchers/PH00249807.jpg
UCHT048088,UTC,Packera anonyma (Alph.Wood) W.A.Weber & Á.Löve,Andy Wall,Tier_3_Bronze,None,35.20261,-85.22267,200.0,149,0.546711,-0.837321,Interior_Prairie_Midwest,data/raw_vouchers/UCHT048088.jpg
UCHT048227,UTC,Packera anonyma (Alph.Wood) W.A.Weber & Á.Löve,Quinn Towery,Tier_3_Bronze,None,35.153924,-85.358737,200.0,155,0.457531,-0.889193,Interior_Prairie_Midwest,data/raw_vouchers/UCHT048227.jpg
IND-0165719,IND,Packera anonyma (Alph.Wood) W.A.Weber & Á.Löve,Wyatt Williams; Max Gerke,Tier_3_Bronze,None,38.466431,-86.203158,20.0,150,0.532227,-0.846602,Interior_Prairie_Midwest,data/raw_vouchers/IND-0165719.jpg
TENN-V-0255732,TENN,Packera anonyma (Alph.Wood) W.A.Weber & Á.Löve,Layla Dishman,Tier_3_Bronze,None,35.929419,-83.810456,101.0,149,0.546711,-0.837321,Interior_Prairie_Midwest,data/raw_vouchers/TENN-V-0255732.jpg
NCU00445769,NCU,Packera anonyma (Alph.Wood) W.A.Weber & Á.Löve,"Ungberg, Eric",Tier_2_Silver,None,36.126725,-78.764861,100.0,104,0.976277,-0.216527,Piedmont_Granite_Flatrocks,data/raw_vouchers/NCU00445769.jpg
VSC0085880,VSC,Packera anonyma (Alph.Wood) W.A.Weber & Á.Löve,R. Carter,Tier_3_Bronze,None,30.83234,-84.01347,20.0,117,0.903946,-0.427646,Appalachian_Highlands,data/raw_vouchers/VSC0085880.jpg
VSC0086281,VSC,Packera anonyma (Alph.Wood) W.A.Weber & Á.Löve,Richard Carter,Tier_3_Bronze,None,32.30223,-82.61314,50.0,108,0.959079,-0.283139,Interior_Prairie_Midwest,data/raw_vouchers/VSC0086281.jpg
NCU00444347,NCU,Packera anonyma (Alph.Wood) W.A.Weber & Á.Löve,"McCormick, Carol Ann",Tier_2_Silver,None,35.958567,-79.423863,9.0,151,0.517586,-0.855631,Piedmont_Granite_Flatrocks,data/raw_vouchers/NCU00444347.jpg
NCU00442051,NCU,Packera anonyma (Alph.Wood) W.A.Weber & Á.Löve,"McCormick, Carol Ann",Tier_2_Silver,None,35.496079,-79.955387,6.0,129,0.797102,-0.603845,Piedmont_Granite_Flatrocks,data/raw_vouchers/NCU00442051.jpg
NCU00453319,NCU,Packera anonyma (Alph.Wood) W.A.Weber & Á.Löve,"Basinger, Mark A.",Tier_2_Silver,None,36.0689,-86.2956,300.0,136,0.718792,-0.695225,Interior_Prairie_Midwest,data/raw_vouchers/NCU00453319.jpg
NCU00452882,NCU,Packera anonyma (Alph.Wood) W.A.Weber & Á.Löve,"Basinger, Mark A.",Tier_2_Silver,None,36.6311,-81.5914,300.0,195,-0.211276,-0.977426,Appalachian_Highlands,data/raw_vouchers/NCU00452882.jpg
NCU00434832,NCU,Packera anonyma (Alph.Wood) W.A.Weber & Á.Löve,"McCormick, Carol Ann",Tier_2_Silver,None,36.019144,-79.216602,51.0,117,0.903946,-0.427646,Piedmont_Granite_Flatrocks,data/raw_vouchers/NCU00434832.jpg
VSC0083502,VSC,Packera anonyma (Alph.Wood) W.A.Weber & Á.Löve,R. Carter,Tier_3_Bronze,None,31.9597,-82.66252,20.0,108,0.959079,-0.283139,Appalachian_Highlands,data/raw_vouchers/VSC0083502.jpg
NCU00451574,NCU,Packera anonyma (Alph.Wood) W.A.Weber & Á.Löve,"Basinger, Mark A.",Tier_2_Silver,None,34.7705,-76.9763,300.0,156,0.442168,-0.896932,Coastal_Plain_Sandhills,data/raw_vouchers/NCU00451574.jpg
NCU00452391,NCU,Packera anonyma (Alph.Wood) W.A.Weber & Á.Löve,"Adams, Nick",Tier_2_Silver,None,36.144,-79.038,300.0,156,0.442168,-0.896932,Piedmont_Granite_Flatrocks,data/raw_vouchers/NCU00452391.jpg
NCU00445950,NCU,Packera anonyma (Alph.Wood) W.A.Weber & Á.Löve,"Fuller, J. Brandon",Tier_1_Gold,None,31.634,-92.418,211.0,209,-0.438307,-0.898825,Coastal_Plain_Sandhills,data/raw_vouchers/NCU00445950.jpg
ncu00445949,NCU,Packera anonyma (Alph.Wood) W.A.Weber & Á.Löve,"Fuller, J. Brandon",Tier_1_Gold,None,31.634,-92.418,211.0,209,-0.438307,-0.898825,Coastal_Plain_Sandhills,data/raw_vouchers/ncu00445949.jpg
MOAR0025524,MOAR,Packera anonyma (Alph.Wood) W.A.Weber & Á.Löve,Ann F. Rhoads,Tier_3_Bronze,None,40.008305,-75.524257,644.0,137,0.706727,-0.707487,Interior_Prairie_Midwest,data/raw_vouchers/MOAR0025524.jpg
NCU00377936,NCU,Packera anonyma (Alph.Wood) W.A.Weber & Á.Löve,"Anderson, Kelly",Tier_2_Silver,None,33.999847,-86.597867,15.0,109,0.954067,-0.299595,Appalachian_Highlands,data/raw_vouchers/NCU00377936.jpg
MMNS036404,MMNS,Packera anonyma (Alph.Wood) W.A.Weber & Á.Löve,Kevin D. Philley,Tier_3_Bronze,None,31.22141,-90.3043,10.0,120,0.880683,-0.473706,Coastal_Plain_Sandhills,data/raw_vouchers/MMNS036404.jpg
82217,WILLI,Packera anonyma (Alph.Wood) W.A.Weber & Á.Löve,"Baldwin, Patrick B",Tier_3_Bronze,None,36.960812,-76.60399,140.0,148,0.561034,-0.827793,Coastal_Plain_Sandhills,data/raw_vouchers/82217.jpg
82182,WILLI,Packera anonyma (Alph.Wood) W.A.Weber & Á.Löve,"Baldwin, Patrick B",Tier_3_Bronze,None,37.088076,-76.466115,374.0,130,0.786597,-0.617467,Coastal_Plain_Sandhills,data/raw_vouchers/82182.jpg
NCU00176196,NCU,Packera anonyma (Alph.Wood) W.A.Weber & Á.Löve,"Weakley, Alan S.",Tier_1_Gold,None,36.046947,-79.180134,150.0,152,0.502791,-0.864408,Piedmont_Granite_Flatrocks,data/raw_vouchers/NCU00176196.jpg
MOAR0000570,MOAR,Packera anonyma (Alph.Wood) W.A.Weber & Á.Löve,Ann F. Rhoads; Carole DeWolf,Tier_3_Bronze,None,39.914651,-75.59534,200.0,163,0.331221,-0.943553,Interior_Prairie_Midwest,data/raw_vouchers/MOAR0000570.jpg
MOAR0000572,MOAR,Packera anonyma (Alph.Wood) W.A.Weber & Á.Löve,Ann F. Rhoads; Roger E. Latham,Tier_3_Bronze,None,39.912371,-75.714037,10.0,158,0.411054,-0.911611,Interior_Prairie_Midwest,data/raw_vouchers/MOAR0000572.jpg
79479,WILLI,Packera anonyma (Alph.Wood) W.A.Weber & Á.Löve,"Baldwin, Patrick",Tier_3_Bronze,None,37.323832,-76.767334,198.0,159,0.395312,-0.918547,Coastal_Plain_Sandhills,data/raw_vouchers/79479.jpg
NCU00131125,NCU,Packera anonyma (Alph.Wood) W.A.Weber & Á.Löve,"Reid, Christopher",Tier_2_Silver,None,30.805,-90.373611,250.0,131,0.775859,-0.630907,Coastal_Plain_Sandhills,data/raw_vouchers/NCU00131125.jpg
79159,WILLI,Packera anonyma (Alph.Wood) W.A.Weber & Á.Löve,"Chambers, Beth H",Tier_3_Bronze,None,37.323832,-76.767334,198.0,92,0.99993,-0.011826,Coastal_Plain_Sandhills,data/raw_vouchers/79159.jpg
NCU00110194,NCU,Packera anonyma (Alph.Wood) W.A.Weber & Á.Löve,"Weakley, Alan S.",Tier_1_Gold,None,35.93156,-79.264255,100.0,126,0.827189,-0.561923,Piedmont_Granite_Flatrocks,data/raw_vouchers/NCU00110194.jpg
NCU00094222,NCU,Senecio anonymus Alph.Wood,"McCormick, Carol Ann",Tier_2_Silver,None,36.020138,-79.148414,715.0,141,0.656411,-0.754404,Piedmont_Granite_Flatrocks,data/raw_vouchers/NCU00094222.jpg
79621,WILLI,Packera anonyma (Alph.Wood) W.A.Weber & Á.Löve,"Baldwin, Patrick",Tier_3_Bronze,None,37.068521,-76.439741,1432.0,270,-0.997707,-0.067683,Coastal_Plain_Sandhills,data/raw_vouchers/79621.jpg
79093,WILLI,Packera anonyma (Alph.Wood) W.A.Weber & Á.Löve,"Baldwin, Patrick",Tier_3_Bronze,None,36.948634,-81.064731,68.0,151,0.517586,-0.855631,Appalachian_Highlands,data/raw_vouchers/79093.jpg
TENN-V-0236339,TENN,"Senecio smallii Britton, 1893",G. Bresowar,Tier_3_Bronze,None,36.110918,-83.767601,1622.0,128,0.807371,-0.590044,Appalachian_Highlands,data/raw_vouchers/TENN-V-0236339.jpg
NCU00063300,NCU,Packera anonyma (Alph.Wood) W.A.Weber & Á.Löve,"Weakley, Alan S.; LeBlond, Richard S.",Tier_1_Gold,None,34.619138,-77.806257,1647.0,120,0.880683,-0.473706,Coastal_Plain_Sandhills,data/raw_vouchers/NCU00063300.jpg
UNCC_51735,UNCC,Packera anonyma (Alph.Wood) W.A.Weber & Á.Löve,"Daves, Sudie E.",Tier_3_Bronze,None,35.255884,-80.706248,55.0,135,0.730644,-0.682758,Piedmont_Granite_Flatrocks,data/raw_vouchers/UNCC_51735.jpg
75999,WILLI,Packera anonyma (Alph.Wood) W.A.Weber & Á.Löve,"Baldwin, Patrick; Sterling, Sid",Tier_3_Bronze,None,37.880629,-79.226739,222.0,176,0.11372,-0.993513,Piedmont_Granite_Flatrocks,data/raw_vouchers/75999.jpg
WCUH0005616,WCUH,Packera anonyma (Alph.Wood) W.A.Weber & Á.Löve,,Tier_3_Bronze,None,35.382043,-83.213608,500.0,144,0.616621,-0.78726,Appalachian_Highlands,data/raw_vouchers/WCUH0005616.jpg
WCUH0005525,WCUH,Packera anonyma (Alph.Wood) W.A.Weber & Á.Löve,,Tier_3_Bronze,None,35.305302,-83.487553,750.0,141,0.656411,-0.754404,Appalachian_Highlands,data/raw_vouchers/WCUH0005525.jpg
NCU00449148,NCU,Packera anonyma (Alph.Wood) W.A.Weber & Á.Löve,"Vanderhorst, Jim",Tier_2_Silver,None,38.117333,-81.005655,301.0,157,0.426674,-0.904405,Appalachian_Highlands,data/raw_vouchers/NCU00449148.jpg
NCU00449731,NCU,Packera anonyma (Alph.Wood) W.A.Weber & Á.Löve,"LeBlond, Richard J.",Tier_2_Silver,None,34.916,-77.7122,300.0,133,0.753698,-0.657221,Coastal_Plain_Sandhills,data/raw_vouchers/NCU00449731.jpg
71894,WILLI,Senecio anonymus Alph.Wood,"Baldwin, Patrick; Sterling, Sid; Sterling, Sylvia",Tier_3_Bronze,None,37.711471,-76.411712,160.0,137,0.706727,-0.707487,Coastal_Plain_Sandhills,data/raw_vouchers/71894.jpg
80045,WILLI,Packera anonyma (Alph.Wood) W.A.Weber & Á.Löve,"Baldwin, Patrick B",Tier_3_Bronze,None,37.71045,-76.40925,1500.0,137,0.706727,-0.707487,Coastal_Plain_Sandhills,data/raw_vouchers/80045.jpg
1045,NCSM,Packera anonyma (Alph.Wood) W.A.Weber & Á.Löve,"McMillan, Patrick D.",Tier_3_Bronze,None,34.552111,-77.926098,3475.0,134,0.742281,-0.670089,Coastal_Plain_Sandhills,data/raw_vouchers/1045.jpg
74427,WILLI,Senecio anonymus Alph.Wood,"Dodge, J; Dodge, M L",Tier_3_Bronze,None,38.163621,-76.785214,135.0,132,0.764891,-0.644159,Coastal_Plain_Sandhills,data/raw_vouchers/74427.jpg
75951,WILLI,Packera anonyma (Alph.Wood) W.A.Weber & Á.Löve,"Baldwin, Patrick; Sterling, Sid; Sterling, Sylvia",Tier_3_Bronze,None,33.829713,-78.955474,738.0,149,0.546711,-0.837321,Piedmont_Granite_Flatrocks,data/raw_vouchers/75951.jpg
80462,WILLI,Packera anonyma (Alph.Wood) W.A.Weber & Á.Löve,"Ware, Donna M E",Tier_3_Bronze,None,37.196957,-77.407676,1000.0,139,0.681972,-0.731378,Coastal_Plain_Sandhills,data/raw_vouchers/80462.jpg
MARY1017200,MARY,Senecio anonymus Alph.Wood,E. E. Terrell; P. Peterson; R. Soreng,Tier_3_Bronze,None,39.038175,-76.882981,562.0,155,0.457531,-0.889193,Appalachian_Highlands,data/raw_vouchers/MARY1017200.jpg
78182,WILLI,Packera anonyma (Alph.Wood) W.A.Weber & Á.Löve,"Grubbs, Holly J",Tier_3_Bronze,None,37.257648,-76.803016,630.0,154,0.472759,-0.881192,Coastal_Plain_Sandhills,data/raw_vouchers/78182.jpg
CM489512,CM,Senecio anonymus Alph.Wood,J.A. Isaac 2000,Tier_3_Bronze,None,39.73556,-76.04306,14.0,205,-0.37547,-0.926834,Interior_Prairie_Midwest,data/raw_vouchers/CM489512.jpg
GA079407,GA,Packera anonyma (Alph.Wood) W.A.Weber & Á.Löve,"Moore, M",Tier_3_Bronze,None,33.818908,-84.143132,628.0,101,0.986146,-0.165878,Appalachian_Highlands,data/raw_vouchers/GA079407.jpg
USMS_000007727,USMS,Packera anonyma (Alph.Wood) W.A.Weber & Á.Löve,John R. MacDonald,Tier_3_Bronze,None,34.081635,-88.292322,60.0,73,0.95079,0.309835,Coastal_Plain_Sandhills,data/raw_vouchers/USMS_000007727.jpg
USMS_000007726,USMS,Packera anonyma (Alph.Wood) W.A.Weber & Á.Löve,"MacDonald, John",Tier_3_Bronze,None,34.080089,-88.288417,969.0,104,0.976277,-0.216527,Coastal_Plain_Sandhills,data/raw_vouchers/USMS_000007726.jpg
TENN-V-0236285,TENN,"Senecio smallii Britton, 1893",V. E. McNeilus,Tier_3_Bronze,None,35.777855,-84.259555,425.0,124,0.846029,-0.533137,Interior_Prairie_Midwest,data/raw_vouchers/TENN-V-0236285.jpg
BAYLU034197,BAYLU,Packera anonyma (Alph.Wood) W.A.Weber & Á.Löve,Nomenclatural Adjustment,Tier_3_Bronze,None,33.298933,-88.959319,4969.0,123,0.855075,-0.518505,Coastal_Plain_Sandhills,data/raw_vouchers/BAYLU034197.jpg
BAYLU034196,BAYLU,Packera anonyma (Alph.Wood) W.A.Weber & Á.Löve,Nomenclatural Adjustment,Tier_3_Bronze,None,33.887054,-88.308927,301.0,128,0.807371,-0.590044,Coastal_Plain_Sandhills,data/raw_vouchers/BAYLU034196.jpg
70494,WILLI,Senecio anonymus Alph.Wood,"Weldy, Troy R; Hudgins, Gwen",Tier_3_Bronze,None,37.764341,-76.523394,633.0,133,0.753698,-0.657221,Coastal_Plain_Sandhills,data/raw_vouchers/70494.jpg
70595,WILLI,Senecio anonymus Alph.Wood,"Weldy, Troy R",Tier_3_Bronze,None,37.750669,-76.425014,279.0,137,0.706727,-0.707487,Coastal_Plain_Sandhills,data/raw_vouchers/70595.jpg
70605,WILLI,Senecio anonymus Alph.Wood,"Weldy, Troy R",Tier_3_Bronze,None,37.83639,-76.499589,1736.0,186,-0.058026,-0.998315,Coastal_Plain_Sandhills,data/raw_vouchers/70605.jpg
NCU00021605,NCU,Packera anonyma (Alph.Wood) W.A.Weber & Á.Löve,"McCormick, Carol Ann",Tier_2_Silver,None,35.916667,-79.27,500.0,150,0.532227,-0.846602,Piedmont_Granite_Flatrocks,data/raw_vouchers/NCU00021605.jpg
353425,WS,Packera anonyma (Alph.Wood) W.A.Weber & Á.Löve,unknown,Tier_3_Bronze,None,37.251704,-77.148406,400.0,137,0.706727,-0.707487,Coastal_Plain_Sandhills,data/raw_vouchers/353425.jpg
342795,WS,Packera anonyma (Alph.Wood) W.A.Weber & Á.Löve,unknown,Tier_3_Bronze,None,32.984625,-92.787652,800.0,125,0.836733,-0.547611,Coastal_Plain_Sandhills,data/raw_vouchers/342795.jpg
WCUH0005602,WCUH,Packera anonyma (Alph.Wood) W.A.Weber & Á.Löve,,Tier_3_Bronze,None,35.301614,-83.10886,444.0,148,0.561034,-0.827793,Appalachian_Highlands,data/raw_vouchers/WCUH0005602.jpg
NCSC00103536,NCSC,Packera anonyma (Alph.Wood) W.A.Weber & Á.Löve,"Trock, Debra",Tier_1_Gold,None,34.881337,-79.956471,100.0,153,0.487847,-0.872929,Piedmont_Granite_Flatrocks,data/raw_vouchers/NCSC00103536.jpg
MARY1052409,MARY,Packera anonyma (Alph.Wood) W.A.Weber & Á.Löve,Wayne D. Longbottom,Tier_3_Bronze,None,39.404365,-76.818819,1000.0,168,0.24894,-0.968519,Appalachian_Highlands,data/raw_vouchers/MARY1052409.jpg
USMS_000007728,USMS,Packera anonyma (Alph.Wood) W.A.Weber & Á.Löve,"Rosso, Sam",Tier_3_Bronze,None,31.222943,-90.475967,1509.0,121,0.872404,-0.488785,Coastal_Plain_Sandhills,data/raw_vouchers/USMS_000007728.jpg
79622,WILLI,Packera anonyma (Alph.Wood) W.A.Weber & Á.Löve,"Baldwin, Patrick",Tier_3_Bronze,None,37.090958,-76.465636,774.0,138,0.694452,-0.719539,Coastal_Plain_Sandhills,data/raw_vouchers/79622.jpg
56130,WILLI,Packera anonyma (Alph.Wood) W.A.Weber & Á.Löve,"Trock, Debra",Tier_1_Gold,None,38.16837,-78.768464,194.0,161,0.363482,-0.931601,Piedmont_Granite_Flatrocks,data/raw_vouchers/56130.jpg
GA079403,GA,Packera anonyma (Alph.Wood) W.A.Weber & Á.Löve,"Chafin, L",Tier_3_Bronze,None,34.366324,-83.182429,4263.0,149,0.546711,-0.837321,Appalachian_Highlands,data/raw_vouchers/GA079403.jpg
60020,WILLI,Senecio anonymus Alph.Wood,"Plunkett, Gregory M",Tier_3_Bronze,None,36.843252,-76.829389,290.0,131,0.775859,-0.630907,Coastal_Plain_Sandhills,data/raw_vouchers/60020.jpg
66815,WILLI,Packera anonyma (Alph.Wood) W.A.Weber & Á.Löve,"Trock, Debra",Tier_1_Gold,None,37.26119,-76.704376,210.0,138,0.694452,-0.719539,Coastal_Plain_Sandhills,data/raw_vouchers/66815.jpg
NCU00372518,NCU,Packera anonyma (Alph.Wood) W.A.Weber & Á.Löve,"Mahoney, Alison McKenzie",Tier_1_Gold,None,35.4533,-82.517721,693.0,167,0.265563,-0.964094,Appalachian_Highlands,data/raw_vouchers/NCU00372518.jpg
IND-0156559,IND,Packera anonyma (Alph.Wood) W.A.Weber & Á.Löve,"Michael Homoya; Cloyce Hedge, Brian Abrell",Tier_3_Bronze,None,38.058504,-85.962901,185.0,152,0.502791,-0.864408,Interior_Prairie_Midwest,data/raw_vouchers/IND-0156559.jpg
CLEMS0035145,CLEMS,Packera anonyma (Alph.Wood) W.A.Weber & Á.Löve,"Trock, Debra",Tier_1_Gold,None,31.938145,-84.142527,618.0,126,0.827189,-0.561923,Appalachian_Highlands,data/raw_vouchers/CLEMS0035145.jpg
MOAR0000571,MOAR,Packera anonyma (Alph.Wood) W.A.Weber & Á.Löve,Ann F. Rhoads; Ann Newbold; Rick Mellon,Tier_3_Bronze,None,39.909722,-75.43,1000.0,219,-0.585696,-0.810531,Interior_Prairie_Midwest,data/raw_vouchers/MOAR0000571.jpg
MOAR0000569,MOAR,Packera anonyma (Alph.Wood) W.A.Weber & Á.Löve,Ann F. Rhoads; Ann Newbold; Rick Mellon,Tier_3_Bronze,None,39.738195,-75.946739,1197.0,219,-0.585696,-0.810531,Interior_Prairie_Midwest,data/raw_vouchers/MOAR0000569.jpg
51954,WILLI,Packera anonyma (Alph.Wood) W.A.Weber & Á.Löve,"Trock, Debra",Tier_1_Gold,None,38.827798,-77.820227,250.0,138,0.694452,-0.719539,Coastal_Plain_Sandhills,data/raw_vouchers/51954.jpg
WCUH0005595,WCUH,Packera anonyma (Alph.Wood) W.A.Weber & Á.Löve,,Tier_3_Bronze,None,35.935261,-82.461953,500.0,164,0.314942,-0.949111,Appalachian_Highlands,data/raw_vouchers/WCUH0005595.jpg
52172,WILLI,Packera anonyma (Alph.Wood) W.A.Weber & Á.Löve,"Trock, Debra",Tier_1_Gold,None,38.836021,-77.811558,1000.0,148,0.561034,-0.827793,Coastal_Plain_Sandhills,data/raw_vouchers/52172.jpg
NCU00462840,NCU,Packera anonyma (Alph.Wood) W.A.Weber & Á.Löve,"Harms, Bill",Tier_2_Silver,None,39.142034,-76.831021,300.0,174,0.147827,-0.989013,Appalachian_Highlands,data/raw_vouchers/NCU00462840.jpg
TAWES0004315,TAWES,Packera anonyma (Alph.Wood) W.A.Weber & Á.Löve,D. Daniel Boone,Tier_3_Bronze,None,39.381218,-76.653303,1617.0,200,-0.294462,-0.955663,Piedmont_Granite_Flatrocks,data/raw_vouchers/TAWES0004315.jpg
TENN-V-0236696,TENN,Senecio anonymus Alph.Wood,D. K. Trock,Tier_1_Gold,None,34.911441,-85.237896,123.0,118,0.896456,-0.443132,Interior_Prairie_Midwest,data/raw_vouchers/TENN-V-0236696.jpg
NCU00377896,NCU,Packera anonyma (Alph.Wood) W.A.Weber & Á.Löve,"Mahoney, Alison McKenzie",Tier_1_Gold,None,34.900837,-82.65981,500.0,145,0.602988,-0.79775,Piedmont_Granite_Flatrocks,data/raw_vouchers/NCU00377896.jpg
51277,WILLI,Packera anonyma (Alph.Wood) W.A.Weber & Á.Löve,"Trock, Debra",Tier_1_Gold,None,37.53817,-76.749745,205.0,138,0.694452,-0.719539,Coastal_Plain_Sandhills,data/raw_vouchers/51277.jpg
NCU00378009,NCU,"Senecio smallii Britton, 1893",unknown,Tier_3_Bronze,None,38.599176,-83.318795,2271.0,166,0.282108,-0.959383,Appalachian_Highlands,data/raw_vouchers/NCU00378009.jpg
48899,WILLI,Packera anonyma (Alph.Wood) W.A.Weber & Á.Löve,"Trock, Debra",Tier_1_Gold,None,38.361948,-77.141209,304.0,160,0.379453,-0.925211,Coastal_Plain_Sandhills,data/raw_vouchers/48899.jpg
296398,WS,Packera anonyma (Alph.Wood) W.A.Weber & Á.Löve,unknown,Tier_3_Bronze,None,34.52863,-83.37775,400.0,131,0.775859,-0.630907,Appalachian_Highlands,data/raw_vouchers/296398.jpg
44751,WILLI,Packera anonyma (Alph.Wood) W.A.Weber & Á.Löve,"Trock, Debra",Tier_1_Gold,None,38.659471,-77.251368,1764.0,139,0.681972,-0.731378,Coastal_Plain_Sandhills,data/raw_vouchers/44751.jpg
51270,WILLI,Packera anonyma (Alph.Wood) W.A.Weber & Á.Löve,"Trock, Debra",Tier_1_Gold,None,37.502319,-76.724803,600.0,147,0.57519,-0.81802,Coastal_Plain_Sandhills,data/raw_vouchers/51270.jpg
51407,WILLI,Packera anonyma (Alph.Wood) W.A.Weber & Á.Löve,"Trock, Debra",Tier_1_Gold,None,37.502319,-76.724803,600.0,147,0.57519,-0.81802,Coastal_Plain_Sandhills,data/raw_vouchers/51407.jpg
453136,MVSC,Packera anonyma (Alph.Wood) W.A.Weber & Á.Löve,James C. Parks,Tier_3_Bronze,None,39.743695,-76.179413,1000.0,214,-0.513901,-0.857849,Interior_Prairie_Midwest,data/raw_vouchers/453136.jpg
453754,MVSC,Packera anonyma (Alph.Wood) W.A.Weber & Á.Löve,James C. Parks,Tier_3_Bronze,None,39.743695,-76.179413,1000.0,214,-0.513901,-0.857849,Interior_Prairie_Midwest,data/raw_vouchers/453754.jpg
NCU00377938,NCU,Packera anonyma (Alph.Wood) W.A.Weber & Á.Löve,"Mahoney, Alison McKenzie",Tier_1_Gold,None,33.407756,-85.817875,3727.0,98,0.99339,-0.114788,Interior_Prairie_Midwest,data/raw_vouchers/NCU00377938.jpg
ODU00011056,ODU,Packera anonyma (Alph.Wood) W.A.Weber & Á.Löve,James Dan Skean Jr.,Tier_3_Bronze,None,35.892725,-78.578712,28.0,145,0.602988,-0.79775,Piedmont_Granite_Flatrocks,data/raw_vouchers/ODU00011056.jpg
44072,WILLI,Packera anonyma (Alph.Wood) W.A.Weber & Á.Löve,"Grubbs, Holly J",Tier_3_Bronze,None,37.592665,-76.514286,804.0,140,0.66929,-0.743001,Coastal_Plain_Sandhills,data/raw_vouchers/44072.jpg
48616,WILLI,Packera anonyma (Alph.Wood) W.A.Weber & Á.Löve,"Grubbs, Holly J",Tier_3_Bronze,None,38.666438,-77.243854,300.0,142,0.643337,-0.765584,Coastal_Plain_Sandhills,data/raw_vouchers/48616.jpg
44745,WILLI,Packera anonyma (Alph.Wood) W.A.Weber & Á.Löve,"Trock, Debra",Tier_1_Gold,None,38.657341,-77.24345,100.0,157,0.426674,-0.904405,Coastal_Plain_Sandhills,data/raw_vouchers/44745.jpg
NCU00377960,NCU,Packera anonyma (Alph.Wood) W.A.Weber & Á.Löve,"Mahoney, Alison McKenzie",Tier_1_Gold,None,32.878581,-85.8787,969.0,121,0.872404,-0.488785,Interior_Prairie_Midwest,data/raw_vouchers/NCU00377960.jpg
UVMVT176008,VT,Senecio anonymus Alph.Wood,"Hill, S. R.",Tier_3_Bronze,None,38.571786,-76.970807,301.0,152,0.502791,-0.864408,Appalachian_Highlands,data/raw_vouchers/UVMVT176008.jpg
MARY1052399,MARY,Packera anonyma (Alph.Wood) W.A.Weber & Á.Löve,Steven R. Hill,Tier_3_Bronze,None,38.57528,-76.970592,500.0,152,0.502791,-0.864408,Appalachian_Highlands,data/raw_vouchers/MARY1052399.jpg
CLEMS0035149,CLEMS,Packera anonyma (Alph.Wood) W.A.Weber & Á.Löve,"Trock, Debra",Tier_1_Gold,None,39.081591,-77.357437,53.0,156,0.442168,-0.896932,Appalachian_Highlands,data/raw_vouchers/CLEMS0035149.jpg
CLEMS0035150,CLEMS,Packera anonyma (Alph.Wood) W.A.Weber & Á.Löve,"Trock, Debra",Tier_1_Gold,None,39.077778,-77.336051,472.0,156,0.442168,-0.896932,Appalachian_Highlands,data/raw_vouchers/CLEMS0035150.jpg
MARY1052401,MARY,Packera anonyma (Alph.Wood) W.A.Weber & Á.Löve,James L. Reveal,Tier_3_Bronze,None,39.081591,-77.357437,53.0,156,0.442168,-0.896932,Appalachian_Highlands,data/raw_vouchers/MARY1052401.jpg
MARY1052402,MARY,Packera anonyma (Alph.Wood) W.A.Weber & Á.Löve,James L. Reveal,Tier_3_Bronze,None,39.077778,-77.336051,472.0,156,0.442168,-0.896932,Appalachian_Highlands,data/raw_vouchers/MARY1052402.jpg
NCU00372540,NCU,Packera anonyma (Alph.Wood) W.A.Weber & Á.Löve,"Mahoney, Alison Mackenzie",Tier_1_Gold,None,35.7062,-80.20007,300.0,142,0.643337,-0.765584,Piedmont_Granite_Flatrocks,data/raw_vouchers/NCU00372540.jpg
NCU00372541,NCU,Packera anonyma (Alph.Wood) W.A.Weber & Á.Löve,"Mahoney, Alison Mackenzie",Tier_1_Gold,None,35.78481,-80.16534,300.0,148,0.561034,-0.827793,Piedmont_Granite_Flatrocks,data/raw_vouchers/NCU00372541.jpg
NCU00372591,NCU,Packera anonyma (Alph.Wood) W.A.Weber & Á.Löve,"Mahoney, Alison McKenzie",Tier_1_Gold,None,35.974067,-79.076125,455.0,149,0.546711,-0.837321,Piedmont_Granite_Flatrocks,data/raw_vouchers/NCU00372591.jpg
NCU00373749,NCU,Packera anonyma (Alph.Wood) W.A.Weber & Á.Löve,"Mahoney, Alison McKenzie",Tier_1_Gold,None,35.518403,-80.337771,244.0,146,0.589176,-0.808005,Piedmont_Granite_Flatrocks,data/raw_vouchers/NCU00373749.jpg
NCU00373751,NCU,Packera anonyma (Alph.Wood) W.A.Weber & Á.Löve,"Mahoney, Alison McKenzie",Tier_1_Gold,None,35.509903,-80.345358,131.0,138,0.694452,-0.719539,Piedmont_Granite_Flatrocks,data/raw_vouchers/NCU00373751.jpg
ODU00011063,ODU,Packera anonyma (Alph.Wood) W.A.Weber & Á.Löve,Lynne L. Whitmarsh; G.W. Hall,Tier_3_Bronze,None,37.08612,-76.68028,70.0,140,0.66929,-0.743001,Coastal_Plain_Sandhills,data/raw_vouchers/ODU00011063.jpg
MMNS004441,MMNS,Packera anonyma (Alph.Wood) W.A.Weber & Á.Löve,Ken E. Rogers,Tier_3_Bronze,None,34.94003,-88.16854,100.0,133,0.753698,-0.657221,Appalachian_Highlands,data/raw_vouchers/MMNS004441.jpg
36320,WILLI,Packera anonyma (Alph.Wood) W.A.Weber & Á.Löve,"Grubbs, Holly J",Tier_3_Bronze,None,37.08513,-76.68055,80.0,140,0.66929,-0.743001,Coastal_Plain_Sandhills,data/raw_vouchers/36320.jpg
NCU00378030,NCU,"Senecio smallii Britton, 1893","Chester, Edward W.",Tier_2_Silver,None,36.439772,-87.218617,643.0,157,0.426674,-0.904405,Interior_Prairie_Midwest,data/raw_vouchers/NCU00378030.jpg
LYN-0005437,LYN,"Senecio smallii Britton, 1893","Ruska, William F., Jr.",Tier_3_Bronze,None,36.846533,-82.078472,873.0,167,0.265563,-0.964094,Appalachian_Highlands,data/raw_vouchers/LYN-0005437.jpg
48624,WILLI,Packera anonyma (Alph.Wood) W.A.Weber & Á.Löve,"Trock, Debra",Tier_1_Gold,None,36.876623,-82.472754,175.0,161,0.363482,-0.931601,Appalachian_Highlands,data/raw_vouchers/48624.jpg
TENN-V-0236707,TENN,Senecio anonymus Alph.Wood,Joscelyn W. Hill,Tier_3_Bronze,None,33.665399,-83.601021,3335.0,126,0.827189,-0.561923,Appalachian_Highlands,data/raw_vouchers/TENN-V-0236707.jpg
NCU00372524,NCU,Packera anonyma (Alph.Wood) W.A.Weber & Á.Löve,"Mahoney, Alison McKenzie",Tier_1_Gold,None,34.687662,-77.072448,3169.0,134,0.742281,-0.670089,Coastal_Plain_Sandhills,data/raw_vouchers/NCU00372524.jpg
NCU00372586,NCU,Packera anonyma (Alph.Wood) W.A.Weber & Á.Löve,"Mahoney, Alison McKenzie",Tier_1_Gold,None,34.225098,-77.869034,908.0,138,0.694452,-0.719539,Coastal_Plain_Sandhills,data/raw_vouchers/NCU00372586.jpg
LYN-0005429,LYN,"Senecio smallii Britton, 1893","Ramsey, Gwynn W.",Tier_3_Bronze,None,37.169923,-79.187137,300.0,141,0.656411,-0.754404,Piedmont_Granite_Flatrocks,data/raw_vouchers/LYN-0005429.jpg
36792,WILLI,Packera anonyma (Alph.Wood) W.A.Weber & Á.Löve,"Trock, Debra",Tier_1_Gold,None,37.716327,-77.399507,1698.0,142,0.643337,-0.765584,Coastal_Plain_Sandhills,data/raw_vouchers/36792.jpg
NCU00373768,NCU,Packera anonyma (Alph.Wood) W.A.Weber & Á.Löve,"Mahoney, Alison McKenzie",Tier_1_Gold,None,36.165683,-81.788443,1807.0,156,0.442168,-0.896932,Appalachian_Highlands,data/raw_vouchers/NCU00373768.jpg
LFCC-0013826,LFCC,Packera anonyma (Alph.Wood) W.A.Weber & Á.Löve,"R. C. Simpson, J. Prodywus",Tier_3_Bronze,None,38.868377,-77.827089,740.0,168,0.24894,-0.968519,Coastal_Plain_Sandhills,data/raw_vouchers/LFCC-0013826.jpg
LFCC-0013753,LFCC,Packera anonyma (Alph.Wood) W.A.Weber & Á.Löve,"R. C. Simpson, J. Prodywus",Tier_3_Bronze,None,38.868377,-77.827089,740.0,168,0.24894,-0.968519,Coastal_Plain_Sandhills,data/raw_vouchers/LFCC-0013753.jpg
NCU00231166,NCU,"Senecio smallii Britton, 1893",unknown,Tier_3_Bronze,None,35.907089,-79.048066,222.0,119,0.888701,-0.458487,Piedmont_Granite_Flatrocks,data/raw_vouchers/NCU00231166.jpg
NCU00378074,NCU,Packera anonyma (Alph.Wood) W.A.Weber & Á.Löve,"Mahoney, Alison McKenzie",Tier_1_Gold,None,32.854457,-92.854281,969.0,136,0.718792,-0.695225,Coastal_Plain_Sandhills,data/raw_vouchers/NCU00378074.jpg
NCU00377981,NCU,Packera anonyma (Alph.Wood) W.A.Weber & Á.Löve,"Mahoney, Alison McKenzie",Tier_1_Gold,None,34.178384,-82.853315,167.0,130,0.786597,-0.617467,Appalachian_Highlands,data/raw_vouchers/NCU00377981.jpg
IND-0150619,IND,Packera anonyma (Alph.Wood) W.A.Weber & Á.Löve,Paul E. Rothrock,Tier_3_Bronze,None,35.644445,-82.297565,65.0,136,0.718792,-0.695225,Appalachian_Highlands,data/raw_vouchers/IND-0150619.jpg
33616,WILLI,Packera anonyma (Alph.Wood) W.A.Weber & Á.Löve,"Trock, Debra",Tier_1_Gold,None,37.580302,-76.583972,1321.0,136,0.718792,-0.695225,Coastal_Plain_Sandhills,data/raw_vouchers/33616.jpg
NCU00372522,NCU,Packera anonyma (Alph.Wood) W.A.Weber & Á.Löve,"Mahoney, Alison McKenzie",Tier_1_Gold,None,34.73284,-76.935912,300.0,126,0.827189,-0.561923,Coastal_Plain_Sandhills,data/raw_vouchers/NCU00372522.jpg
NCU00372523,NCU,Packera anonyma (Alph.Wood) W.A.Weber & Á.Löve,"Mahoney, Alison McKenzie",Tier_1_Gold,None,34.732667,-76.935736,300.0,143,0.630072,-0.776537,Coastal_Plain_Sandhills,data/raw_vouchers/NCU00372523.jpg
NCU00377949,NCU,Packera anonyma (Alph.Wood) W.A.Weber & Á.Löve,"Mahoney, Alison McKenzie",Tier_1_Gold,None,31.186183,-85.268881,1016.0,123,0.855075,-0.518505,Coastal_Plain_Sandhills,data/raw_vouchers/NCU00377949.jpg
NCU00377950,NCU,Packera anonyma (Alph.Wood) W.A.Weber & Á.Löve,"Mahoney, Alison McKenzie",Tier_1_Gold,None,31.186183,-85.268881,1016.0,123,0.855075,-0.518505,Coastal_Plain_Sandhills,data/raw_vouchers/NCU00377950.jpg
WCUH0005613,WCUH,Packera anonyma (Alph.Wood) W.A.Weber & Á.Löve,,Tier_3_Bronze,None,35.121576,-83.622932,301.0,135,0.730644,-0.682758,Interior_Prairie_Midwest,data/raw_vouchers/WCUH0005613.jpg
26183,WILLI,Packera anonyma (Alph.Wood) W.A.Weber & Á.Löve,"Trock, Debra",Tier_1_Gold,None,37.589654,-77.771693,1142.0,132,0.764891,-0.644159,Coastal_Plain_Sandhills,data/raw_vouchers/26183.jpg
26831,WILLI,Packera anonyma (Alph.Wood) W.A.Weber & Á.Löve,"Trock, Debra",Tier_1_Gold,None,38.871856,-77.494043,4684.0,144,0.616621,-0.78726,Coastal_Plain_Sandhills,data/raw_vouchers/26831.jpg
28667,WILLI,Packera anonyma (Alph.Wood) W.A.Weber & Á.Löve,"Trock, Debra",Tier_1_Gold,None,38.871856,-77.494043,4684.0,146,0.589176,-0.808005,Coastal_Plain_Sandhills,data/raw_vouchers/28667.jpg
41667,WILLI,Packera anonyma (Alph.Wood) W.A.Weber & Á.Löve,"Trock, Debra",Tier_1_Gold,None,37.858472,-78.984191,431.0,179,0.062318,-0.998056,Piedmont_Granite_Flatrocks,data/raw_vouchers/41667.jpg
LFCC-0007562,LFCC,Packera anonyma (Alph.Wood) W.A.Weber & Á.Löve,L. Skog,Tier_3_Bronze,None,36.710707,-75.953835,3501.0,116,0.911169,-0.412034,Coastal_Plain_Sandhills,data/raw_vouchers/LFCC-0007562.jpg
NCU00372786,NCU,Packera anonyma (Alph.Wood) W.A.Weber & Á.Löve,"Mahoney, Alison McKenzie",Tier_1_Gold,None,34.382551,-77.771543,1171.0,147,0.57519,-0.81802,Coastal_Plain_Sandhills,data/raw_vouchers/NCU00372786.jpg
NCU00378048,NCU,Packera anonyma (Alph.Wood) W.A.Weber & Á.Löve,"Mahoney, Alison McKenzie",Tier_1_Gold,None,37.95,-78.183333,300.0,147,0.57519,-0.81802,Piedmont_Granite_Flatrocks,data/raw_vouchers/NCU00378048.jpg
NCU00377978,NCU,Packera anonyma (Alph.Wood) W.A.Weber & Á.Löve,"Mahoney, Alison McKenzie",Tier_1_Gold,None,33.808161,-84.170196,1784.0,131,0.775859,-0.630907,Piedmont_Granite_Flatrocks,data/raw_vouchers/NCU00377978.jpg
GA079402,GA,Packera anonyma (Alph.Wood) W.A.Weber & Á.Löve,"Gillis, C",Tier_3_Bronze,None,33.730848,-84.282415,1325.0,129,0.797102,-0.603845,Appalachian_Highlands,data/raw_vouchers/GA079402.jpg
LYN-0005430,LYN,"Senecio smallii Britton, 1893","Bradley, Ted R.",Tier_3_Bronze,None,38.903611,-77.318706,90.0,151,0.517586,-0.855631,Coastal_Plain_Sandhills,data/raw_vouchers/LYN-0005430.jpg
22759,WILLI,Packera anonyma (Alph.Wood) W.A.Weber & Á.Löve,"Trock, Debra",Tier_1_Gold,None,37.280905,-76.626338,1000.0,150,0.532227,-0.846602,Coastal_Plain_Sandhills,data/raw_vouchers/22759.jpg
23763,WILLI,Packera anonyma (Alph.Wood) W.A.Weber & Á.Löve,"Trock, Debra",Tier_1_Gold,None,37.950053,-78.174736,59.0,147,0.57519,-0.81802,Piedmont_Granite_Flatrocks,data/raw_vouchers/23763.jpg
NCU00372578,NCU,Packera anonyma (Alph.Wood) W.A.Weber & Á.Löve,"Mahoney, Alison McKenzie",Tier_1_Gold,None,35.083473,-83.239489,265.0,157,0.426674,-0.904405,Appalachian_Highlands,data/raw_vouchers/NCU00372578.jpg
NCU00377945,NCU,Packera anonyma (Alph.Wood) W.A.Weber & Á.Löve,"Mahoney, Alison McKenzie",Tier_1_Gold,None,34.488916,-87.731733,1259.0,157,0.426674,-0.904405,Interior_Prairie_Midwest,data/raw_vouchers/NCU00377945.jpg
MISSA031869,MISSA,Packera anonyma (Alph.Wood) W.A.Weber & Á.Löve,R.A. Folk,Tier_3_Bronze,None,34.4047,-90.46644,203.0,156,0.442168,-0.896932,Coastal_Plain_Sandhills,data/raw_vouchers/MISSA031869.jpg
22611,WILLI,Packera anonyma (Alph.Wood) W.A.Weber & Á.Löve,"Trock, Debra",Tier_1_Gold,None,38.897958,-77.38084,2913.0,158,0.411054,-0.911611,Coastal_Plain_Sandhills,data/raw_vouchers/22611.jpg
29206,WILLI,Packera anonyma (Alph.Wood) W.A.Weber & Á.Löve,"Trock, Debra",Tier_1_Gold,None,37.448539,-76.534097,500.0,152,0.502791,-0.864408,Coastal_Plain_Sandhills,data/raw_vouchers/29206.jpg
MW0581162,Moscow State University,Packera anonyma (Alph.Wood) W.A.Weber & Á.Löve,Fosberg F. R.,Tier_3_Bronze,None,38.852795,-77.732187,1600.0,146,0.589176,-0.808005,Appalachian_Highlands,data/raw_vouchers/MW0581162.jpg
NCU00231168,NCU,"Senecio smallii Britton, 1893",unknown,Tier_3_Bronze,None,35.845126,-79.167828,1158.0,142,0.643337,-0.765584,Piedmont_Granite_Flatrocks,data/raw_vouchers/NCU00231168.jpg
NCU00373759,NCU,Packera anonyma (Alph.Wood) W.A.Weber & Á.Löve,"Mahoney, Alison McKenzie",Tier_1_Gold,None,36.392632,-80.254662,3458.0,141,0.656411,-0.754404,Piedmont_Granite_Flatrocks,data/raw_vouchers/NCU00373759.jpg
NCU00378007,NCU,"Senecio smallii Britton, 1893",unknown,Tier_3_Bronze,None,37.130676,-87.799244,1364.0,147,0.57519,-0.81802,Interior_Prairie_Midwest,data/raw_vouchers/NCU00378007.jpg
NCU00377986,NCU,Packera anonyma (Alph.Wood) W.A.Weber & Á.Löve,"Mahoney, Alison McKenzie",Tier_1_Gold,None,32.840687,-84.745762,1807.0,133,0.753698,-0.657221,Appalachian_Highlands,data/raw_vouchers/NCU00377986.jpg
CLEMS0035045,CLEMS,Packera anonyma (Alph.Wood) W.A.Weber & Á.Löve,"Trock, D.",Tier_1_Gold,None,34.804987,-82.694699,200.0,128,0.807371,-0.590044,Piedmont_Granite_Flatrocks,data/raw_vouchers/CLEMS0035045.jpg
DUKE10121229,DUKE,Senecio anonymus Alph.Wood,"Wilbur, Robert L.",Tier_3_Bronze,None,36.013806,-81.159074,336.0,145,0.602988,-0.79775,Piedmont_Granite_Flatrocks,data/raw_vouchers/DUKE10121229.jpg
MARY1036985,MARY,"Senecio smallii Britton, 1893",Leonard Morrow,Tier_3_Bronze,None,38.444755,-77.256084,825.0,144,0.616621,-0.78726,Appalachian_Highlands,data/raw_vouchers/MARY1036985.jpg
MARY1036986,MARY,"Senecio smallii Britton, 1893",Leonard Morrow,Tier_3_Bronze,None,38.444755,-77.256084,825.0,144,0.616621,-0.78726,Appalachian_Highlands,data/raw_vouchers/MARY1036986.jpg
18475,WILLI,Packera anonyma (Alph.Wood) W.A.Weber & Á.Löve,"Trock, Debra",Tier_1_Gold,None,37.409396,-76.810164,3117.0,151,0.517586,-0.855631,Coastal_Plain_Sandhills,data/raw_vouchers/18475.jpg
22674,WILLI,Packera anonyma (Alph.Wood) W.A.Weber & Á.Löve,"Trock, Debra",Tier_1_Gold,None,38.769292,-77.184108,2246.0,148,0.561034,-0.827793,Coastal_Plain_Sandhills,data/raw_vouchers/22674.jpg
VSC0060878,VSC,Packera anonyma (Alph.Wood) W.A.Weber & Á.Löve,Debra Trock,Tier_1_Gold,None,32.96174,-84.90112,160.0,137,0.706727,-0.707487,Piedmont_Granite_Flatrocks,data/raw_vouchers/VSC0060878.jpg
ODU00011061,ODU,Packera anonyma (Alph.Wood) W.A.Weber & Á.Löve,L.J. Uttal,Tier_3_Bronze,None,36.877587,-80.735117,210.0,155,0.457531,-0.889193,Piedmont_Granite_Flatrocks,data/raw_vouchers/ODU00011061.jpg
DUKE10121228,DUKE,Senecio anonymus Alph.Wood,"Wilbur, Robert L.",Tier_3_Bronze,None,35.963098,-81.122346,155.0,152,0.502791,-0.864408,Piedmont_Granite_Flatrocks,data/raw_vouchers/DUKE10121228.jpg
DUKE10121227,DUKE,Packera anonyma (Alph.Wood) W.A.Weber & Á.Löve,"Trock, D. K.",Tier_1_Gold,None,35.972354,-81.108692,1807.0,152,0.502791,-0.864408,Piedmont_Granite_Flatrocks,data/raw_vouchers/DUKE10121227.jpg
NCU00372574,NCU,"Senecio smallii Britton, 1893","Downs, Robert M.",Tier_2_Silver,None,35.490662,-78.266387,2311.0,134,0.742281,-0.670089,Piedmont_Granite_Flatrocks,data/raw_vouchers/NCU00372574.jpg
NCU00372560,NCU,"Senecio smallii Britton, 1893","Downs, R. M.",Tier_2_Silver,None,35.461403,-78.892037,2161.0,127,0.817401,-0.576069,Piedmont_Granite_Flatrocks,data/raw_vouchers/NCU00372560.jpg
NCU00373772,NCU,"Senecio smallii Britton, 1893","Downs, Robert M.",Tier_2_Silver,None,35.227942,-77.895178,436.0,134,0.742281,-0.670089,Coastal_Plain_Sandhills,data/raw_vouchers/NCU00373772.jpg
NCU00373754,NCU,Packera anonyma (Alph.Wood) W.A.Weber & Á.Löve,"Mahoney, Alison McKenzie",Tier_1_Gold,None,34.861796,-79.350245,301.0,135,0.730644,-0.682758,Piedmont_Granite_Flatrocks,data/raw_vouchers/NCU00373754.jpg
NCU00378072,NCU,Packera anonyma (Alph.Wood) W.A.Weber & Á.Löve,"Mahoney, Alison McKenzie",Tier_1_Gold,None,37.161529,-76.595106,294.0,150,0.532227,-0.846602,Coastal_Plain_Sandhills,data/raw_vouchers/NCU00378072.jpg
66736,WILLI,Packera anonyma (Alph.Wood) W.A.Weber & Á.Löve,"Trock, Debra",Tier_1_Gold,None,37.249236,-77.155125,288.0,137,0.706727,-0.707487,Coastal_Plain_Sandhills,data/raw_vouchers/66736.jpg
17558,WILLI,Packera anonyma (Alph.Wood) W.A.Weber & Á.Löve,"Trock, Debra",Tier_1_Gold,None,37.161529,-76.595106,294.0,150,0.532227,-0.846602,Coastal_Plain_Sandhills,data/raw_vouchers/17558.jpg
NCU00372506,NCU,"Senecio smallii Britton, 1893","Downs, Robert M.",Tier_2_Silver,None,35.972354,-81.108692,1807.0,155,0.457531,-0.889193,Appalachian_Highlands,data/raw_vouchers/NCU00372506.jpg
NCU00372511,NCU,"Senecio smallii Britton, 1893","Downs, Robert M.",Tier_2_Silver,None,36.40763,-81.622391,1064.0,162,0.347403,-0.937716,Appalachian_Highlands,data/raw_vouchers/NCU00372511.jpg
NCU00377898,NCU,Packera anonyma (Alph.Wood) W.A.Weber & Á.Löve,"Mahoney, Alison McKenzie",Tier_1_Gold,None,34.804987,-82.694699,200.0,155,0.457531,-0.889193,Piedmont_Granite_Flatrocks,data/raw_vouchers/NCU00377898.jpg
CLEMS0035049,CLEMS,Packera anonyma (Alph.Wood) W.A.Weber & Á.Löve,"Trock, D.",Tier_1_Gold,None,34.804987,-82.694699,200.0,155,0.457531,-0.889193,Piedmont_Granite_Flatrocks,data/raw_vouchers/CLEMS0035049.jpg
WEWO0001366,WEWO,Packera anonyma (Alph.Wood) W.A.Weber & Á.Löve,"Sorrie, B. A.",Tier_3_Bronze,None,35.255709,-79.398896,2486.0,161,0.363482,-0.931601,Piedmont_Granite_Flatrocks,data/raw_vouchers/WEWO0001366.jpg
16304,WILLI,Packera anonyma (Alph.Wood) W.A.Weber & Á.Löve,"Trock, Debra",Tier_1_Gold,None,37.168291,-76.698585,1686.0,158,0.411054,-0.911611,Coastal_Plain_Sandhills,data/raw_vouchers/16304.jpg
NCU00377988,NCU,Packera anonyma (Alph.Wood) W.A.Weber & Á.Löve,"Mahoney, Alison McKenzie",Tier_1_Gold,None,33.275701,-82.976259,2000.0,109,0.954067,-0.299595,Appalachian_Highlands,data/raw_vouchers/NCU00377988.jpg
NCU00377973,NCU,Packera anonyma (Alph.Wood) W.A.Weber & Á.Löve,"Mahoney, Alison McKenzie",Tier_1_Gold,None,33.08,-83.23222,3000.0,113,0.93121,-0.364483,Appalachian_Highlands,data/raw_vouchers/NCU00377973.jpg
NCU00377937,NCU,Packera anonyma (Alph.Wood) W.A.Weber & Á.Löve,"Mahoney, Alison McKenzie",Tier_1_Gold,None,32.746918,-86.855797,196.0,141,0.656411,-0.754404,Coastal_Plain_Sandhills,data/raw_vouchers/NCU00377937.jpg
NCU00377939,NCU,Packera anonyma (Alph.Wood) W.A.Weber & Á.Löve,"Mahoney, Allison M.",Tier_1_Gold,None,33.279847,-85.645375,301.0,132,0.764891,-0.644159,Piedmont_Granite_Flatrocks,data/raw_vouchers/NCU00377939.jpg
NCU00378081,NCU,"Senecio smallii Britton, 1893",unknown,Tier_3_Bronze,None,30.41246,-88.781568,969.0,142,0.643337,-0.765584,Coastal_Plain_Sandhills,data/raw_vouchers/NCU00378081.jpg
WEWO0001367,WEWO,Packera anonyma (Alph.Wood) W.A.Weber & Á.Löve,"Sorrie, B. A.",Tier_3_Bronze,None,35.146567,-79.380041,3779.0,143,0.630072,-0.776537,Piedmont_Granite_Flatrocks,data/raw_vouchers/WEWO0001367.jpg
52690,WILLI,Packera anonyma (Alph.Wood) W.A.Weber & Á.Löve,"Grubbs, Holly J",Tier_3_Bronze,None,37.596441,-77.819268,1340.0,149,0.546711,-0.837321,Piedmont_Granite_Flatrocks,data/raw_vouchers/52690.jpg
10985,WILLI,Packera anonyma (Alph.Wood) W.A.Weber & Á.Löve,"Trock, Debra",Tier_1_Gold,None,38.208945,-78.334435,1143.0,150,0.532227,-0.846602,Piedmont_Granite_Flatrocks,data/raw_vouchers/10985.jpg
13855,WILLI,Packera anonyma (Alph.Wood) W.A.Weber & Á.Löve,"Trock, Debra",Tier_1_Gold,None,37.090585,-76.375164,104.0,147,0.57519,-0.81802,Coastal_Plain_Sandhills,data/raw_vouchers/13855.jpg
NCU00378004,NCU,Packera anonyma (Alph.Wood) W.A.Weber & Á.Löve,"Mahoney, Alison McKenzie",Tier_1_Gold,None,33.39754,-82.673991,956.0,155,0.457531,-0.889193,Appalachian_Highlands,data/raw_vouchers/NCU00378004.jpg
NCU00378076,NCU,"Senecio smallii Britton, 1893","Monteferrante, Frank J.",Tier_2_Silver,None,39.413215,-76.841782,2197.0,153,0.487847,-0.872929,Interior_Prairie_Midwest,data/raw_vouchers/NCU00378076.jpg
NCU00377964,NCU,Packera anonyma (Alph.Wood) W.A.Weber & Á.Löve,"Mahoney, Alison McKenzie",Tier_1_Gold,None,31.325221,-88.38884,248.0,108,0.959079,-0.283139,Interior_Prairie_Midwest,data/raw_vouchers/NCU00377964.jpg
WCUH0005528,WCUH,Packera anonyma (Alph.Wood) W.A.Weber & Á.Löve,,Tier_3_Bronze,None,35.384499,-83.916759,588.0,146,0.589176,-0.808005,Appalachian_Highlands,data/raw_vouchers/WCUH0005528.jpg
LYN-0005312,LYN,Senecio anonymus Alph.Wood,"Doyle, Jeff J.",Tier_3_Bronze,None,37.401771,-79.189878,301.0,138,0.694452,-0.719539,Piedmont_Granite_Flatrocks,data/raw_vouchers/LYN-0005312.jpg
12014,WILLI,Packera anonyma (Alph.Wood) W.A.Weber & Á.Löve,"Trock, Debra",Tier_1_Gold,None,37.264126,-76.560013,1287.0,147,0.57519,-0.81802,Coastal_Plain_Sandhills,data/raw_vouchers/12014.jpg
NCU00378077,NCU,"Senecio smallii Britton, 1893","Windler, Donald R.",Tier_2_Silver,None,39.416024,-76.836801,503.0,172,0.18176,-0.983343,Interior_Prairie_Midwest,data/raw_vouchers/NCU00378077.jpg
NCU00378046,NCU,Packera anonyma (Alph.Wood) W.A.Weber & Á.Löve,"Mahoney, Alison McKenzie",Tier_1_Gold,None,37.347134,-77.699142,100.0,161,0.363482,-0.931601,Coastal_Plain_Sandhills,data/raw_vouchers/NCU00378046.jpg
WCUH0005532,WCUH,Packera anonyma (Alph.Wood) W.A.Weber & Á.Löve,,Tier_3_Bronze,None,35.163429,-83.013473,741.0,158,0.411054,-0.911611,Appalachian_Highlands,data/raw_vouchers/WCUH0005532.jpg
NCU00377987,NCU,Packera anonyma (Alph.Wood) W.A.Weber & Á.Löve,"Mahoney, Alison McKenzie",Tier_1_Gold,None,31.024528,-83.383304,515.0,120,0.880683,-0.473706,Coastal_Plain_Sandhills,data/raw_vouchers/NCU00377987.jpg
NCU00372583,NCU,Packera anonyma (Alph.Wood) W.A.Weber & Á.Löve,"Mahoney, Alison McKenzie",Tier_1_Gold,None,35.382093,-80.056112,926.0,129,0.797102,-0.603845,Piedmont_Granite_Flatrocks,data/raw_vouchers/NCU00372583.jpg
NCU00378001,NCU,Packera anonyma (Alph.Wood) W.A.Weber & Á.Löve,"Mahoney, Alison McKenzie",Tier_1_Gold,None,31.762329,-83.680644,1193.0,133,0.753698,-0.657221,Appalachian_Highlands,data/raw_vouchers/NCU00378001.jpg
NCU00378006,NCU,Packera anonyma (Alph.Wood) W.A.Weber & Á.Löve,"Mahoney, Alison McKenzie",Tier_1_Gold,None,32.134728,-82.893189,2934.0,136,0.718792,-0.695225,Appalachian_Highlands,data/raw_vouchers/NCU00378006.jpg
NCU00378005,NCU,Packera anonyma (Alph.Wood) W.A.Weber & Á.Löve,"Mahoney, Alison McKenzie",Tier_1_Gold,None,32.82642,-83.185529,1022.0,135,0.730644,-0.682758,Appalachian_Highlands,data/raw_vouchers/NCU00378005.jpg
WCUH0005530,WCUH,Senecio anonymus Alph.Wood,,Tier_3_Bronze,None,35.254532,-82.800532,1057.0,137,0.706727,-0.707487,Appalachian_Highlands,data/raw_vouchers/WCUH0005530.jpg
ODU00011059,ODU,Packera anonyma (Alph.Wood) W.A.Weber & Á.Löve,Lynn Ellen Loetterle,Tier_3_Bronze,None,37.205069,-76.767989,166.0,144,0.616621,-0.78726,Coastal_Plain_Sandhills,data/raw_vouchers/ODU00011059.jpg
BALT0036542,BALT,Packera anonyma (Alph.Wood) W.A.Weber & Á.Löve,Travis Poulsen,Tier_3_Bronze,None,35.685748,-78.513681,1074.0,133,0.753698,-0.657221,Piedmont_Granite_Flatrocks,data/raw_vouchers/BALT0036542.jpg
10858,WILLI,Packera anonyma (Alph.Wood) W.A.Weber & Á.Löve,"Trock, Debra",Tier_1_Gold,None,37.205888,-76.76374,751.0,144,0.616621,-0.78726,Coastal_Plain_Sandhills,data/raw_vouchers/10858.jpg
10871,WILLI,Packera anonyma (Alph.Wood) W.A.Weber & Á.Löve,"Trock, Debra",Tier_1_Gold,None,37.205888,-76.76374,751.0,142,0.643337,-0.765584,Coastal_Plain_Sandhills,data/raw_vouchers/10871.jpg
CLEMS0084430,CLEMS,Packera anonyma (Alph.Wood) W.A.Weber & Á.Löve,"Fairey, J.E. III",Tier_3_Bronze,None,33.357605,-80.838335,142.0,130,0.786597,-0.617467,Piedmont_Granite_Flatrocks,data/raw_vouchers/CLEMS0084430.jpg
NCU00231167,NCU,"Senecio smallii Britton, 1893",unknown,Tier_3_Bronze,None,36.329194,-81.658041,666.0,176,0.11372,-0.993513,Appalachian_Highlands,data/raw_vouchers/NCU00231167.jpg
452169,MVSC,Packera anonyma (Alph.Wood) W.A.Weber & Á.Löve,James C. Parks,Tier_3_Bronze,None,39.808009,-76.303141,150.0,173,0.164818,-0.986324,Appalachian_Highlands,data/raw_vouchers/452169.jpg
WCUH0005534,WCUH,Packera anonyma (Alph.Wood) W.A.Weber & Á.Löve,,Tier_3_Bronze,None,35.968533,-81.109693,635.0,289,-0.966618,0.256222,Appalachian_Highlands,data/raw_vouchers/WCUH0005534.jpg
NCU00377982,NCU,Packera anonyma (Alph.Wood) W.A.Weber & Á.Löve,"Mahoney, Alison McKenzie",Tier_1_Gold,None,30.877413,-84.20129,3000.0,119,0.888701,-0.458487,Appalachian_Highlands,data/raw_vouchers/NCU00377982.jpg
NCU00377996,NCU,Packera anonyma (Alph.Wood) W.A.Weber & Á.Löve,"Mahoney, Alison McKenzie",Tier_1_Gold,None,33.4667,-82.0167,5000.0,118,0.896456,-0.443132,Interior_Prairie_Midwest,data/raw_vouchers/NCU00377996.jpg
NCU00377947,NCU,Packera anonyma (Alph.Wood) W.A.Weber & Á.Löve,"Mahoney, Alison McKenzie",Tier_1_Gold,None,31.041152,-86.038327,300.0,116,0.911169,-0.412034,Interior_Prairie_Midwest,data/raw_vouchers/NCU00377947.jpg
NCU00377941,NCU,Packera anonyma (Alph.Wood) W.A.Weber & Á.Löve,"Mahoney, Alison McKenzie",Tier_1_Gold,None,31.630144,-86.265247,1183.0,118,0.896456,-0.443132,Coastal_Plain_Sandhills,data/raw_vouchers/NCU00377941.jpg
NCU00377983,NCU,Packera anonyma (Alph.Wood) W.A.Weber & Á.Löve,"Mahoney, Alison McKenzie",Tier_1_Gold,None,30.877413,-84.20129,4781.0,119,0.888701,-0.458487,Appalachian_Highlands,data/raw_vouchers/NCU00377983.jpg
TENN-V-0237154,TENN,"Senecio smallii Britton, 1893",Caywood Chapman,Tier_3_Bronze,None,33.932289,-83.446036,245.0,139,0.681972,-0.731378,Appalachian_Highlands,data/raw_vouchers/TENN-V-0237154.jpg
TENN-V-0237156,TENN,"Senecio smallii Britton, 1893",Frank D. Bowers; Gary H. Morton,Tier_3_Bronze,None,34.984474,-84.778996,415.0,129,0.797102,-0.603845,Appalachian_Highlands,data/raw_vouchers/TENN-V-0237156.jpg
TENN-V-0237155,TENN,"Senecio smallii Britton, 1893",Dennis,Tier_2_Silver,None,33.803854,-84.334292,61.0,139,0.681972,-0.731378,Appalachian_Highlands,data/raw_vouchers/TENN-V-0237155.jpg
NCU00231169,NCU,"Senecio smallii Britton, 1893",unknown,Tier_3_Bronze,None,35.914511,-79.02625,442.0,132,0.764891,-0.644159,Piedmont_Granite_Flatrocks,data/raw_vouchers/NCU00231169.jpg
NCU00377975,NCU,Packera anonyma (Alph.Wood) W.A.Weber & Á.Löve,"Mahoney, Alison McKenzie",Tier_1_Gold,None,33.934244,-83.446207,217.0,139,0.681972,-0.731378,Appalachian_Highlands,data/raw_vouchers/NCU00377975.jpg
NCU00377985,NCU,Packera anonyma (Alph.Wood) W.A.Weber & Á.Löve,"Mahoney, Alison McKenzie",Tier_1_Gold,None,33.443646,-83.182379,2817.0,125,0.836733,-0.547611,Piedmont_Granite_Flatrocks,data/raw_vouchers/NCU00377985.jpg
NCU00377984,NCU,Packera anonyma (Alph.Wood) W.A.Weber & Á.Löve,"Mahoney, Alison McKenzie",Tier_1_Gold,None,33.443646,-83.182379,2817.0,125,0.836733,-0.547611,Piedmont_Granite_Flatrocks,data/raw_vouchers/NCU00377984.jpg
NCU00377953,NCU,Packera anonyma (Alph.Wood) W.A.Weber & Á.Löve,"Mahoney, Alison McKenzie",Tier_1_Gold,None,32.595117,-85.482028,722.0,139,0.681972,-0.731378,Interior_Prairie_Midwest,data/raw_vouchers/NCU00377953.jpg
NCU00378082,NCU,"Senecio smallii Britton, 1893",unknown,Tier_3_Bronze,None,31.155988,-89.397875,1263.0,128,0.807371,-0.590044,Coastal_Plain_Sandhills,data/raw_vouchers/NCU00378082.jpg
WCUH0005536,WCUH,Senecio anonymus Alph.Wood,,Tier_3_Bronze,None,35.092061,-82.482066,679.0,145,0.602988,-0.79775,Appalachian_Highlands,data/raw_vouchers/WCUH0005536.jpg
WCUH0005526,WCUH,Senecio anonymus Alph.Wood,,Tier_3_Bronze,None,35.175192,-83.174995,463.0,140,0.66929,-0.743001,Appalachian_Highlands,data/raw_vouchers/WCUH0005526.jpg
WCUH0005533,WCUH,Senecio anonymus Alph.Wood,,Tier_3_Bronze,None,35.394006,-82.316227,937.0,150,0.532227,-0.846602,Appalachian_Highlands,data/raw_vouchers/WCUH0005533.jpg
WCUH0005529,WCUH,Senecio anonymus Alph.Wood,,Tier_3_Bronze,None,35.426123,-82.392593,298.0,138,0.694452,-0.719539,Appalachian_Highlands,data/raw_vouchers/WCUH0005529.jpg
ASC00022197,ASC,Packera anonyma (Alph.Wood) W.A.Weber & Á.Löve,Nomenclatural Adjustment,Tier_3_Bronze,None,31.143235,-89.409787,3995.0,128,0.807371,-0.590044,Coastal_Plain_Sandhills,data/raw_vouchers/ASC00022197.jpg
MISSA005232,MISSA,Packera anonyma (Alph.Wood) W.A.Weber & Á.Löve,K. E. Rogers,Tier_3_Bronze,None,31.14306,-89.40972,4125.0,128,0.807371,-0.590044,Coastal_Plain_Sandhills,data/raw_vouchers/MISSA005232.jpg
BAYLU034195,BAYLU,Packera anonyma (Alph.Wood) W.A.Weber & Á.Löve,Caywood Chapman,Tier_3_Bronze,None,33.794836,-83.713229,1000.0,142,0.643337,-0.765584,Appalachian_Highlands,data/raw_vouchers/BAYLU034195.jpg
BAYLU034193,BAYLU,Packera anonyma (Alph.Wood) W.A.Weber & Á.Löve,D.K. Trock,Tier_1_Gold,None,33.932846,-83.422387,1500.0,139,0.681972,-0.731378,Appalachian_Highlands,data/raw_vouchers/BAYLU034193.jpg
3389,WILLI,Packera anonyma (Alph.Wood) W.A.Weber & Á.Löve,"Trock, Debra",Tier_1_Gold,None,37.441813,-77.04358,301.0,142,0.643337,-0.765584,Coastal_Plain_Sandhills,data/raw_vouchers/3389.jpg
3077,WILLI,Packera anonyma (Alph.Wood) W.A.Weber & Á.Löve,"Trock, Debra",Tier_1_Gold,None,37.403762,-76.913739,897.0,135,0.730644,-0.682758,Coastal_Plain_Sandhills,data/raw_vouchers/3077.jpg
3885,WILLI,Packera anonyma (Alph.Wood) W.A.Weber & Á.Löve,"Trock, Debra",Tier_1_Gold,None,37.2786,-76.6391,2000.0,147,0.57519,-0.81802,Coastal_Plain_Sandhills,data/raw_vouchers/3885.jpg
NCU00372784,NCU,Packera anonyma (Alph.Wood) W.A.Weber & Á.Löve,"Mahoney, Alison McKenzie",Tier_1_Gold,None,35.967325,-79.097168,800.0,155,0.457531,-0.889193,Piedmont_Granite_Flatrocks,data/raw_vouchers/NCU00372784.jpg
WCUH0005527,WCUH,Senecio anonymus Alph.Wood,,Tier_3_Bronze,None,35.877226,-81.887664,1201.0,158,0.411054,-0.911611,Appalachian_Highlands,data/raw_vouchers/WCUH0005527.jpg
WCUH0005531,WCUH,Packera anonyma (Alph.Wood) W.A.Weber & Á.Löve,,Tier_3_Bronze,None,35.134335,-83.192257,187.0,152,0.502791,-0.864408,Appalachian_Highlands,data/raw_vouchers/WCUH0005531.jpg
WCUH0005535,WCUH,Packera anonyma (Alph.Wood) W.A.Weber & Á.Löve,,Tier_3_Bronze,None,34.637102,-83.713641,424.0,154,0.472759,-0.881192,Appalachian_Highlands,data/raw_vouchers/WCUH0005535.jpg
LYN-0005311,LYN,Senecio anonymus Alph.Wood,"Doyle, Jeff J.",Tier_3_Bronze,None,37.420846,-80.600564,300.0,154,0.472759,-0.881192,Piedmont_Granite_Flatrocks,data/raw_vouchers/LYN-0005311.jpg
LYN-0005336,LYN,Senecio anonymus Alph.Wood,"Doyle, Jeff J.",Tier_3_Bronze,None,38.048051,-79.715204,2590.0,154,0.472759,-0.881192,Piedmont_Granite_Flatrocks,data/raw_vouchers/LYN-0005336.jpg
TENN-V-0237175,TENN,"Senecio smallii Britton, 1893",R. S. Furr; Wm. F. Mahler,Tier_3_Bronze,None,33.800166,-84.159206,1483.0,132,0.764891,-0.644159,Appalachian_Highlands,data/raw_vouchers/TENN-V-0237175.jpg
NCU00011998,NCU,Packera anonyma (Alph.Wood) W.A.Weber & Á.Löve,"Mahoney, Alison McKenzie",Tier_1_Gold,None,36.941941,-79.876264,300.0,152,0.502791,-0.864408,Piedmont_Granite_Flatrocks,data/raw_vouchers/NCU00011998.jpg
NCU00377803,NCU,Packera anonyma (Alph.Wood) W.A.Weber & Á.Löve,"Mahoney, Alison McKenzie",Tier_1_Gold,None,34.37716,-80.086961,2188.0,136,0.718792,-0.695225,Piedmont_Granite_Flatrocks,data/raw_vouchers/NCU00377803.jpg
NCU00377946,NCU,Packera anonyma (Alph.Wood) W.A.Weber & Á.Löve,"Mahoney, Alison McKenzie",Tier_1_Gold,None,34.554764,-87.691564,1478.0,138,0.694452,-0.719539,Interior_Prairie_Midwest,data/raw_vouchers/NCU00377946.jpg
NCU00378033,NCU,"Senecio smallii Britton, 1893","Mahler, William F.",Tier_2_Silver,None,35.888028,-84.526043,377.0,145,0.602988,-0.79775,Interior_Prairie_Midwest,data/raw_vouchers/NCU00378033.jpg
NCU00378016,NCU,Packera anonyma (Alph.Wood) W.A.Weber & Á.Löve,"Mahoney, Alison McKenzie",Tier_1_Gold,None,36.165247,-84.037045,500.0,142,0.643337,-0.765584,Interior_Prairie_Midwest,data/raw_vouchers/NCU00378016.jpg
NCU00377979,NCU,Packera anonyma (Alph.Wood) W.A.Weber & Á.Löve,"Mahoney, Alison McKenzie",Tier_1_Gold,None,33.805978,-84.146031,1763.0,132,0.764891,-0.644159,Appalachian_Highlands,data/raw_vouchers/NCU00377979.jpg
NCU00377954,NCU,Packera anonyma (Alph.Wood) W.A.Weber & Á.Löve,"Mahoney, Alison McKenzie",Tier_1_Gold,None,34.232137,-87.88936,969.0,132,0.764891,-0.644159,Interior_Prairie_Midwest,data/raw_vouchers/NCU00377954.jpg
NCU00378047,NCU,Packera anonyma (Alph.Wood) W.A.Weber & Á.Löve,"Mahoney, Alison McKenzie",Tier_1_Gold,None,37.166667,-77.5,3000.0,149,0.546711,-0.837321,Coastal_Plain_Sandhills,data/raw_vouchers/NCU00378047.jpg
409746,MVSC,Packera anonyma (Alph.Wood) W.A.Weber & Á.Löve,Robert Kral,Tier_3_Bronze,None,34.495572,-87.279112,5000.0,138,0.694452,-0.719539,Interior_Prairie_Midwest,data/raw_vouchers/409746.jpg
442225,MVSC,Packera anonyma (Alph.Wood) W.A.Weber & Á.Löve,R. Kral,Tier_3_Bronze,None,33.150816,-85.640418,5000.0,140,0.66929,-0.743001,Piedmont_Granite_Flatrocks,data/raw_vouchers/442225.jpg
LYN-0005454,LYN,Packera anonyma (Alph.Wood) W.A.Weber & Á.Löve,"Ramsey, Gwynn W.",Tier_3_Bronze,None,37.20937,-79.935397,1807.0,143,0.630072,-0.776537,Piedmont_Granite_Flatrocks,data/raw_vouchers/LYN-0005454.jpg
339623,WS,Packera anonyma (Alph.Wood) W.A.Weber & Á.Löve,unknown,Tier_3_Bronze,None,35.05313,-85.050228,5000.0,126,0.827189,-0.561923,Interior_Prairie_Midwest,data/raw_vouchers/339623.jpg
BALT0036037,BALT,Packera anonyma (Alph.Wood) W.A.Weber & Á.Löve,Travis Poulsen,Tier_3_Bronze,None,34.232137,-87.88936,969.0,132,0.764891,-0.644159,Interior_Prairie_Midwest,data/raw_vouchers/BALT0036037.jpg
2601,WILLI,Packera anonyma (Alph.Wood) W.A.Weber & Á.Löve,"Trock, Debra",Tier_1_Gold,None,37.270762,-76.728565,1186.0,140,0.66929,-0.743001,Coastal_Plain_Sandhills,data/raw_vouchers/2601.jpg
NCU00378014,NCU,"Senecio smallii Britton, 1893","Chapman, Caywood",Tier_2_Silver,None,36.87697,-86.286581,290.0,157,0.426674,-0.904405,Interior_Prairie_Midwest,data/raw_vouchers/NCU00378014.jpg
NCU00377952,NCU,Packera anonyma (Alph.Wood) W.A.Weber & Á.Löve,"Mahoney, Alison McKenzie",Tier_1_Gold,None,32.604181,-85.481297,1874.0,101,0.986146,-0.165878,Interior_Prairie_Midwest,data/raw_vouchers/NCU00377952.jpg
NCU00377940,NCU,Packera anonyma (Alph.Wood) W.A.Weber & Á.Löve,"Mahoney, Alison McKenzie",Tier_1_Gold,None,33.098294,-86.445302,538.0,119,0.888701,-0.458487,Interior_Prairie_Midwest,data/raw_vouchers/NCU00377940.jpg
NCU00378050,NCU,Packera anonyma (Alph.Wood) W.A.Weber & Á.Löve,"Mahoney, Alison McKenzie",Tier_1_Gold,None,37.575052,-77.541109,1000.0,134,0.742281,-0.670089,Coastal_Plain_Sandhills,data/raw_vouchers/NCU00378050.jpg
NCU00011993,NCU,Packera anonyma (Alph.Wood) W.A.Weber & Á.Löve,"Mahoney, Alison McKenzie",Tier_1_Gold,None,33.485219,-85.808415,739.0,126,0.827189,-0.561923,Interior_Prairie_Midwest,data/raw_vouchers/NCU00011993.jpg
NCU00377817,NCU,Packera anonyma (Alph.Wood) W.A.Weber & Á.Löve,"Mahoney, Alison McKenzie",Tier_1_Gold,None,33.911965,-87.082944,201.0,128,0.807371,-0.590044,Interior_Prairie_Midwest,data/raw_vouchers/NCU00377817.jpg
NCU00011994,NCU,Packera anonyma (Alph.Wood) W.A.Weber & Á.Löve,"Mahoney, Alison McKenzie",Tier_1_Gold,None,33.752046,-85.811354,2755.0,136,0.718792,-0.695225,Interior_Prairie_Midwest,data/raw_vouchers/NCU00011994.jpg
NCU00378008,NCU,"Senecio smallii Britton, 1893","Demaree, Delzie",Tier_2_Silver,None,37.698431,-83.975658,3000.0,141,0.656411,-0.754404,Appalachian_Highlands,data/raw_vouchers/NCU00378008.jpg
NCU00377963,NCU,Packera anonyma (Alph.Wood) W.A.Weber & Á.Löve,"Mahoney, Alison McKenzie",Tier_1_Gold,None,33.739902,-87.325903,2248.0,131,0.775859,-0.630907,Interior_Prairie_Midwest,data/raw_vouchers/NCU00377963.jpg
NCU00377951,NCU,Packera anonyma (Alph.Wood) W.A.Weber & Á.Löve,"Mahoney, Alison McKenzie",Tier_1_Gold,None,34.572518,-87.392139,301.0,129,0.797102,-0.603845,Interior_Prairie_Midwest,data/raw_vouchers/NCU00377951.jpg
NCU00377965,NCU,Packera anonyma (Alph.Wood) W.A.Weber & Á.Löve,"Mahoney, Alison McKenzie",Tier_1_Gold,None,34.015939,-87.358346,3036.0,130,0.786597,-0.617467,Interior_Prairie_Midwest,data/raw_vouchers/NCU00377965.jpg
NCU00011995,NCU,Packera anonyma (Alph.Wood) W.A.Weber & Á.Löve,"Mahoney, Alison McKenzie",Tier_1_Gold,None,37.67357,-78.070163,300.0,161,0.363482,-0.931601,Piedmont_Granite_Flatrocks,data/raw_vouchers/NCU00011995.jpg
NCU00011996,NCU,Packera anonyma (Alph.Wood) W.A.Weber & Á.Löve,"Mahoney, Alison McKenzie",Tier_1_Gold,None,37.69896,-77.91585,300.0,161,0.363482,-0.931601,Coastal_Plain_Sandhills,data/raw_vouchers/NCU00011996.jpg
NCU00373752,NCU,Packera anonyma (Alph.Wood) W.A.Weber & Á.Löve,"Mahoney, Alison McKenzie",Tier_1_Gold,None,35.288533,-81.85755,1648.0,175,0.130793,-0.99141,Appalachian_Highlands,data/raw_vouchers/NCU00373752.jpg
NCU00378067,NCU,Packera anonyma (Alph.Wood) W.A.Weber & Á.Löve,"Mahoney, Alison McKenzie",Tier_1_Gold,None,37.467726,-77.806698,1123.0,159,0.395312,-0.918547,Coastal_Plain_Sandhills,data/raw_vouchers/NCU00378067.jpg
NCU00378042,NCU,"Senecio smallii Britton, 1893","Chapman, Caywood",Tier_2_Silver,None,37.431525,-79.749483,244.0,172,0.18176,-0.983343,Appalachian_Highlands,data/raw_vouchers/NCU00378042.jpg
LYN-0005452,LYN,Packera anonyma (Alph.Wood) W.A.Weber & Á.Löve,"Ramsey, Gwynn W.",Tier_3_Bronze,None,37.431653,-79.749537,200.0,172,0.18176,-0.983343,Appalachian_Highlands,data/raw_vouchers/LYN-0005452.jpg
LYN-0005314,LYN,Senecio anonymus Alph.Wood,"Doyle, Jeff J.",Tier_3_Bronze,None,36.818861,-80.216837,301.0,175,0.130793,-0.99141,Piedmont_Granite_Flatrocks,data/raw_vouchers/LYN-0005314.jpg
TENN-V-0237176,TENN,"Senecio smallii Britton, 1893",Lewis Lipps,Tier_3_Bronze,None,34.243724,-85.207253,1807.0,121,0.872404,-0.488785,Appalachian_Highlands,data/raw_vouchers/TENN-V-0237176.jpg
TENN-V-0237177,TENN,"Senecio smallii Britton, 1893",Lewis Lipps,Tier_3_Bronze,None,34.247697,-85.1997,1518.0,135,0.730644,-0.682758,Appalachian_Highlands,data/raw_vouchers/TENN-V-0237177.jpg
NCU00378068,NCU,Packera anonyma (Alph.Wood) W.A.Weber & Á.Löve,"Mahoney, Alison McKenzie",Tier_1_Gold,None,37.25716,-78.414943,3605.0,149,0.546711,-0.837321,Piedmont_Granite_Flatrocks,data/raw_vouchers/NCU00378068.jpg
NCU00377948,NCU,Packera anonyma (Alph.Wood) W.A.Weber & Á.Löve,"Mahoney, Alison McKenzie",Tier_1_Gold,None,32.854038,-87.671209,1703.0,135,0.730644,-0.682758,Interior_Prairie_Midwest,data/raw_vouchers/NCU00377948.jpg
442224,MVSC,Packera anonyma (Alph.Wood) W.A.Weber & Á.Löve,R. Kral,Tier_3_Bronze,None,33.171081,-87.156489,5000.0,129,0.797102,-0.603845,Coastal_Plain_Sandhills,data/raw_vouchers/442224.jpg
MMNS005775,MMNS,Packera anonyma (Alph.Wood) W.A.Weber & Á.Löve,Louis C. Temple,Tier_3_Bronze,None,34.65501,-88.25536,100.0,133,0.753698,-0.657221,Coastal_Plain_Sandhills,data/raw_vouchers/MMNS005775.jpg
NCU00378061,NCU,Packera anonyma (Alph.Wood) W.A.Weber & Á.Löve,"Mahoney, Alison McKenzie",Tier_1_Gold,None,37.18708,-80.45718,300.0,163,0.331221,-0.943553,Piedmont_Granite_Flatrocks,data/raw_vouchers/NCU00378061.jpg
HUDC00004848,HUDC,"Senecio smallii Britton, 1893",H. David Hammond,Tier_3_Bronze,None,39.055042,-77.034669,1495.0,164,0.314942,-0.949111,Appalachian_Highlands,data/raw_vouchers/HUDC00004848.jpg
HUDC00004849,HUDC,"Senecio smallii Britton, 1893",H. David Hammond,Tier_3_Bronze,None,39.055042,-77.034669,1495.0,164,0.314942,-0.949111,Appalachian_Highlands,data/raw_vouchers/HUDC00004849.jpg
LYN-0005308,LYN,Senecio anonymus Alph.Wood,"Doyle, Jeff J.",Tier_3_Bronze,None,37.070343,-78.974093,300.0,167,0.265563,-0.964094,Piedmont_Granite_Flatrocks,data/raw_vouchers/LYN-0005308.jpg
NCU00373767,NCU,Packera anonyma (Alph.Wood) W.A.Weber & Á.Löve,"Mahoney, Alison McKenzie",Tier_1_Gold,None,36.476507,-78.268104,1459.0,189,-0.109446,-0.993993,Piedmont_Granite_Flatrocks,data/raw_vouchers/NCU00373767.jpg
NCU00378038,NCU,Packera anonyma (Alph.Wood) W.A.Weber & Á.Löve,"Mahoney, Alison McKenzie",Tier_1_Gold,None,35.845621,-86.39027,3000.0,120,0.880683,-0.473706,Interior_Prairie_Midwest,data/raw_vouchers/NCU00378038.jpg
NCU00377993,NCU,Packera anonyma (Alph.Wood) W.A.Weber & Á.Löve,"Mahoney, Alison McKenzie",Tier_1_Gold,None,33.967892,-83.005144,500.0,130,0.786597,-0.617467,Piedmont_Granite_Flatrocks,data/raw_vouchers/NCU00377993.jpg
NCU00377805,NCU,Packera anonyma (Alph.Wood) W.A.Weber & Á.Löve,"Mahoney, Alison McKenzie",Tier_1_Gold,None,34.287853,-82.339924,2675.0,122,0.863867,-0.50372,Appalachian_Highlands,data/raw_vouchers/NCU00377805.jpg
ODU00011057,ODU,Packera anonyma (Alph.Wood) W.A.Weber & Á.Löve,J.R. Wells,Tier_3_Bronze,None,37.168157,-76.48268,858.0,135,0.730644,-0.682758,Coastal_Plain_Sandhills,data/raw_vouchers/ODU00011057.jpg
HUDC00004850,HUDC,"Senecio smallii Britton, 1893",H. David Hammond,Tier_3_Bronze,None,39.055042,-77.034669,1495.0,150,0.532227,-0.846602,Appalachian_Highlands,data/raw_vouchers/HUDC00004850.jpg
HUDC00004851,HUDC,"Senecio smallii Britton, 1893",H. David Hammond; Walter E. Davis,Tier_3_Bronze,None,39.055042,-77.034669,1495.0,150,0.532227,-0.846602,Appalachian_Highlands,data/raw_vouchers/HUDC00004851.jpg
HUDC00004852,HUDC,"Senecio smallii Britton, 1893",H. David Hammond,Tier_3_Bronze,None,39.055042,-77.034669,1495.0,150,0.532227,-0.846602,Appalachian_Highlands,data/raw_vouchers/HUDC00004852.jpg
WEWO0001368,WEWO,Packera anonyma (Alph.Wood) W.A.Weber & Á.Löve,"Sorrie, B. A.",Tier_3_Bronze,None,35.153836,-79.367534,1424.0,128,0.807371,-0.590044,Piedmont_Granite_Flatrocks,data/raw_vouchers/WEWO0001368.jpg
10500,WILLI,Packera anonyma (Alph.Wood) W.A.Weber & Á.Löve,"Trock, Debra",Tier_1_Gold,None,37.715445,-76.490527,289.0,145,0.602988,-0.79775,Coastal_Plain_Sandhills,data/raw_vouchers/10500.jpg
TENN-V-0236358,TENN,Senecio anonymus Alph.Wood,R. Dale Thomas,Tier_3_Bronze,None,35.801471,-83.651575,1055.0,160,0.379453,-0.925211,Appalachian_Highlands,data/raw_vouchers/TENN-V-0236358.jpg
WCUH0005614,WCUH,Packera anonyma (Alph.Wood) W.A.Weber & Á.Löve,,Tier_3_Bronze,None,35.308867,-83.18439,1193.0,172,0.18176,-0.983343,Appalachian_Highlands,data/raw_vouchers/WCUH0005614.jpg
WCUH0005608,WCUH,Packera anonyma (Alph.Wood) W.A.Weber & Á.Löve,"Stuart, Robert K.",Tier_3_Bronze,None,35.29371,-83.168846,1000.0,174,0.147827,-0.989013,Appalachian_Highlands,data/raw_vouchers/WCUH0005608.jpg
HUDC00004853,HUDC,"Senecio smallii Britton, 1893",H. David Hammond; Walter E. Davis,Tier_3_Bronze,None,39.055042,-77.034669,1495.0,161,0.363482,-0.931601,Appalachian_Highlands,data/raw_vouchers/HUDC00004853.jpg
NCU00378002,NCU,Packera anonyma (Alph.Wood) W.A.Weber & Á.Löve,"Mahoney, Alison McKenzie",Tier_1_Gold,None,33.766184,-83.85146,371.0,114,0.924803,-0.380447,Piedmont_Granite_Flatrocks,data/raw_vouchers/NCU00378002.jpg
TENN-V-0236357,TENN,Senecio anonymus Alph.Wood,R. Dale Thomas,Tier_3_Bronze,None,35.802167,-83.659128,778.0,128,0.807371,-0.590044,Appalachian_Highlands,data/raw_vouchers/TENN-V-0236357.jpg
NCU00377969,NCU,"Senecio smallii Britton, 1893","Chapman, Caywood",Tier_2_Silver,None,30.557788,-84.393696,832.0,131,0.775859,-0.630907,Coastal_Plain_Sandhills,data/raw_vouchers/NCU00377969.jpg
WCUH0005606,WCUH,Packera anonyma (Alph.Wood) W.A.Weber & Á.Löve,,Tier_3_Bronze,None,35.044359,-83.163361,188.0,174,0.147827,-0.989013,Appalachian_Highlands,data/raw_vouchers/WCUH0005606.jpg
NCU00377959,NCU,Packera anonyma (Alph.Wood) W.A.Weber & Á.Löve,"Mahoney, Alison McKenzie",Tier_1_Gold,None,33.92254,-86.307896,464.0,102,0.983147,-0.182817,Interior_Prairie_Midwest,data/raw_vouchers/NCU00377959.jpg
NCU00377962,NCU,Packera anonyma (Alph.Wood) W.A.Weber & Á.Löve,"Mahoney, Alison McKenzie",Tier_1_Gold,None,33.191811,-87.478623,778.0,118,0.896456,-0.443132,Interior_Prairie_Midwest,data/raw_vouchers/NCU00377962.jpg
NCU00378019,NCU,Packera anonyma (Alph.Wood) W.A.Weber & Á.Löve,"Mahoney, Alison McKenzie",Tier_1_Gold,None,35.882016,-84.809112,3000.0,129,0.797102,-0.603845,Interior_Prairie_Midwest,data/raw_vouchers/NCU00378019.jpg
NCU00378037,NCU,Packera anonyma (Alph.Wood) W.A.Weber & Á.Löve,"Mahoney, Alison McKenzie",Tier_1_Gold,None,35.757288,-86.531382,3000.0,131,0.775859,-0.630907,Interior_Prairie_Midwest,data/raw_vouchers/NCU00378037.jpg
NCU00378036,NCU,Packera anonyma (Alph.Wood) W.A.Weber & Á.Löve,"Mahoney, Alison McKenzie",Tier_1_Gold,None,35.845621,-86.39027,5000.0,130,0.786597,-0.617467,Interior_Prairie_Midwest,data/raw_vouchers/NCU00378036.jpg
NCU00378034,NCU,Packera anonyma (Alph.Wood) W.A.Weber & Á.Löve,"Mahoney, Alison McKenzie",Tier_1_Gold,None,35.85,-86.4,1000.0,131,0.775859,-0.630907,Interior_Prairie_Midwest,data/raw_vouchers/NCU00378034.jpg
NCU00378035,NCU,Packera anonyma (Alph.Wood) W.A.Weber & Á.Löve,"Mahoney, Alison McKenzie",Tier_1_Gold,None,35.757288,-86.531382,3000.0,131,0.775859,-0.630907,Interior_Prairie_Midwest,data/raw_vouchers/NCU00378035.jpg
NCU00378040,NCU,Packera anonyma (Alph.Wood) W.A.Weber & Á.Löve,"Mahoney, Alison McKenzie",Tier_1_Gold,None,35.757288,-86.531382,3000.0,131,0.775859,-0.630907,Interior_Prairie_Midwest,data/raw_vouchers/NCU00378040.jpg
LYN-0005315,LYN,Senecio anonymus Alph.Wood,"Doyle, Jeff J.",Tier_3_Bronze,None,36.585972,-79.395023,3000.0,132,0.764891,-0.644159,Piedmont_Granite_Flatrocks,data/raw_vouchers/LYN-0005315.jpg
MARY1052398,MARY,Packera anonyma (Alph.Wood) W.A.Weber & Á.Löve,Robert D. Rappleye,Tier_3_Bronze,None,38.873193,-76.679564,150.0,144,0.616621,-0.78726,Appalachian_Highlands,data/raw_vouchers/MARY1052398.jpg
NCU00377958,NCU,Packera anonyma (Alph.Wood) W.A.Weber & Á.Löve,"Mahoney, Alison McKenzie",Tier_1_Gold,None,33.921579,-86.306609,570.0,155,0.457531,-0.889193,Interior_Prairie_Midwest,data/raw_vouchers/NCU00377958.jpg
LOB118324,LOB,"Senecio smallii Britton, 1893",P.C. Baker,Tier_3_Bronze,None,35.9132,-79.055844,1929.0,143,0.630072,-0.776537,Piedmont_Granite_Flatrocks,data/raw_vouchers/LOB118324.jpg
NCU00377888,NCU,Packera anonyma (Alph.Wood) W.A.Weber & Á.Löve,"Mahoney, Alison McKenzie",Tier_1_Gold,None,34.668759,-80.52701,1807.0,113,0.93121,-0.364483,Piedmont_Granite_Flatrocks,data/raw_vouchers/NCU00377888.jpg
NCU00377961,NCU,Packera anonyma (Alph.Wood) W.A.Weber & Á.Löve,"Mahoney, Alison McKenzie",Tier_1_Gold,None,32.790449,-85.653223,3000.0,127,0.817401,-0.576069,Interior_Prairie_Midwest,data/raw_vouchers/NCU00377961.jpg
NCU00378041,NCU,Packera anonyma (Alph.Wood) W.A.Weber & Á.Löve,"Mahoney, Alison McKenzie",Tier_1_Gold,None,36.162172,-82.251761,1372.0,167,0.265563,-0.964094,Appalachian_Highlands,data/raw_vouchers/NCU00378041.jpg
NCU00372526,NCU,Packera anonyma (Alph.Wood) W.A.Weber & Á.Löve,"Mahoney, Alison McKenzie",Tier_1_Gold,None,35.631808,-80.926365,2958.0,110,0.948772,-0.315962,Piedmont_Granite_Flatrocks,data/raw_vouchers/NCU00372526.jpg
NCU00373771,NCU,Packera anonyma (Alph.Wood) W.A.Weber & Á.Löve,"Mahoney, Alison McKenzie",Tier_1_Gold,None,35.384863,-78.063932,2916.0,131,0.775859,-0.630907,Piedmont_Granite_Flatrocks,data/raw_vouchers/NCU00373771.jpg
NCU00373757,NCU,Packera anonyma (Alph.Wood) W.A.Weber & Á.Löve,"Mahoney, Alison McKenzie",Tier_1_Gold,None,35.483856,-80.284254,84.0,130,0.786597,-0.617467,Piedmont_Granite_Flatrocks,data/raw_vouchers/NCU00373757.jpg
321166,WS,Packera anonyma (Alph.Wood) W.A.Weber & Á.Löve,unknown,Tier_3_Bronze,None,35.052643,-78.949239,1500.0,137,0.706727,-0.707487,Piedmont_Granite_Flatrocks,data/raw_vouchers/321166.jpg
NCU00372536,NCU,Packera anonyma (Alph.Wood) W.A.Weber & Á.Löve,"Mahoney, Alison Mackenzie",Tier_1_Gold,None,34.408212,-78.84894,3000.0,115,0.918121,-0.396299,Piedmont_Granite_Flatrocks,data/raw_vouchers/NCU00372536.jpg
NCU00372587,NCU,Packera anonyma (Alph.Wood) W.A.Weber & Á.Löve,"Mahoney, Alison McKenzie",Tier_1_Gold,None,36.466444,-77.136115,3374.0,150,0.532227,-0.846602,Coastal_Plain_Sandhills,data/raw_vouchers/NCU00372587.jpg
NCU00372525,NCU,Packera anonyma (Alph.Wood) W.A.Weber & Á.Löve,"Mahoney, Alison McKenzie",Tier_1_Gold,None,36.268787,-79.215011,1360.0,142,0.643337,-0.765584,Piedmont_Granite_Flatrocks,data/raw_vouchers/NCU00372525.jpg
NCU00372514,NCU,Packera anonyma (Alph.Wood) W.A.Weber & Á.Löve,"Mahoney, Alison McKenzie",Tier_1_Gold,None,36.020417,-76.887514,2821.0,149,0.546711,-0.837321,Coastal_Plain_Sandhills,data/raw_vouchers/NCU00372514.jpg
NCU00373744,NCU,Packera anonyma (Alph.Wood) W.A.Weber & Á.Löve,"Mahoney, Alison McKenzie",Tier_1_Gold,None,35.546108,-79.923323,434.0,147,0.57519,-0.81802,Piedmont_Granite_Flatrocks,data/raw_vouchers/NCU00373744.jpg
NCU00372547,NCU,Packera anonyma (Alph.Wood) W.A.Weber & Á.Löve,"Mahoney, Alison Mackenzie",Tier_1_Gold,None,35.940434,-77.774055,3000.0,147,0.57519,-0.81802,Coastal_Plain_Sandhills,data/raw_vouchers/NCU00372547.jpg
NCU00372551,NCU,Packera anonyma (Alph.Wood) W.A.Weber & Á.Löve,"Mahoney, Alison McKenzie",Tier_1_Gold,None,36.484505,-76.577422,1057.0,129,0.797102,-0.603845,Coastal_Plain_Sandhills,data/raw_vouchers/NCU00372551.jpg
NCU00372569,NCU,Packera anonyma (Alph.Wood) W.A.Weber & Á.Löve,"Mahoney, Alison McKenzie",Tier_1_Gold,None,35.56406,-76.439984,2466.0,138,0.694452,-0.719539,Coastal_Plain_Sandhills,data/raw_vouchers/NCU00372569.jpg
NCU00372567,NCU,Packera anonyma (Alph.Wood) W.A.Weber & Á.Löve,"Mahoney, Alison McKenzie",Tier_1_Gold,None,36.426833,-77.066553,811.0,150,0.532227,-0.846602,Coastal_Plain_Sandhills,data/raw_vouchers/NCU00372567.jpg
NCU00372570,NCU,"Senecio smallii Britton, 1893","Chapman, Caywood",Tier_2_Silver,None,35.759439,-80.887553,1087.0,138,0.694452,-0.719539,Piedmont_Granite_Flatrocks,data/raw_vouchers/NCU00372570.jpg
NCU00373775,NCU,Packera anonyma (Alph.Wood) W.A.Weber & Á.Löve,"Mahoney, Alison McKenzie",Tier_1_Gold,None,35.730262,-78.189668,795.0,129,0.797102,-0.603845,Piedmont_Granite_Flatrocks,data/raw_vouchers/NCU00373775.jpg
NCU00372531,NCU,Packera anonyma (Alph.Wood) W.A.Weber & Á.Löve,"Mahoney, Alison Mackenzie",Tier_1_Gold,None,36.147672,-76.655781,1923.0,129,0.797102,-0.603845,Coastal_Plain_Sandhills,data/raw_vouchers/NCU00372531.jpg
NCU00373745,NCU,Packera anonyma (Alph.Wood) W.A.Weber & Á.Löve,"Mahoney, Alison McKenzie",Tier_1_Gold,None,35.546108,-79.923323,434.0,147,0.57519,-0.81802,Piedmont_Granite_Flatrocks,data/raw_vouchers/NCU00373745.jpg
NCU00377814,NCU,Packera anonyma (Alph.Wood) W.A.Weber & Á.Löve,"Mahoney, Alison McKenzie",Tier_1_Gold,None,34.639327,-79.932175,2299.0,133,0.753698,-0.657221,Coastal_Plain_Sandhills,data/raw_vouchers/NCU00377814.jpg
NCU00377889,NCU,Packera anonyma (Alph.Wood) W.A.Weber & Á.Löve,"Mahoney, Alison McKenzie",Tier_1_Gold,None,33.848374,-81.488293,300.0,136,0.718792,-0.695225,Coastal_Plain_Sandhills,data/raw_vouchers/NCU00377889.jpg
WCUH0005607,WCUH,Packera anonyma (Alph.Wood) W.A.Weber & Á.Löve,"Stewart, Shelton",Tier_3_Bronze,None,35.525003,-78.985378,688.0,131,0.775859,-0.630907,Piedmont_Granite_Flatrocks,data/raw_vouchers/WCUH0005607.jpg
ODU00011058,ODU,Packera anonyma (Alph.Wood) W.A.Weber & Á.Löve,C. Ritchie Bell,Tier_3_Bronze,None,35.823345,-79.573637,487.0,147,0.57519,-0.81802,Piedmont_Granite_Flatrocks,data/raw_vouchers/ODU00011058.jpg
3087231,NY,Packera anonyma (Alph.Wood) W.A.Weber & Á.Löve,T. M. Barkley,Tier_1_Gold,None,39.910758,-75.714347,1127.0,157,0.426674,-0.904405,Appalachian_Highlands,data/raw_vouchers/3087231.jpg
3087295,NY,Packera anonyma (Alph.Wood) W.A.Weber & Á.Löve,T. M. Barkley,Tier_1_Gold,None,39.910758,-75.714347,1127.0,157,0.426674,-0.904405,Appalachian_Highlands,data/raw_vouchers/3087295.jpg
NCU00372512,NCU,Packera anonyma (Alph.Wood) W.A.Weber & Á.Löve,"Mahoney, Alison McKenzie",Tier_1_Gold,None,35.938186,-82.00869,1269.0,168,0.24894,-0.968519,Appalachian_Highlands,data/raw_vouchers/NCU00372512.jpg
NCU00373776,NCU,Packera anonyma (Alph.Wood) W.A.Weber & Á.Löve,"Mahoney, Alison McKenzie",Tier_1_Gold,None,35.752643,-82.274131,1807.0,179,0.062318,-0.998056,Appalachian_Highlands,data/raw_vouchers/NCU00373776.jpg
NCU00372788,NCU,Packera anonyma (Alph.Wood) W.A.Weber & Á.Löve,"Mahoney, Alison McKenzie",Tier_1_Gold,None,35.807103,-77.378856,1677.0,165,0.298569,-0.954388,Coastal_Plain_Sandhills,data/raw_vouchers/NCU00372788.jpg
NCU00372787,NCU,Packera anonyma (Alph.Wood) W.A.Weber & Á.Löve,"Mahoney, Alison McKenzie",Tier_1_Gold,None,36.351004,-78.89723,778.0,153,0.487847,-0.872929,Piedmont_Granite_Flatrocks,data/raw_vouchers/NCU00372787.jpg
NCU00373758,NCU,Packera anonyma (Alph.Wood) W.A.Weber & Á.Löve,"Mahoney, Alison McKenzie",Tier_1_Gold,None,36.26939,-80.06481,1525.0,155,0.457531,-0.889193,Piedmont_Granite_Flatrocks,data/raw_vouchers/NCU00373758.jpg
NCU00372556,NCU,Packera anonyma (Alph.Wood) W.A.Weber & Á.Löve,"Mahoney, Alison McKenzie",Tier_1_Gold,None,35.939788,-79.8667,2885.0,154,0.472759,-0.881192,Piedmont_Granite_Flatrocks,data/raw_vouchers/NCU00372556.jpg
NCU00372562,NCU,Packera anonyma (Alph.Wood) W.A.Weber & Á.Löve,"Mahoney, Alison McKenzie",Tier_1_Gold,None,35.329272,-82.894576,671.0,178,0.079477,-0.996837,Appalachian_Highlands,data/raw_vouchers/NCU00372562.jpg
NCU00372579,NCU,Packera anonyma (Alph.Wood) W.A.Weber & Á.Löve,"Mahoney, Alison McKenzie",Tier_1_Gold,None,35.791729,-82.66752,112.0,157,0.426674,-0.904405,Appalachian_Highlands,data/raw_vouchers/NCU00372579.jpg
NCU00373777,NCU,Packera anonyma (Alph.Wood) W.A.Weber & Á.Löve,"Mahoney, Alison McKenzie",Tier_1_Gold,None,35.92773,-82.452473,474.0,158,0.411054,-0.911611,Appalachian_Highlands,data/raw_vouchers/NCU00373777.jpg
DUKE10121379,DUKE,Senecio anonymus Alph.Wood,W.B. Schofield; M.B. Schofield,Tier_3_Bronze,None,35.55,-83.55,984.0,176,0.11372,-0.993513,Appalachian_Highlands,data/raw_vouchers/DUKE10121379.jpg
NCU00372785,NCU,Packera anonyma (Alph.Wood) W.A.Weber & Á.Löve,"Mahoney, Alison McKenzie",Tier_1_Gold,None,35.13905,-76.977873,793.0,186,-0.058026,-0.998315,Coastal_Plain_Sandhills,data/raw_vouchers/NCU00372785.jpg
NCU00372546,NCU,Packera anonyma (Alph.Wood) W.A.Weber & Á.Löve,"Mahoney, Alison Mackenzie",Tier_1_Gold,None,35.071786,-78.120944,300.0,117,0.903946,-0.427646,Piedmont_Granite_Flatrocks,data/raw_vouchers/NCU00372546.jpg
NCU00372588,NCU,Packera anonyma (Alph.Wood) W.A.Weber & Á.Löve,"Mahoney, Alison McKenzie",Tier_1_Gold,None,34.732981,-77.589039,500.0,118,0.896456,-0.443132,Coastal_Plain_Sandhills,data/raw_vouchers/NCU00372588.jpg
NCU00372545,NCU,Packera anonyma (Alph.Wood) W.A.Weber & Á.Löve,"Mahoney, Alison Mackenzie",Tier_1_Gold,None,35.071786,-78.120944,300.0,117,0.903946,-0.427646,Piedmont_Granite_Flatrocks,data/raw_vouchers/NCU00372545.jpg
NCU00372558,NCU,Packera anonyma (Alph.Wood) W.A.Weber & Á.Löve,"Mahoney, Alison McKenzie",Tier_1_Gold,None,35.41178,-78.791677,1808.0,114,0.924803,-0.380447,Piedmont_Granite_Flatrocks,data/raw_vouchers/NCU00372558.jpg
NCU00377903,NCU,Packera anonyma (Alph.Wood) W.A.Weber & Á.Löve,"Mahoney, Alison McKenzie",Tier_1_Gold,None,34.112375,-80.546162,300.0,109,0.954067,-0.299595,Piedmont_Granite_Flatrocks,data/raw_vouchers/NCU00377903.jpg
NCU00377905,NCU,Packera anonyma (Alph.Wood) W.A.Weber & Á.Löve,"Mahoney, Alison McKenzie",Tier_1_Gold,None,33.432185,-79.834401,2614.0,111,0.943196,-0.332235,Piedmont_Granite_Flatrocks,data/raw_vouchers/NCU00377905.jpg
TENN-V-0237174,TENN,"Senecio smallii Britton, 1893",M. P. Burbanck,Tier_3_Bronze,None,33.664338,-84.11721,1080.0,137,0.706727,-0.707487,Piedmont_Granite_Flatrocks,data/raw_vouchers/TENN-V-0237174.jpg
NCU00372575,NCU,Packera anonyma (Alph.Wood) W.A.Weber & Á.Löve,"Mahoney, Alison McKenzie",Tier_1_Gold,None,35.278242,-77.7833,2068.0,126,0.827189,-0.561923,Coastal_Plain_Sandhills,data/raw_vouchers/NCU00372575.jpg
NCU00372565,NCU,Packera anonyma (Alph.Wood) W.A.Weber & Á.Löve,"Mahoney, Alison McKenzie",Tier_1_Gold,None,35.375386,-82.322667,391.0,140,0.66929,-0.743001,Appalachian_Highlands,data/raw_vouchers/NCU00372565.jpg
NCU00373755,NCU,Packera anonyma (Alph.Wood) W.A.Weber & Á.Löve,"Mahoney, Alison McKenzie",Tier_1_Gold,None,34.93575,-79.427382,1555.0,128,0.807371,-0.590044,Piedmont_Granite_Flatrocks,data/raw_vouchers/NCU00373755.jpg
NCU00373773,NCU,Packera anonyma (Alph.Wood) W.A.Weber & Á.Löve,"Mahoney, Alison McKenzie",Tier_1_Gold,None,35.449953,-78.12369,1024.0,123,0.855075,-0.518505,Piedmont_Granite_Flatrocks,data/raw_vouchers/NCU00373773.jpg
NCU00372568,NCU,Packera anonyma (Alph.Wood) W.A.Weber & Á.Löve,"Mahoney, Alison McKenzie",Tier_1_Gold,None,35.089743,-79.371896,300.0,131,0.775859,-0.630907,Coastal_Plain_Sandhills,data/raw_vouchers/NCU00372568.jpg
NCU00377811,NCU,"Senecio smallii Britton, 1893","Chapman, Caywood",Tier_2_Silver,None,33.632455,-80.856782,300.0,139,0.681972,-0.731378,Piedmont_Granite_Flatrocks,data/raw_vouchers/NCU00377811.jpg
NCU00377891,NCU,Packera anonyma (Alph.Wood) W.A.Weber & Á.Löve,"Mahoney, Alison McKenzie",Tier_1_Gold,None,33.655406,-79.305166,990.0,146,0.589176,-0.808005,Piedmont_Granite_Flatrocks,data/raw_vouchers/NCU00377891.jpg
NCU00377813,NCU,Packera anonyma (Alph.Wood) W.A.Weber & Á.Löve,"Mahoney, Alison McKenzie",Tier_1_Gold,None,34.600426,-81.39639,712.0,133,0.753698,-0.657221,Appalachian_Highlands,data/raw_vouchers/NCU00377813.jpg
NCU00377895,NCU,Packera anonyma (Alph.Wood) W.A.Weber & Á.Löve,"Mahoney, Alison McKenzie",Tier_1_Gold,None,33.473778,-80.808974,1681.0,138,0.694452,-0.719539,Piedmont_Granite_Flatrocks,data/raw_vouchers/NCU00377895.jpg
NCU00377887,NCU,Packera anonyma (Alph.Wood) W.A.Weber & Á.Löve,"Mahoney, Alison McKenzie",Tier_1_Gold,None,33.884616,-78.687516,301.0,145,0.602988,-0.79775,Piedmont_Granite_Flatrocks,data/raw_vouchers/NCU00377887.jpg
NCU00377893,NCU,"Senecio smallii Britton, 1893","Chapman, Caywood",Tier_2_Silver,None,34.210532,-81.699594,2095.0,131,0.775859,-0.630907,Appalachian_Highlands,data/raw_vouchers/NCU00377893.jpg
NCU00377810,NCU,Packera anonyma (Alph.Wood) W.A.Weber & Á.Löve,"Mahoney, Alison McKenzie",Tier_1_Gold,None,33.33994,-81.056216,1200.0,146,0.589176,-0.808005,Appalachian_Highlands,data/raw_vouchers/NCU00377810.jpg
NCU00377881,NCU,Packera anonyma (Alph.Wood) W.A.Weber & Á.Löve,"Mahoney, Alison McKenzie",Tier_1_Gold,None,33.622366,-81.921534,2438.0,132,0.764891,-0.644159,Appalachian_Highlands,data/raw_vouchers/NCU00377881.jpg
NCU00377820,NCU,Packera anonyma (Alph.Wood) W.A.Weber & Á.Löve,"Mahoney, Alison McKenzie",Tier_1_Gold,None,33.198544,-80.692658,1817.0,147,0.57519,-0.81802,Piedmont_Granite_Flatrocks,data/raw_vouchers/NCU00377820.jpg
NCU00377892,NCU,Packera anonyma (Alph.Wood) W.A.Weber & Á.Löve,"Mahoney, Alison McKenzie",Tier_1_Gold,None,33.596017,-82.126568,660.0,131,0.775859,-0.630907,Appalachian_Highlands,data/raw_vouchers/NCU00377892.jpg
NCU00377980,NCU,Packera anonyma (Alph.Wood) W.A.Weber & Á.Löve,"Mahoney, Alison McKenzie",Tier_1_Gold,None,33.665109,-84.11825,1000.0,137,0.706727,-0.707487,Piedmont_Granite_Flatrocks,data/raw_vouchers/NCU00377980.jpg
NCU00377806,NCU,"Senecio smallii Britton, 1893","Chapman, Caywood",Tier_2_Silver,None,34.051088,-82.566162,2359.0,133,0.753698,-0.657221,Appalachian_Highlands,data/raw_vouchers/NCU00377806.jpg
NCU00377883,NCU,Packera anonyma (Alph.Wood) W.A.Weber & Á.Löve,"Mahoney, Alison McKenzie",Tier_1_Gold,None,34.217793,-79.785158,1102.0,144,0.616621,-0.78726,Piedmont_Granite_Flatrocks,data/raw_vouchers/NCU00377883.jpg
ODU00011060,ODU,Packera anonyma (Alph.Wood) W.A.Weber & Á.Löve,P.J. Crutchfield,Tier_3_Bronze,None,35.895776,-79.023697,297.0,126,0.827189,-0.561923,Piedmont_Granite_Flatrocks,data/raw_vouchers/ODU00011060.jpg
LYN-0005451,LYN,Packera anonyma (Alph.Wood) W.A.Weber & Á.Löve,"Ramsey, Gwynn W.",Tier_3_Bronze,None,37.573051,-79.35113,3200.0,137,0.706727,-0.707487,Appalachian_Highlands,data/raw_vouchers/LYN-0005451.jpg
IND-0138307,IND,Packera anonyma (Alph.Wood) W.A.Weber & Á.Löve,Harry E. Ahles; M. Neuber,Tier_3_Bronze,None,35.089743,-79.371896,300.0,131,0.775859,-0.630907,Coastal_Plain_Sandhills,data/raw_vouchers/IND-0138307.jpg
NCU00372519,NCU,Packera anonyma (Alph.Wood) W.A.Weber & Á.Löve,"Mahoney, Alison McKenzie",Tier_1_Gold,None,35.683246,-81.459929,3000.0,161,0.363482,-0.931601,Appalachian_Highlands,data/raw_vouchers/NCU00372519.jpg
NCU00372527,NCU,Packera anonyma (Alph.Wood) W.A.Weber & Á.Löve,"Mahoney, Alison McKenzie",Tier_1_Gold,None,35.706522,-81.218693,1175.0,163,0.331221,-0.943553,Appalachian_Highlands,data/raw_vouchers/NCU00372527.jpg
NCU00372576,NCU,Packera anonyma (Alph.Wood) W.A.Weber & Á.Löve,"Mahoney, Alison McKenzie",Tier_1_Gold,None,35.5167,-81.128966,881.0,162,0.347403,-0.937716,Appalachian_Highlands,data/raw_vouchers/NCU00372576.jpg
NCU00373761,NCU,"Senecio smallii Britton, 1893","Chapman, Caywood",Tier_2_Silver,None,35.298716,-82.91041,301.0,159,0.395312,-0.918547,Appalachian_Highlands,data/raw_vouchers/NCU00373761.jpg
NCU00377906,NCU,"Senecio smallii Britton, 1893","Chapman, Caywood",Tier_2_Silver,None,35.123039,-81.28587,1882.0,156,0.442168,-0.896932,Appalachian_Highlands,data/raw_vouchers/NCU00377906.jpg
NCU00377902,NCU,Packera anonyma (Alph.Wood) W.A.Weber & Á.Löve,"Mahoney, Alison McKenzie",Tier_1_Gold,None,34.675354,-81.879812,952.0,155,0.457531,-0.889193,Appalachian_Highlands,data/raw_vouchers/NCU00377902.jpg
NCU00372563,NCU,Packera anonyma (Alph.Wood) W.A.Weber & Á.Löve,"Mahoney, Alison McKenzie",Tier_1_Gold,None,35.416126,-82.873924,2809.0,191,-0.143572,-0.98964,Appalachian_Highlands,data/raw_vouchers/NCU00372563.jpg
NCU00372571,NCU,Packera anonyma (Alph.Wood) W.A.Weber & Á.Löve,"Mahoney, Alison McKenzie",Tier_1_Gold,None,35.464194,-83.13772,301.0,189,-0.109446,-0.993993,Appalachian_Highlands,data/raw_vouchers/NCU00372571.jpg
NCU00377884,NCU,Packera anonyma (Alph.Wood) W.A.Weber & Á.Löve,"Mahoney, Alison McKenzie",Tier_1_Gold,None,33.912303,-79.844589,1800.0,262,-0.978989,-0.203914,Piedmont_Granite_Flatrocks,data/raw_vouchers/NCU00377884.jpg
NCU00372520,NCU,Packera anonyma (Alph.Wood) W.A.Weber & Á.Löve,"Mahoney, Alison McKenzie",Tier_1_Gold,None,35.480608,-80.589056,873.0,120,0.880683,-0.473706,Piedmont_Granite_Flatrocks,data/raw_vouchers/NCU00372520.jpg
NCU00372507,NCU,"Senecio smallii Britton, 1893","Chapman, Caywood",Tier_2_Silver,None,36.024312,-81.049303,3438.0,134,0.742281,-0.670089,Appalachian_Highlands,data/raw_vouchers/NCU00372507.jpg
NCU00372584,NCU,Packera anonyma (Alph.Wood) W.A.Weber & Á.Löve,"Mahoney, Alison McKenzie",Tier_1_Gold,None,35.352529,-79.493976,1715.0,134,0.742281,-0.670089,Piedmont_Granite_Flatrocks,data/raw_vouchers/NCU00372584.jpg
NCU00372585,NCU,Packera anonyma (Alph.Wood) W.A.Weber & Á.Löve,"Mahoney, Alison McKenzie",Tier_1_Gold,None,35.845693,-78.209902,3203.0,122,0.863867,-0.50372,Piedmont_Granite_Flatrocks,data/raw_vouchers/NCU00372585.jpg
NCU00373742,NCU,"Senecio smallii Britton, 1893","Chapman, Caywood",Tier_2_Silver,None,35.728209,-79.938025,500.0,132,0.764891,-0.644159,Piedmont_Granite_Flatrocks,data/raw_vouchers/NCU00373742.jpg
NCU00373766,NCU,Packera anonyma (Alph.Wood) W.A.Weber & Á.Löve,"Mahoney, Alison McKenzie",Tier_1_Gold,None,36.421812,-78.283051,301.0,145,0.602988,-0.79775,Piedmont_Granite_Flatrocks,data/raw_vouchers/NCU00373766.jpg
NCU00372544,NCU,"Senecio smallii Britton, 1893","Chapman, Caywood",Tier_2_Silver,None,35.828477,-80.433128,1465.0,132,0.764891,-0.644159,Piedmont_Granite_Flatrocks,data/raw_vouchers/NCU00372544.jpg
NCU00372555,NCU,Packera anonyma (Alph.Wood) W.A.Weber & Á.Löve,"Mahoney, Alison McKenzie",Tier_1_Gold,None,36.122368,-78.686114,3000.0,143,0.630072,-0.776537,Piedmont_Granite_Flatrocks,data/raw_vouchers/NCU00372555.jpg
NCU00372521,NCU,Packera anonyma (Alph.Wood) W.A.Weber & Á.Löve,"Mahoney, Alison McKenzie",Tier_1_Gold,None,35.938415,-81.645832,300.0,133,0.753698,-0.657221,Appalachian_Highlands,data/raw_vouchers/NCU00372521.jpg
NCU00373746,NCU,Packera anonyma (Alph.Wood) W.A.Weber & Á.Löve,"Mahoney, Alison McKenzie",Tier_1_Gold,None,35.081602,-79.589607,2339.0,140,0.66929,-0.743001,Piedmont_Granite_Flatrocks,data/raw_vouchers/NCU00373746.jpg
NCU00372553,NCU,Packera anonyma (Alph.Wood) W.A.Weber & Á.Löve,"Mahoney, Alison McKenzie",Tier_1_Gold,None,35.39655,-83.638523,699.0,150,0.532227,-0.846602,Appalachian_Highlands,data/raw_vouchers/NCU00372553.jpg
NCU00373763,NCU,Packera anonyma (Alph.Wood) W.A.Weber & Á.Löve,"Mahoney, Alison McKenzie",Tier_1_Gold,None,36.430214,-78.431835,616.0,143,0.630072,-0.776537,Piedmont_Granite_Flatrocks,data/raw_vouchers/NCU00373763.jpg
NCU00373778,NCU,Packera anonyma (Alph.Wood) W.A.Weber & Á.Löve,"Mahoney, Alison McKenzie",Tier_1_Gold,None,36.108553,-80.856778,2000.0,134,0.742281,-0.670089,Piedmont_Granite_Flatrocks,data/raw_vouchers/NCU00373778.jpg
NCU00373748,NCU,Packera anonyma (Alph.Wood) W.A.Weber & Á.Löve,"Mahoney, Alison McKenzie",Tier_1_Gold,None,35.719856,-80.398001,505.0,147,0.57519,-0.81802,Piedmont_Granite_Flatrocks,data/raw_vouchers/NCU00373748.jpg
NCU00373756,NCU,Packera anonyma (Alph.Wood) W.A.Weber & Á.Löve,"Mahoney, Alison McKenzie",Tier_1_Gold,None,35.37071,-80.144341,1838.0,124,0.846029,-0.533137,Piedmont_Granite_Flatrocks,data/raw_vouchers/NCU00373756.jpg
NCU00377809,NCU,Packera anonyma (Alph.Wood) W.A.Weber & Á.Löve,"Mahoney, Alison McKenzie",Tier_1_Gold,None,34.501573,-82.952551,1328.0,152,0.502791,-0.864408,Appalachian_Highlands,data/raw_vouchers/NCU00377809.jpg
NCU00377807,NCU,Packera anonyma (Alph.Wood) W.A.Weber & Á.Löve,"Mahoney, Alison McKenzie",Tier_1_Gold,None,32.890032,-81.341077,2058.0,134,0.742281,-0.670089,Appalachian_Highlands,data/raw_vouchers/NCU00377807.jpg
NCU00377808,NCU,Packera anonyma (Alph.Wood) W.A.Weber & Á.Löve,"Mahoney, Alison McKenzie",Tier_1_Gold,None,32.890032,-81.341077,2058.0,134,0.742281,-0.670089,Appalachian_Highlands,data/raw_vouchers/NCU00377808.jpg
NCU00377815,NCU,Packera anonyma (Alph.Wood) W.A.Weber & Á.Löve,"Mahoney, Alison McKenzie",Tier_1_Gold,None,33.070241,-80.947488,458.0,128,0.807371,-0.590044,Piedmont_Granite_Flatrocks,data/raw_vouchers/NCU00377815.jpg
NCU00377816,NCU,Packera anonyma (Alph.Wood) W.A.Weber & Á.Löve,"Mahoney, Alison McKenzie",Tier_1_Gold,None,33.070241,-80.947488,458.0,128,0.807371,-0.590044,Piedmont_Granite_Flatrocks,data/raw_vouchers/NCU00377816.jpg
NCU00377972,NCU,"Senecio smallii Britton, 1893","Chapman, Caywood",Tier_2_Silver,None,30.792561,-86.682803,359.0,131,0.775859,-0.630907,Coastal_Plain_Sandhills,data/raw_vouchers/NCU00377972.jpg
NCU00372580,NCU,Packera anonyma (Alph.Wood) W.A.Weber & Á.Löve,"Mahoney, Alison McKenzie",Tier_1_Gold,None,35.628025,-82.262094,1137.0,163,0.331221,-0.943553,Appalachian_Highlands,data/raw_vouchers/NCU00372580.jpg
NCU00372542,NCU,Packera anonyma (Alph.Wood) W.A.Weber & Á.Löve,"Mahoney, Alison Mackenzie",Tier_1_Gold,None,35.761367,-80.105504,300.0,168,0.24894,-0.968519,Piedmont_Granite_Flatrocks,data/raw_vouchers/NCU00372542.jpg
NCU00372550,NCU,Packera anonyma (Alph.Wood) W.A.Weber & Á.Löve,"Mahoney, Alison McKenzie",Tier_1_Gold,None,35.372479,-81.202302,1511.0,173,0.164818,-0.986324,Appalachian_Highlands,data/raw_vouchers/NCU00372550.jpg
NCU00373774,NCU,Packera anonyma (Alph.Wood) W.A.Weber & Á.Löve,"Mahoney, Alison McKenzie",Tier_1_Gold,None,36.369574,-81.236577,300.0,176,0.11372,-0.993513,Appalachian_Highlands,data/raw_vouchers/NCU00373774.jpg
NCU00372535,NCU,Packera anonyma (Alph.Wood) W.A.Weber & Á.Löve,"Mahoney, Alison Mackenzie",Tier_1_Gold,None,35.424161,-81.557737,400.0,174,0.147827,-0.989013,Appalachian_Highlands,data/raw_vouchers/NCU00372535.jpg
NCU00372559,NCU,"Senecio smallii Britton, 1893","Chapman, Caywood",Tier_2_Silver,None,36.468152,-77.7164,3182.0,171,0.198648,-0.980071,Coastal_Plain_Sandhills,data/raw_vouchers/NCU00372559.jpg
NCU00377894,NCU,Packera anonyma (Alph.Wood) W.A.Weber & Á.Löve,"Mahoney, Alison McKenzie",Tier_1_Gold,None,34.802101,-83.125984,567.0,156,0.442168,-0.896932,Appalachian_Highlands,data/raw_vouchers/NCU00377894.jpg
NCU00377897,NCU,Packera anonyma (Alph.Wood) W.A.Weber & Á.Löve,"Mahler, William F.",Tier_2_Silver,None,35.061905,-82.817498,300.0,160,0.379453,-0.925211,Appalachian_Highlands,data/raw_vouchers/NCU00377897.jpg
NCU00377900,NCU,Packera anonyma (Alph.Wood) W.A.Weber & Á.Löve,"Mahoney, Alison McKenzie",Tier_1_Gold,None,35.116156,-81.905137,2088.0,161,0.363482,-0.931601,Appalachian_Highlands,data/raw_vouchers/NCU00377900.jpg
NCU00377901,NCU,Packera anonyma (Alph.Wood) W.A.Weber & Á.Löve,"Mahoney, Alison McKenzie",Tier_1_Gold,None,35.116156,-81.905137,2088.0,161,0.363482,-0.931601,Appalachian_Highlands,data/raw_vouchers/NCU00377901.jpg
NCU00377890,NCU,Packera anonyma (Alph.Wood) W.A.Weber & Á.Löve,"Mahoney, Alison McKenzie",Tier_1_Gold,None,34.537275,-79.683572,1176.0,162,0.347403,-0.937716,Piedmont_Granite_Flatrocks,data/raw_vouchers/NCU00377890.jpg
NCU00372552,NCU,Packera anonyma (Alph.Wood) W.A.Weber & Á.Löve,"Mahoney, Alison McKenzie",Tier_1_Gold,None,35.336225,-84.028958,300.0,232,-0.750864,-0.660457,Appalachian_Highlands,data/raw_vouchers/NCU00372552.jpg
GA079324,GA,Packera anonyma (Alph.Wood) W.A.Weber & Á.Löve,"Duncan, W; Adams, W. P.",Tier_3_Bronze,None,34.222864,-84.017026,2427.0,141,0.656411,-0.754404,Appalachian_Highlands,data/raw_vouchers/GA079324.jpg
NCU00372528,NCU,Packera anonyma (Alph.Wood) W.A.Weber & Á.Löve,"Mahoney, Alison McKenzie",Tier_1_Gold,None,35.601415,-79.055279,799.0,177,0.096613,-0.995322,Piedmont_Granite_Flatrocks,data/raw_vouchers/NCU00372528.jpg
WCUH0005599,WCUH,Packera anonyma (Alph.Wood) W.A.Weber & Á.Löve,,Tier_3_Bronze,None,35.308867,-83.18439,1193.0,162,0.347403,-0.937716,Appalachian_Highlands,data/raw_vouchers/WCUH0005599.jpg
USCH0012904,USCH,Senecio anonymus Alph.Wood,"Barkley, T. M.",Tier_1_Gold,None,33.315977,-81.714554,200.0,112,0.937342,-0.348411,Appalachian_Highlands,data/raw_vouchers/USCH0012904.jpg
UNA00049165,UNA,Packera anonyma (Alph.Wood) W.A.Weber & Á.Löve,D. Trock,Tier_1_Gold,None,33.2,-87.21,250.0,127,0.817401,-0.576069,Interior_Prairie_Midwest,data/raw_vouchers/UNA00049165.jpg
224527,WS,Packera anonyma (Alph.Wood) W.A.Weber & Á.Löve,unknown,Tier_3_Bronze,None,37.930953,-82.438476,3000.0,160,0.379453,-0.925211,Appalachian_Highlands,data/raw_vouchers/224527.jpg
NCU00377942,NCU,Packera anonyma (Alph.Wood) W.A.Weber & Á.Löve,"Mahoney, Alison McKenzie",Tier_1_Gold,None,31.747384,-86.426916,3980.0,80,0.981125,0.193376,Interior_Prairie_Midwest,data/raw_vouchers/NCU00377942.jpg
TENN-V-0237172,TENN,"Senecio smallii Britton, 1893",T. M. Bartley,Tier_2_Silver,None,34.952833,-85.21038,590.0,126,0.827189,-0.561923,Interior_Prairie_Midwest,data/raw_vouchers/TENN-V-0237172.jpg
NCU00372782,NCU,Packera anonyma (Alph.Wood) W.A.Weber & Á.Löve,"Mahoney, Alison McKenzie",Tier_1_Gold,None,35.900158,-79.051246,565.0,124,0.846029,-0.533137,Piedmont_Granite_Flatrocks,data/raw_vouchers/NCU00372782.jpg
202716,WS,Packera anonyma (Alph.Wood) W.A.Weber & Á.Löve,unknown,Tier_3_Bronze,None,35.993285,-82.156295,1200.0,164,0.314942,-0.949111,Appalachian_Highlands,data/raw_vouchers/202716.jpg
TENN-V-0236344,TENN,"Senecio smallii Britton, 1893",T. M. Barkley,Tier_1_Gold,None,35.871749,-84.527424,3106.0,127,0.817401,-0.576069,Interior_Prairie_Midwest,data/raw_vouchers/TENN-V-0236344.jpg
19693,WILLI,Packera anonyma (Alph.Wood) W.A.Weber & Á.Löve,"Trock, Debra",Tier_1_Gold,None,37.256201,-76.707457,805.0,136,0.718792,-0.695225,Coastal_Plain_Sandhills,data/raw_vouchers/19693.jpg
WCUH0005612,WCUH,Packera anonyma (Alph.Wood) W.A.Weber & Á.Löve,,Tier_3_Bronze,None,35.421885,-83.095825,283.0,213,-0.499069,-0.866562,Appalachian_Highlands,data/raw_vouchers/WCUH0005612.jpg
NCU00372598,NCU,Packera anonyma (Alph.Wood) W.A.Weber & Á.Löve,"Mahoney, Alison McKenzie",Tier_1_Gold,None,35.910144,-79.048622,608.0,123,0.855075,-0.518505,Piedmont_Granite_Flatrocks,data/raw_vouchers/NCU00372598.jpg
191220,WS,Packera anonyma (Alph.Wood) W.A.Weber & Á.Löve,unknown,Tier_3_Bronze,None,34.149337,-78.093605,1000.0,141,0.656411,-0.754404,Piedmont_Granite_Flatrocks,data/raw_vouchers/191220.jpg
MARY1052406,MARY,Packera anonyma (Alph.Wood) W.A.Weber & Á.Löve,Eduards Baltars,Tier_3_Bronze,None,39.621065,-77.42627,2467.0,140,0.66929,-0.743001,Appalachian_Highlands,data/raw_vouchers/MARY1052406.jpg
19694,WILLI,Packera anonyma (Alph.Wood) W.A.Weber & Á.Löve,"Trock, Debra",Tier_1_Gold,None,37.263099,-76.715805,380.0,141,0.656411,-0.754404,Coastal_Plain_Sandhills,data/raw_vouchers/19694.jpg
NCU00378078,NCU,"Senecio smallii Britton, 1893","Isanogle, Isabel T.",Tier_2_Silver,None,39.413571,-76.828132,1380.0,153,0.487847,-0.872929,Appalachian_Highlands,data/raw_vouchers/NCU00378078.jpg
178359,WS,Packera anonyma (Alph.Wood) W.A.Weber & Á.Löve,unknown,Tier_3_Bronze,None,33.696629,-84.01769,1500.0,135,0.730644,-0.682758,Piedmont_Granite_Flatrocks,data/raw_vouchers/178359.jpg
186970,WS,Packera anonyma (Alph.Wood) W.A.Weber & Á.Löve,unknown,Tier_3_Bronze,None,35.972789,-77.992767,1000.0,142,0.643337,-0.765584,Coastal_Plain_Sandhills,data/raw_vouchers/186970.jpg
IND-0138302,IND,Packera anonyma (Alph.Wood) W.A.Weber & Á.Löve,Arthur Cronquist,Tier_3_Bronze,None,33.414802,-83.395383,350.0,124,0.846029,-0.533137,Piedmont_Granite_Flatrocks,data/raw_vouchers/IND-0138302.jpg
NCU00372592,NCU,Packera anonyma (Alph.Wood) W.A.Weber & Á.Löve,"Mahoney, Alison McKenzie",Tier_1_Gold,None,35.9132,-79.055844,3000.0,134,0.742281,-0.670089,Piedmont_Granite_Flatrocks,data/raw_vouchers/NCU00372592.jpg
NCU00372577,NCU,Packera anonyma (Alph.Wood) W.A.Weber & Á.Löve,"Mahoney, Alison McKenzie",Tier_1_Gold,None,35.14817,-83.28877,635.0,166,0.282108,-0.959383,Appalachian_Highlands,data/raw_vouchers/NCU00372577.jpg
NCU00372572,NCU,Packera anonyma (Alph.Wood) W.A.Weber & Á.Löve,"Mahoney, Alison McKenzie",Tier_1_Gold,None,35.413946,-83.100874,449.0,177,0.096613,-0.995322,Appalachian_Highlands,data/raw_vouchers/NCU00372572.jpg
TENN-V-0236341,TENN,"Senecio smallii Britton, 1893",T. M. Barkley,Tier_1_Gold,None,36.032026,-83.937408,2015.0,132,0.764891,-0.644159,Appalachian_Highlands,data/raw_vouchers/TENN-V-0236341.jpg
NCU00372566,NCU,Packera anonyma (Alph.Wood) W.A.Weber & Á.Löve,"Mahoney, Alison McKenzie",Tier_1_Gold,None,35.271228,-82.441508,2046.0,168,0.24894,-0.968519,Piedmont_Granite_Flatrocks,data/raw_vouchers/NCU00372566.jpg
NCU00373747,NCU,Packera anonyma (Alph.Wood) W.A.Weber & Á.Löve,"Mahoney, Alison McKenzie",Tier_1_Gold,None,34.906677,-78.964098,1053.0,129,0.797102,-0.603845,Piedmont_Granite_Flatrocks,data/raw_vouchers/NCU00373747.jpg
240348,WS,Packera anonyma (Alph.Wood) W.A.Weber & Á.Löve,unknown,Tier_3_Bronze,None,39.934314,-77.044961,1200.0,148,0.561034,-0.827793,Appalachian_Highlands,data/raw_vouchers/240348.jpg
IND-0138305,IND,Packera anonyma (Alph.Wood) W.A.Weber & Á.Löve,Franklin T. McFarland; Mary E. James,Tier_3_Bronze,None,37.818418,-83.580466,300.0,149,0.546711,-0.837321,Appalachian_Highlands,data/raw_vouchers/IND-0138305.jpg
IND-0138309,IND,Packera anonyma (Alph.Wood) W.A.Weber & Á.Löve,Charles C. Deam,Tier_3_Bronze,None,36.053918,-86.345347,1500.0,131,0.775859,-0.630907,Interior_Prairie_Midwest,data/raw_vouchers/IND-0138309.jpg
MARY1052408,MARY,Packera anonyma (Alph.Wood) W.A.Weber & Á.Löve,S. Tepfer,Tier_3_Bronze,None,39.598606,-77.486871,635.0,131,0.775859,-0.630907,Appalachian_Highlands,data/raw_vouchers/MARY1052408.jpg
240134,WS,Packera anonyma (Alph.Wood) W.A.Weber & Á.Löve,unknown,Tier_3_Bronze,None,39.801483,-76.91193,2000.0,176,0.11372,-0.993513,Appalachian_Highlands,data/raw_vouchers/240134.jpg
NCU00372573,NCU,Packera anonyma (Alph.Wood) W.A.Weber & Á.Löve,"Mahoney, Alison McKenzie",Tier_1_Gold,None,35.48288,-78.36753,915.0,124,0.846029,-0.533137,Piedmont_Granite_Flatrocks,data/raw_vouchers/NCU00372573.jpg
NCU00377819,NCU,Packera anonyma (Alph.Wood) W.A.Weber & Á.Löve,"Mahoney, Alison McKenzie",Tier_1_Gold,None,34.372654,-80.133957,3036.0,149,0.546711,-0.837321,Piedmont_Granite_Flatrocks,data/raw_vouchers/NCU00377819.jpg
DUKE10121230,DUKE,Senecio anonymus Alph.Wood,"Wilbur, Robert L.",Tier_3_Bronze,None,36.066839,-81.176472,3000.0,148,0.561034,-0.827793,Appalachian_Highlands,data/raw_vouchers/DUKE10121230.jpg
IND-0138304,IND,Packera anonyma (Alph.Wood) W.A.Weber & Á.Löve,Paul E. Rothrock,Tier_3_Bronze,None,36.992188,-84.599253,1400.0,127,0.817401,-0.576069,Interior_Prairie_Midwest,data/raw_vouchers/IND-0138304.jpg
IND-0138303,IND,Packera anonyma (Alph.Wood) W.A.Weber & Á.Löve,Franklin T. McFarland,Tier_3_Bronze,None,36.992188,-84.599253,1400.0,127,0.817401,-0.576069,Interior_Prairie_Midwest,data/raw_vouchers/IND-0138303.jpg
240347,WS,Packera anonyma (Alph.Wood) W.A.Weber & Á.Löve,unknown,Tier_3_Bronze,None,39.861522,-77.095546,500.0,152,0.502791,-0.864408,Appalachian_Highlands,data/raw_vouchers/240347.jpg
NCU00373765,NCU,Packera anonyma (Alph.Wood) W.A.Weber & Á.Löve,"Mahoney, Alison McKenzie",Tier_1_Gold,None,35.780395,-78.63916,3000.0,118,0.896456,-0.443132,Piedmont_Granite_Flatrocks,data/raw_vouchers/NCU00373765.jpg
TENN-V-0236340,TENN,"Senecio smallii Britton, 1893",T. M. Barkley,Tier_1_Gold,None,35.942711,-83.951419,602.0,131,0.775859,-0.630907,Appalachian_Highlands,data/raw_vouchers/TENN-V-0236340.jpg
TENN-V-0236343,TENN,"Senecio smallii Britton, 1893",T. M. Barkley,Tier_1_Gold,None,35.952743,-83.940274,1254.0,127,0.817401,-0.576069,Appalachian_Highlands,data/raw_vouchers/TENN-V-0236343.jpg
NCU00372590,NCU,Packera anonyma (Alph.Wood) W.A.Weber & Á.Löve,"Mahoney, Alison McKenzie",Tier_1_Gold,None,35.9132,-79.055844,3000.0,124,0.846029,-0.533137,Piedmont_Granite_Flatrocks,data/raw_vouchers/NCU00372590.jpg
426346,MVSC,Packera anonyma (Alph.Wood) W.A.Weber & Á.Löve,Mary E. Grebinger,Tier_3_Bronze,None,39.727201,-76.15677,150.0,149,0.546711,-0.837321,Appalachian_Highlands,data/raw_vouchers/426346.jpg
426345,MVSC,Packera anonyma (Alph.Wood) W.A.Weber & Á.Löve,Mary E. Grebinger,Tier_3_Bronze,None,40.193,-76.308,3200.0,154,0.472759,-0.881192,Appalachian_Highlands,data/raw_vouchers/426345.jpg
GA079327,GA,Packera anonyma (Alph.Wood) W.A.Weber & Á.Löve,"McKellar, A",Tier_3_Bronze,None,34.349319,-83.110675,3569.0,246,-0.886721,-0.462305,Appalachian_Highlands,data/raw_vouchers/GA079327.jpg
TENN-V-0236287,TENN,"Senecio smallii Britton, 1893",T. M. Barkley,Tier_1_Gold,None,35.764991,-84.25397,3394.0,136,0.718792,-0.695225,Interior_Prairie_Midwest,data/raw_vouchers/TENN-V-0236287.jpg
TENN-V-0236350,TENN,"Senecio smallii Britton, 1893",T. M. Berkley,Tier_2_Silver,None,36.061196,-83.745735,3892.0,138,0.694452,-0.719539,Interior_Prairie_Midwest,data/raw_vouchers/TENN-V-0236350.jpg
TENN-V-0236345,TENN,"Senecio smallii Britton, 1893",J. K. Underwood,Tier_3_Bronze,None,35.944622,-83.950219,429.0,136,0.718792,-0.695225,Appalachian_Highlands,data/raw_vouchers/TENN-V-0236345.jpg
MARY1052404,MARY,Packera anonyma (Alph.Wood) W.A.Weber & Á.Löve,R. Rappleye,Tier_3_Bronze,None,39.660939,-76.154458,1734.0,169,0.232243,-0.972658,Appalachian_Highlands,data/raw_vouchers/MARY1052404.jpg
GA079416,GA,Packera anonyma (Alph.Wood) W.A.Weber & Á.Löve,"Whitaker, T",Tier_3_Bronze,None,33.806217,-84.14575,966.0,117,0.903946,-0.427646,Appalachian_Highlands,data/raw_vouchers/GA079416.jpg
DUKE10121357,DUKE,Packera anonyma (Alph.Wood) W.A.Weber & Á.Löve,"Trock, D. K.",Tier_1_Gold,None,35.236226,-82.349284,2193.0,128,0.807371,-0.590044,Appalachian_Highlands,data/raw_vouchers/DUKE10121357.jpg
78212,WS,Packera anonyma (Alph.Wood) W.A.Weber & Á.Löve,unknown,Tier_3_Bronze,None,39.650939,-76.266623,1000.0,166,0.282108,-0.959383,Appalachian_Highlands,data/raw_vouchers/78212.jpg
IND-0138306,IND,Packera anonyma (Alph.Wood) W.A.Weber & Á.Löve,John Bright,Tier_3_Bronze,None,39.650939,-76.266623,660.0,166,0.282108,-0.959383,Appalachian_Highlands,data/raw_vouchers/IND-0138306.jpg
ASC00117055,ASC,Packera anonyma (Alph.Wood) W.A.Weber & Á.Löve,Nomenclatural Adjustment,Tier_3_Bronze,None,36.045793,-84.34669,301.0,72,0.94532,0.326144,Interior_Prairie_Midwest,data/raw_vouchers/ASC00117055.jpg
3087225,NY,Packera anonyma (Alph.Wood) W.A.Weber & Á.Löve,R. M. Harper,Tier_3_Bronze,None,32.937219,-88.107746,2482.0,98,0.99339,-0.114788,Interior_Prairie_Midwest,data/raw_vouchers/3087225.jpg
TENN-V-0236342,TENN,"Senecio smallii Britton, 1893",T.M. Barkley,Tier_1_Gold,None,35.943716,-83.950937,587.0,139,0.681972,-0.731378,Appalachian_Highlands,data/raw_vouchers/TENN-V-0236342.jpg
TENN-V-0236349,TENN,"Senecio smallii Britton, 1893",T. M. Barkley,Tier_1_Gold,None,35.969477,-83.895894,217.0,136,0.718792,-0.695225,Appalachian_Highlands,data/raw_vouchers/TENN-V-0236349.jpg
TENN-V-0236347,TENN,"Senecio smallii Britton, 1893",T. M. Barkley,Tier_1_Gold,None,35.950254,-83.933015,909.0,141,0.656411,-0.754404,Appalachian_Highlands,data/raw_vouchers/TENN-V-0236347.jpg
TENN-V-0236359,TENN,"Senecio smallii Britton, 1893",T. M. Barkley,Tier_1_Gold,None,35.759261,-83.395992,3325.0,153,0.487847,-0.872929,Appalachian_Highlands,data/raw_vouchers/TENN-V-0236359.jpg
NCU00372596,NCU,Packera anonyma (Alph.Wood) W.A.Weber & Á.Löve,"Mahoney, Alison McKenzie",Tier_1_Gold,None,35.915404,-79.048311,100.0,141,0.656411,-0.754404,Piedmont_Granite_Flatrocks,data/raw_vouchers/NCU00372596.jpg
TENN-V-0237173,TENN,"Senecio smallii Britton, 1893",J. R. Dunnaway,Tier_3_Bronze,None,33.95,-83.3667,2496.0,64,0.89164,0.452745,Appalachian_Highlands,data/raw_vouchers/TENN-V-0237173.jpg
MARY1052405,MARY,Packera anonyma (Alph.Wood) W.A.Weber & Á.Löve,Ditman,Tier_3_Bronze,None,39.575379,-76.995815,4583.0,174,0.147827,-0.989013,Appalachian_Highlands,data/raw_vouchers/MARY1052405.jpg
GA079432,GA,Packera anonyma (Alph.Wood) W.A.Weber & Á.Löve,"Reade, J",Tier_3_Bronze,None,33.806217,-84.14575,966.0,146,0.589176,-0.808005,Appalachian_Highlands,data/raw_vouchers/GA079432.jpg
82911,WS,Packera anonyma (Alph.Wood) W.A.Weber & Á.Löve,unknown,Tier_3_Bronze,None,38.968999,-77.142479,1000.0,143,0.630072,-0.776537,Appalachian_Highlands,data/raw_vouchers/82911.jpg
PH00184547,ANSP,Packera anonyma (Alph.Wood) W.A.Weber & Á.Löve,Robert R. Kowal,Tier_1_Gold,None,39.685939,-76.228566,896.0,151,0.517586,-0.855631,Appalachian_Highlands,data/raw_vouchers/PH00184547.jpg
56461,WS,Packera anonyma (Alph.Wood) W.A.Weber & Á.Löve,unknown,Tier_3_Bronze,None,35.271228,-82.441508,3000.0,192,-0.160575,-0.987024,Appalachian_Highlands,data/raw_vouchers/56461.jpg
NCU00372593,NCU,Packera anonyma (Alph.Wood) W.A.Weber & Á.Löve,"Mahoney, Alison McKenzie",Tier_1_Gold,None,35.9132,-79.055844,3000.0,123,0.855075,-0.518505,Piedmont_Granite_Flatrocks,data/raw_vouchers/NCU00372593.jpg
PH00184554,ANSP,Packera anonyma (Alph.Wood) W.A.Weber & Á.Löve,Robert R. Kowal,Tier_1_Gold,None,40.373142,-77.024422,2061.0,147,0.57519,-0.81802,Appalachian_Highlands,data/raw_vouchers/PH00184554.jpg
56596,WS,Packera anonyma (Alph.Wood) W.A.Weber & Á.Löve,unknown,Tier_3_Bronze,None,34.503439,-82.650133,5000.0,136,0.718792,-0.695225,Appalachian_Highlands,data/raw_vouchers/56596.jpg
NCU00372516,NCU,Packera anonyma (Alph.Wood) W.A.Weber & Á.Löve,"Mahoney, Alison McKenzie",Tier_1_Gold,None,35.617895,-82.32123,3000.0,171,0.198648,-0.980071,Appalachian_Highlands,data/raw_vouchers/NCU00372516.jpg
IND-0138301,IND,Packera anonyma (Alph.Wood) W.A.Weber & Á.Löve,K. P. Busswell,Tier_3_Bronze,None,38.907636,-77.091341,3800.0,178,0.079477,-0.996837,Appalachian_Highlands,data/raw_vouchers/IND-0138301.jpg
3087227,NY,Packera anonyma (Alph.Wood) W.A.Weber & Á.Löve,F. W. Hunnewell,Tier_3_Bronze,None,38.998721,-77.254426,301.0,139,0.681972,-0.731378,Appalachian_Highlands,data/raw_vouchers/3087227.jpg
PH00184580,ANSP,Packera anonyma (Alph.Wood) W.A.Weber & Á.Löve,Robert R. Kowal,Tier_1_Gold,None,38.998165,-77.288316,3566.0,162,0.347403,-0.937716,Coastal_Plain_Sandhills,data/raw_vouchers/PH00184580.jpg
PH00171433,ANSP,Packera anonyma (Alph.Wood) W.A.Weber & Á.Löve,Robert R. Kowal,Tier_1_Gold,None,38.725249,-77.102577,4333.0,152,0.502791,-0.864408,Coastal_Plain_Sandhills,data/raw_vouchers/PH00171433.jpg
NCU00377802,NCU,Packera anonyma (Alph.Wood) W.A.Weber & Á.Löve,"Mahoney, Alison McKenzie",Tier_1_Gold,None,34.384314,-80.082927,1412.0,110,0.948772,-0.315962,Piedmont_Granite_Flatrocks,data/raw_vouchers/NCU00377802.jpg
CM218222,CM,Packera anonyma (Alph.Wood) W.A.Weber & Á.Löve,T.M. Barkley 2002,Tier_1_Gold,None,38.964,-77.067755,3036.0,169,0.232243,-0.972658,Appalachian_Highlands,data/raw_vouchers/CM218222.jpg
PH00184576,ANSP,Packera anonyma (Alph.Wood) W.A.Weber & Á.Löve,Robert R. Kowal,Tier_1_Gold,None,37.627634,-79.54476,3085.0,149,0.546711,-0.837321,Piedmont_Granite_Flatrocks,data/raw_vouchers/PH00184576.jpg
3087257,NY,Packera anonyma (Alph.Wood) W.A.Weber & Á.Löve,N. Taylor,Tier_3_Bronze,None,40.862289,-73.877023,751.0,172,0.18176,-0.983343,Appalachian_Highlands,data/raw_vouchers/3087257.jpg
MARY1052397,MARY,Packera anonyma (Alph.Wood) W.A.Weber & Á.Löve,J.B.S. Norton,Tier_3_Bronze,None,39.585106,-76.387739,301.0,211,-0.468965,-0.883217,Appalachian_Highlands,data/raw_vouchers/MARY1052397.jpg
MARY1052411,MARY,Packera anonyma (Alph.Wood) W.A.Weber & Á.Löve,J. E. Benedict,Tier_3_Bronze,None,39.003443,-77.037755,3036.0,159,0.395312,-0.918547,Appalachian_Highlands,data/raw_vouchers/MARY1052411.jpg
GA079437,GA,Packera anonyma (Alph.Wood) W.A.Weber & Á.Löve,"Curtiss, A",Tier_3_Bronze,None,33.806217,-84.14575,966.0,133,0.753698,-0.657221,Appalachian_Highlands,data/raw_vouchers/GA079437.jpg
86694,WS,Packera anonyma (Alph.Wood) W.A.Weber & Á.Löve,unknown,Tier_3_Bronze,None,35.25317,-82.197058,2000.0,118,0.896456,-0.443132,Appalachian_Highlands,data/raw_vouchers/86694.jpg
MARY1052410,MARY,Packera anonyma (Alph.Wood) W.A.Weber & Á.Löve,Guy L. Stewart,Tier_3_Bronze,None,38.98974,-76.934859,3600.0,148,0.561034,-0.827793,Appalachian_Highlands,data/raw_vouchers/MARY1052410.jpg
HBSH0000112,HBSH,Packera anonyma (Alph.Wood) W.A.Weber & Á.Löve,"Lanning, Max S.",Tier_3_Bronze,None,35.540292,-82.552511,3036.0,146,0.589176,-0.808005,Appalachian_Highlands,data/raw_vouchers/HBSH0000112.jpg
86693,WS,Packera anonyma (Alph.Wood) W.A.Weber & Á.Löve,unknown,Tier_3_Bronze,None,35.20817,-82.238448,1500.0,142,0.643337,-0.765584,Appalachian_Highlands,data/raw_vouchers/86693.jpg
NCU00372517,NCU,Packera anonyma (Alph.Wood) W.A.Weber & Á.Löve,"Mahoney, Alison McKenzie",Tier_1_Gold,None,35.540711,-82.556116,3036.0,162,0.347403,-0.937716,Appalachian_Highlands,data/raw_vouchers/NCU00372517.jpg
3087240,NY,Packera anonyma (Alph.Wood) W.A.Weber & Á.Löve,N. L. Britton,Tier_3_Bronze,None,40.561768,-75.161285,1521.57,150,0.532227,-0.846602,Appalachian_Highlands,data/raw_vouchers/3087240.jpg
29207,WS,Packera anonyma (Alph.Wood) W.A.Weber & Á.Löve,unknown,Tier_3_Bronze,None,36.570429,-77.24858,1200.0,163,0.331221,-0.943553,Coastal_Plain_Sandhills,data/raw_vouchers/29207.jpg
NCU00372589,NCU,Packera anonyma (Alph.Wood) W.A.Weber & Á.Löve,"Mahoney, Alison McKenzie",Tier_1_Gold,None,35.9132,-79.055844,3000.0,140,0.66929,-0.743001,Piedmont_Granite_Flatrocks,data/raw_vouchers/NCU00372589.jpg
NCU00372595,NCU,Packera anonyma (Alph.Wood) W.A.Weber & Á.Löve,"Mahoney, Alison McKenzie",Tier_1_Gold,None,35.9132,-79.055844,3000.0,140,0.66929,-0.743001,Piedmont_Granite_Flatrocks,data/raw_vouchers/NCU00372595.jpg
PH00023710,ANSP,"Senecio smallii Britton, 1893","Barkley, T.M.",Tier_1_Gold,Isotype,37.452015,-79.582894,4750.0,157,0.426674,-0.904405,Piedmont_Granite_Flatrocks,data/raw_vouchers/PH00023710.jpg
MARY1052413,MARY,Packera anonyma (Alph.Wood) W.A.Weber & Á.Löve,E. S. Burgess,Tier_3_Bronze,None,38.921469,-76.973991,415.0,164,0.314942,-0.949111,Appalachian_Highlands,data/raw_vouchers/MARY1052413.jpg
UNM0151439,UNM,Packera plattensis (Nutt.) W.A.Weber & Á.Löve,Harpo Faust,Tier_3_Bronze,None,36.05125,-103.822027,5.0,143,0.630072,-0.776537,Other_US,data/raw_vouchers/UNM0151439.jpg
v0430393WIS,WIS,Packera plattensis (Nutt.) W.A.Weber & Á.Löve,Alison Mahoney,Tier_1_Gold,None,43.364609,-91.125999,75.0,155,0.457531,-0.889193,Interior_Prairie_Midwest,data/raw_vouchers/v0430393WIS.jpg
v0420737WIS,WIS,Packera plattensis (Nutt.) W.A.Weber & Á.Löve,"Whitfeld, T. J. S.",Tier_3_Bronze,None,44.798286,-92.826338,3.0,154,0.472759,-0.881192,Interior_Prairie_Midwest,data/raw_vouchers/v0420737WIS.jpg
HXC006570,HXC,Packera plattensis (Nutt.) W.A.Weber & Á.Löve,Adam C. Schneider,Tier_3_Bronze,None,35.29419,-92.47947,8.0,132,0.764891,-0.644159,Appalachian_Highlands,data/raw_vouchers/HXC006570.jpg
966281,MIN,Packera plattensis (Nutt.) W.A.Weber & Á.Löve,Alison Mahoney,Tier_1_Gold,None,44.798227,-92.825035,3.0,155,0.457531,-0.889193,Interior_Prairie_Midwest,data/raw_vouchers/966281.jpg
v0390130WIS,WIS,Packera plattensis (Nutt.) W.A.Weber & Á.Löve,"Mahoney, Alison",Tier_1_Gold,None,45.566894,-92.830656,3.0,170,0.215477,-0.976509,Interior_Prairie_Midwest,data/raw_vouchers/v0390130WIS.jpg
BRIT507657,BRIT,Packera plattensis (Nutt.) W.A.Weber & Á.Löve,Monique Reed,Tier_2_Silver,None,33.78601,-94.94092,289.0,79,0.977653,0.210225,Interior_Prairie_Midwest,data/raw_vouchers/BRIT507657.jpg
LUC03720,LUC,Packera plattensis (Nutt.) W.A.Weber & Á.Löve,Roberta Lammers-Campbell,Tier_3_Bronze,None,42.288065,-88.367603,11.0,153,0.487847,-0.872929,Interior_Prairie_Midwest,data/raw_vouchers/LUC03720.jpg
LUC03746,LUC,Packera plattensis (Nutt.) W.A.Weber & Á.Löve,Roberta Lammers-Campbell,Tier_3_Bronze,None,42.289781,-88.372261,8.0,158,0.411054,-0.911611,Interior_Prairie_Midwest,data/raw_vouchers/LUC03746.jpg
02054104,COLO,Packera plattensis (Nutt.) W.A.Weber & Á.Löve,Tim Hogan,Tier_3_Bronze,None,39.94272,-105.26903,250.0,140,0.66929,-0.743001,Other_US,data/raw_vouchers/02054104.jpg
v0391066WIS,WIS,Packera plattensis (Nutt.) W.A.Weber & Á.Löve,Kevin Doyle,Tier_3_Bronze,None,46.343576,-91.635367,6.0,168,0.24894,-0.968519,Interior_Prairie_Midwest,data/raw_vouchers/v0391066WIS.jpg
KHD00053438,DBG,Packera plattensis (Nutt.) W.A.Weber & Á.Löve,Donald L. Hazlett,Tier_3_Bronze,None,37.8594,-103.1335,969.0,149,0.546711,-0.837321,Other_US,data/raw_vouchers/KHD00053438.jpg
LUC03265,LUC,Senecio plattensis Nutt.,Roberta Lammers-Campbell,Tier_3_Bronze,None,42.289725,-88.372299,8.0,149,0.546711,-0.837321,Interior_Prairie_Midwest,data/raw_vouchers/LUC03265.jpg
LUC03279,LUC,Senecio plattensis Nutt.,Roberta Lammers-Campbell,Tier_3_Bronze,None,42.289686,-88.372267,10.0,141,0.656411,-0.754404,Interior_Prairie_Midwest,data/raw_vouchers/LUC03279.jpg
00967893,COLO,Packera plattensis (Nutt.) W.A.Weber & Á.Löve,Donald L. Hazlett,Tier_3_Bronze,None,37.93061,-103.69321,805.0,138,0.694452,-0.719539,Other_US,data/raw_vouchers/00967893.jpg
00966655,COLO,Packera plattensis (Nutt.) W.A.Weber & Á.Löve,Donald L. Hazlett,Tier_3_Bronze,None,38.08716,-103.87568,805.0,138,0.694452,-0.719539,Other_US,data/raw_vouchers/00966655.jpg
ANHC010607,ANHC,Packera plattensis (Nutt.) W.A.Weber & Á.Löve,Theo Witsell,Tier_3_Bronze,None,35.36425,-93.93098,100.0,132,0.764891,-0.644159,Interior_Prairie_Midwest,data/raw_vouchers/ANHC010607.jpg
KHD00020469,DBG,Packera plattensis (Nutt.) W.A.Weber & Á.Löve,Dina Clark,Tier_3_Bronze,None,37.536327,-102.903927,1000.0,136,0.718792,-0.695225,Interior_Prairie_Midwest,data/raw_vouchers/KHD00020469.jpg
00915793,COLO,Packera plattensis (Nutt.) W.A.Weber & Á.Löve,Dina Clark,Tier_3_Bronze,None,37.529678,-102.90658,500.0,136,0.718792,-0.695225,Interior_Prairie_Midwest,data/raw_vouchers/00915793.jpg
00918821,COLO,Packera plattensis (Nutt.) W.A.Weber & Á.Löve,Dina Clark,Tier_3_Bronze,None,37.23701,-103.7164,1000.0,136,0.718792,-0.695225,Other_US,data/raw_vouchers/00918821.jpg
BHSC0065139,BHSC,Packera plattensis (Nutt.) W.A.Weber & Á.Löve,"Hazlett, Don",Tier_3_Bronze,None,45.60155,-107.604349,2245.0,166,0.282108,-0.959383,Other_US,data/raw_vouchers/BHSC0065139.jpg
CSCN-V-0012081,CSCN,Packera plattensis (Nutt.) W.A.Weber & Á.Löve,Steven B. Rolfsmeier,Tier_3_Bronze,None,42.196614,-99.106354,40.0,160,0.379453,-0.925211,Coastal_Plain_Sandhills,data/raw_vouchers/CSCN-V-0012081.jpg
KHD00012658,DBG,Packera plattensis (Nutt.) W.A.Weber & Á.Löve,Stan Smookler; Linda Senser,Tier_3_Bronze,None,40.20602,-105.30138,662.0,137,0.706727,-0.707487,Other_US,data/raw_vouchers/KHD00012658.jpg
DEK000096067,DEK,Packera plattensis (Nutt.) W.A.Weber & Á.Löve,Michael G. Van Buer,Tier_3_Bronze,None,41.974801,-89.336577,2940.0,143,0.630072,-0.776537,Interior_Prairie_Midwest,data/raw_vouchers/DEK000096067.jpg
05296,GREE,Packera plattensis (Nutt.) W.A.Weber & Á.Löve,"Johnston, Earl",Tier_3_Bronze,None,39.636569,-105.814128,1500.0,150,0.532227,-0.846602,Other_US,data/raw_vouchers/05296.jpg
CSCN-V-0012106,CSCN,Packera plattensis (Nutt.) W.A.Weber & Á.Löve,Steven B. Rolfsmeier,Tier_3_Bronze,None,42.83719,-103.602704,40.0,146,0.589176,-0.808005,Interior_Prairie_Midwest,data/raw_vouchers/CSCN-V-0012106.jpg
15816,GREE,Packera plattensis (Nutt.) W.A.Weber & Á.Löve,"Hazlett, D",Tier_3_Bronze,None,36.788972,-104.009944,200.0,154,0.472759,-0.881192,Other_US,data/raw_vouchers/15816.jpg
CSCN-V-0012067,CSCN,Packera plattensis (Nutt.) W.A.Weber & Á.Löve,Grace Kostel,Tier_3_Bronze,None,42.950867,-103.466967,1050.0,157,0.426674,-0.904405,Interior_Prairie_Midwest,data/raw_vouchers/CSCN-V-0012067.jpg
CSCN-V-0012107,CSCN,Packera plattensis (Nutt.) W.A.Weber & Á.Löve,Steven B. Rolfsmeier,Tier_3_Bronze,None,42.766078,-103.928544,40.0,156,0.442168,-0.896932,Interior_Prairie_Midwest,data/raw_vouchers/CSCN-V-0012107.jpg
00926972,COLO,Packera plattensis (Nutt.) W.A.Weber & Á.Löve,"Janet Wingate; Velma Richards, Fran Blanchard, Carol Winther",Tier_3_Bronze,None,39.54759,-104.30791,100.0,126,0.827189,-0.561923,Interior_Prairie_Midwest,data/raw_vouchers/00926972.jpg
494007,MIN,Packera plattensis (Nutt.) W.A.Weber & Á.Löve,Alison Mahoney & Sarah Soderholm,Tier_1_Gold,None,46.665931,-95.34305,800.0,168,0.24894,-0.968519,Interior_Prairie_Midwest,data/raw_vouchers/494007.jpg
CSCN-V-0012078,CSCN,Packera plattensis (Nutt.) W.A.Weber & Á.Löve,Steven B. Rolfsmeier,Tier_3_Bronze,None,41.245427,-102.100154,2400.0,159,0.395312,-0.918547,Interior_Prairie_Midwest,data/raw_vouchers/CSCN-V-0012078.jpg
CSCN-V-0032295,CSCN,Packera plattensis (Nutt.) W.A.Weber & Á.Löve,CSCN staff,Tier_3_Bronze,None,42.85191,-103.59111,40.0,165,0.298569,-0.954388,Interior_Prairie_Midwest,data/raw_vouchers/CSCN-V-0032295.jpg
BRIT331571,BRIT,Packera plattensis (Nutt.) W.A.Weber & Á.Löve,Guy Nesom; Robert J. O'Kennon,Tier_3_Bronze,None,35.5875,-101.708333,1609.0,113,0.93121,-0.364483,Interior_Prairie_Midwest,data/raw_vouchers/BRIT331571.jpg
00635540,COLO,Packera plattensis (Nutt.) W.A.Weber & Á.Löve,D. Clark,Tier_3_Bronze,None,39.86111,-102.36366,1000.0,131,0.775859,-0.630907,Interior_Prairie_Midwest,data/raw_vouchers/00635540.jpg
MISSA005256,MISSA,Packera plattensis (Nutt.) W.A.Weber & Á.Löve,Christopher Doffitt,Tier_3_Bronze,None,33.420213,-92.719131,763.0,57,0.830797,0.556576,Interior_Prairie_Midwest,data/raw_vouchers/MISSA005256.jpg
BRIT331585,BRIT,Packera plattensis (Nutt.) W.A.Weber & Á.Löve,Jeff Quayle; Gailon Hardin,Tier_3_Bronze,None,32.693023,-97.199127,57.0,88,0.998377,0.056952,Interior_Prairie_Midwest,data/raw_vouchers/BRIT331585.jpg
BRIT331570,BRIT,Packera plattensis (Nutt.) W.A.Weber & Á.Löve,Jeff Quayle,Tier_3_Bronze,None,32.748482,-97.672794,50.0,99,0.991269,-0.131859,Interior_Prairie_Midwest,data/raw_vouchers/BRIT331570.jpg
BRIT331569,BRIT,Packera plattensis (Nutt.) W.A.Weber & Á.Löve,Jeff Quayle,Tier_3_Bronze,None,33.455879,-97.860206,617.0,104,0.976277,-0.216527,Interior_Prairie_Midwest,data/raw_vouchers/BRIT331569.jpg
436755,MIN,Packera plattensis (Nutt.) W.A.Weber & Á.Löve,Alison Mahoney & Sarah Soderholm,Tier_1_Gold,None,45.2325,-96.236536,800.0,145,0.602988,-0.79775,Interior_Prairie_Midwest,data/raw_vouchers/436755.jpg
432041,MIN,Packera plattensis (Nutt.) W.A.Weber & Á.Löve,Alison Mahoney & Sarah Soderholm,Tier_1_Gold,None,45.434262,-95.245018,800.0,150,0.532227,-0.846602,Interior_Prairie_Midwest,data/raw_vouchers/432041.jpg
CSCN-V-0012071,CSCN,Packera plattensis (Nutt.) W.A.Weber & Á.Löve,Steven B. Rolfsmeier,Tier_3_Bronze,None,42.717491,-103.013576,50.0,150,0.532227,-0.846602,Interior_Prairie_Midwest,data/raw_vouchers/CSCN-V-0012071.jpg
333708,KU,Packera plattensis (Nutt.) W.A.Weber & Á.Löve,Hillary J. Loring,Tier_3_Bronze,None,36.992841,-99.076898,1094.0,144,0.616621,-0.78726,Interior_Prairie_Midwest,data/raw_vouchers/333708.jpg
KHD00014046,DBG,Packera plattensis (Nutt.) W.A.Weber & Á.Löve,Stanley Smookler; Linda Senser,Tier_3_Bronze,None,39.954268,-105.23088,5000.0,135,0.730644,-0.682758,Other_US,data/raw_vouchers/KHD00014046.jpg
1047,NCSM,Packera plattensis (Nutt.) W.A.Weber & Á.Löve,"McMillan, Patrick D.",Tier_3_Bronze,None,35.075571,-83.585789,500.0,127,0.817401,-0.576069,Appalachian_Highlands,data/raw_vouchers/1047.jpg
24335,GREE,Packera plattensis (Nutt.) W.A.Weber & Á.Löve,"Hazlett, Don",Tier_3_Bronze,None,40.407222,-103.219722,2000.0,130,0.786597,-0.617467,Other_US,data/raw_vouchers/24335.jpg
06404,GREE,Packera plattensis (Nutt.) W.A.Weber & Á.Löve,"Kelso, T.",Tier_3_Bronze,None,38.533432,-104.45858,1000.0,140,0.66929,-0.743001,Other_US,data/raw_vouchers/06404.jpg
DEK000096069,DEK,Packera plattensis (Nutt.) W.A.Weber & Á.Löve,Michael G. Van Buer,Tier_3_Bronze,None,41.974945,-89.324478,2344.0,246,-0.886721,-0.462305,Interior_Prairie_Midwest,data/raw_vouchers/DEK000096069.jpg
DEK000096068,DEK,Packera plattensis (Nutt.) W.A.Weber & Á.Löve,Michael G. Van Buer,Tier_3_Bronze,None,41.980623,-89.324215,1844.0,246,-0.886721,-0.462305,Interior_Prairie_Midwest,data/raw_vouchers/DEK000096068.jpg
BRIT290919,BRIT,Senecio plattensis Nutt.,R. Kral,Tier_2_Silver,None,32.758015,-97.261759,554.0,105,0.972408,-0.233289,Interior_Prairie_Midwest,data/raw_vouchers/BRIT290919.jpg
CSCN-V-0012093,CSCN,Packera plattensis (Nutt.) W.A.Weber & Á.Löve,Steven B. Rolfsmeier,Tier_3_Bronze,None,41.857063,-103.703362,900.0,142,0.643337,-0.765584,Interior_Prairie_Midwest,data/raw_vouchers/CSCN-V-0012093.jpg
00378778,COLO,Packera plattensis (Nutt.) W.A.Weber & Á.Löve,Donald L. Hazlett,Tier_3_Bronze,None,39.88486,-105.25981,5000.0,158,0.411054,-0.911611,Other_US,data/raw_vouchers/00378778.jpg
CSCN-V-0012094,CSCN,Packera plattensis (Nutt.) W.A.Weber & Á.Löve,Steven B. Rolfsmeier,Tier_3_Bronze,None,41.943274,-103.979858,950.0,170,0.215477,-0.976509,Interior_Prairie_Midwest,data/raw_vouchers/CSCN-V-0012094.jpg
CSCN-V-0012056,CSCN,Packera plattensis (Nutt.) W.A.Weber & Á.Löve,Steven B. Rolfsmeier,Tier_3_Bronze,None,42.464323,-98.737634,2000.0,164,0.314942,-0.949111,Interior_Prairie_Midwest,data/raw_vouchers/CSCN-V-0012056.jpg
3118546,NY,Packera plattensis (Nutt.) W.A.Weber & Á.Löve,C. C. Freeman,Tier_3_Bronze,None,39.459,-98.3293,969.0,148,0.561034,-0.827793,Interior_Prairie_Midwest,data/raw_vouchers/3118546.jpg
485067,MIN,Packera plattensis (Nutt.) W.A.Weber & Á.Löve,Alison Mahoney & Sarah Soderholm,Tier_1_Gold,None,44.836485,-95.57699,800.0,140,0.66929,-0.743001,Piedmont_Granite_Flatrocks,data/raw_vouchers/485067.jpg
UVMVT176545,VT,Senecio plattensis Nutt.,S. R. Hill,Tier_3_Bronze,None,39.862133,-90.375123,301.0,124,0.846029,-0.533137,Interior_Prairie_Midwest,data/raw_vouchers/UVMVT176545.jpg
CSCN-V-0012080,CSCN,Packera plattensis (Nutt.) W.A.Weber & Á.Löve,Steven B. Rolfsmeier,Tier_3_Bronze,None,42.701676,-98.535132,650.0,138,0.694452,-0.719539,Interior_Prairie_Midwest,data/raw_vouchers/CSCN-V-0012080.jpg
544780,MIN,Packera plattensis (Nutt.) W.A.Weber & Á.Löve,Alison Mahoney & Sarah Soderholm,Tier_1_Gold,None,45.839652,-95.748216,800.0,152,0.502791,-0.864408,Interior_Prairie_Midwest,data/raw_vouchers/544780.jpg
455536,MIN,Packera plattensis (Nutt.) W.A.Weber & Á.Löve,"Wheeler, Gerald",Tier_3_Bronze,None,44.33349,-94.442024,800.0,142,0.643337,-0.765584,Interior_Prairie_Midwest,data/raw_vouchers/455536.jpg
00206664,COLO,Packera plattensis (Nutt.) W.A.Weber & Á.Löve,R.J. Rondeau,Tier_3_Bronze,None,40.611368,-105.155828,1000.0,147,0.57519,-0.81802,Other_US,data/raw_vouchers/00206664.jpg
CSCN-V-0012055,CSCN,Packera plattensis (Nutt.) W.A.Weber & Á.Löve,Steven B. Rolfsmeier,Tier_3_Bronze,None,41.992651,-100.024538,1200.0,151,0.517586,-0.855631,Interior_Prairie_Midwest,data/raw_vouchers/CSCN-V-0012055.jpg
509869,MIN,Packera plattensis (Nutt.) W.A.Weber & Á.Löve,Alison Mahoney & Sarah Soderholm,Tier_1_Gold,None,44.217999,-94.200153,800.0,159,0.395312,-0.918547,Interior_Prairie_Midwest,data/raw_vouchers/509869.jpg
461936,MIN,Packera plattensis (Nutt.) W.A.Weber & Á.Löve,"Wheeler, Gerald",Tier_3_Bronze,None,44.488589,-94.842347,800.0,161,0.363482,-0.931601,Interior_Prairie_Midwest,data/raw_vouchers/461936.jpg
v0422593WIS,WIS,Packera plattensis (Nutt.) W.A.Weber & Á.Löve,Alison Mahoney,Tier_1_Gold,None,45.55253,-105.901154,50.0,166,0.282108,-0.959383,Other_US,data/raw_vouchers/v0422593WIS.jpg
v0422573WIS,WIS,Packera plattensis (Nutt.) W.A.Weber & Á.Löve,Alison Mahoney,Tier_1_Gold,None,44.954744,-104.438132,50.0,165,0.298569,-0.954388,Other_US,data/raw_vouchers/v0422573WIS.jpg
v0422543WIS,WIS,Packera plattensis (Nutt.) W.A.Weber & Á.Löve,Alison Mahoney,Tier_1_Gold,None,43.927268,-103.502143,100.0,157,0.426674,-0.904405,Other_US,data/raw_vouchers/v0422543WIS.jpg
CSCN-V-0012084,CSCN,Packera plattensis (Nutt.) W.A.Weber & Á.Löve,Steven B. Rolfsmeier,Tier_3_Bronze,None,41.718057,-100.22287,1200.0,152,0.502791,-0.864408,Interior_Prairie_Midwest,data/raw_vouchers/CSCN-V-0012084.jpg
MISSA005255,MISSA,Packera plattensis (Nutt.) W.A.Weber & Á.Löve,R. Dale Thomas,Tier_3_Bronze,None,31.94148,-92.741117,823.0,68,0.920659,0.390368,Coastal_Plain_Sandhills,data/raw_vouchers/MISSA005255.jpg
UVMVT176543,VT,Senecio plattensis Nutt.,S. R. Hill,Tier_3_Bronze,None,41.406107,-90.520382,969.0,135,0.730644,-0.682758,Interior_Prairie_Midwest,data/raw_vouchers/UVMVT176543.jpg
KHD00007382,DBG,Packera plattensis (Nutt.) W.A.Weber & Á.Löve,Jody K. Nelson,Tier_3_Bronze,None,39.874502,-105.212616,1000.0,164,0.314942,-0.949111,Other_US,data/raw_vouchers/KHD00007382.jpg
CSCN-V-0012053,CSCN,Packera plattensis (Nutt.) W.A.Weber & Á.Löve,Steven B. Rolfsmeier,Tier_3_Bronze,None,42.07902,-100.258037,1200.0,155,0.457531,-0.889193,Interior_Prairie_Midwest,data/raw_vouchers/CSCN-V-0012053.jpg
CSCN-V-0012054,CSCN,Packera plattensis (Nutt.) W.A.Weber & Á.Löve,Steven B. Rolfsmeier,Tier_3_Bronze,None,42.07902,-100.258037,1200.0,155,0.457531,-0.889193,Interior_Prairie_Midwest,data/raw_vouchers/CSCN-V-0012054.jpg
BRIT02619,BRIT,Packera plattensis (Nutt.) W.A.Weber & Á.Löve,D. Trock,Tier_1_Gold,None,29.635572,-98.522721,133.0,91,0.999986,0.005376,Interior_Prairie_Midwest,data/raw_vouchers/BRIT02619.jpg
00543363,COLO,Packera plattensis (Nutt.) W.A.Weber & Á.Löve,Jody K. Nelson,Tier_3_Bronze,None,39.882934,-105.220443,500.0,153,0.487847,-0.872929,Other_US,data/raw_vouchers/00543363.jpg
00543348,COLO,Packera plattensis (Nutt.) W.A.Weber & Á.Löve,June D. Haines; Jody K. Nelson,Tier_3_Bronze,None,39.908716,-105.19805,500.0,163,0.331221,-0.943553,Other_US,data/raw_vouchers/00543348.jpg
CSCN-V-0012064,CSCN,Packera plattensis (Nutt.) W.A.Weber & Á.Löve,Steven B. Rolfsmeier,Tier_3_Bronze,None,42.802093,-103.488276,1400.0,152,0.502791,-0.864408,Interior_Prairie_Midwest,data/raw_vouchers/CSCN-V-0012064.jpg
CSCN-V-0012100,CSCN,Packera plattensis (Nutt.) W.A.Weber & Á.Löve,Steven B. Rolfsmeier,Tier_3_Bronze,None,42.746718,-103.514626,750.0,169,0.232243,-0.972658,Interior_Prairie_Midwest,data/raw_vouchers/CSCN-V-0012100.jpg
CSCN-V-0012104,CSCN,Packera plattensis (Nutt.) W.A.Weber & Á.Löve,Steven B. Rolfsmeier,Tier_3_Bronze,None,42.855165,-103.609534,1400.0,178,0.079477,-0.996837,Appalachian_Highlands,data/raw_vouchers/CSCN-V-0012104.jpg
CSCN-V-0012103,CSCN,Packera plattensis (Nutt.) W.A.Weber & Á.Löve,Steven B. Rolfsmeier,Tier_3_Bronze,None,42.861029,-103.580385,2100.0,175,0.130793,-0.99141,Interior_Prairie_Midwest,data/raw_vouchers/CSCN-V-0012103.jpg
CSCN-V-0012102,CSCN,Packera plattensis (Nutt.) W.A.Weber & Á.Löve,Steven B. Rolfsmeier,Tier_3_Bronze,None,42.851913,-103.586501,1200.0,163,0.331221,-0.943553,Interior_Prairie_Midwest,data/raw_vouchers/CSCN-V-0012102.jpg
CSCN-V-0012101,CSCN,Packera plattensis (Nutt.) W.A.Weber & Á.Löve,Steven B. Rolfsmeier,Tier_3_Bronze,None,42.809812,-103.564663,500.0,158,0.411054,-0.911611,Interior_Prairie_Midwest,data/raw_vouchers/CSCN-V-0012101.jpg
CSCN-V-0012105,CSCN,Packera plattensis (Nutt.) W.A.Weber & Á.Löve,Steven B. Rolfsmeier,Tier_3_Bronze,None,42.897913,-103.551829,150.0,194,-0.194431,-0.980916,Interior_Prairie_Midwest,data/raw_vouchers/CSCN-V-0012105.jpg
BAYLU034297,BAYLU,Packera plattensis (Nutt.) W.A.Weber & Á.Löve,Nomenclatural Adjustment,Tier_3_Bronze,None,32.24241,-97.40097,2901.0,96,0.996751,-0.080549,Interior_Prairie_Midwest,data/raw_vouchers/BAYLU034297.jpg
466767,MIN,Packera plattensis (Nutt.) W.A.Weber & Á.Löve,Alison Mahoney & Sarah Soderholm,Tier_1_Gold,None,44.51999,-92.339224,800.0,149,0.546711,-0.837321,Interior_Prairie_Midwest,data/raw_vouchers/466767.jpg
00543371,COLO,Packera plattensis (Nutt.) W.A.Weber & Á.Löve,Jody K. Nelson,Tier_3_Bronze,None,39.893774,-105.214828,500.0,138,0.694452,-0.719539,Other_US,data/raw_vouchers/00543371.jpg
BAYLU034191,BAYLU,Packera plattensis (Nutt.) W.A.Weber & Á.Löve,Nomenclatural Adjustment,Tier_3_Bronze,None,35.814418,-86.609439,1010.0,146,0.589176,-0.808005,Interior_Prairie_Midwest,data/raw_vouchers/BAYLU034191.jpg
LYN-0005426,LYN,Senecio plattensis Nutt.,"Fleming, Gary P.; Rawinski; Moorhead; Croy; Gladen; Dunscomb",Tier_3_Bronze,None,37.148557,-80.27788,1243.0,130,0.786597,-0.617467,Interior_Prairie_Midwest,data/raw_vouchers/LYN-0005426.jpg
v0005597WIS,WIS,Packera plattensis (Nutt.) W.A.Weber & Á.Löve,"Mahoney, Alison",Tier_1_Gold,None,42.735925,-91.025141,1138.0,135,0.730644,-0.682758,Interior_Prairie_Midwest,data/raw_vouchers/v0005597WIS.jpg
v0004102WIS,WIS,Packera plattensis (Nutt.) W.A.Weber & Á.Löve,"Mahoney, Alison",Tier_1_Gold,None,44.831869,-92.678053,285.0,154,0.472759,-0.881192,Interior_Prairie_Midwest,data/raw_vouchers/v0004102WIS.jpg
00116814,COLO,Packera plattensis (Nutt.) W.A.Weber & Á.Löve,Dina Clark; Tim Hogan & Rick Brune,Tier_3_Bronze,None,37.003004,-103.448494,500.0,139,0.681972,-0.731378,Other_US,data/raw_vouchers/00116814.jpg
00116830,COLO,Packera plattensis (Nutt.) W.A.Weber & Á.Löve,Tim Hogan,Tier_3_Bronze,None,39.921751,-105.242098,1000.0,148,0.561034,-0.827793,Other_US,data/raw_vouchers/00116830.jpg
829694,MIN,Packera plattensis (Nutt.) W.A.Weber & Á.Löve,Alison Mahoney & Sarah Soderholm,Tier_1_Gold,None,44.171422,-91.929435,800.0,168,0.24894,-0.968519,Interior_Prairie_Midwest,data/raw_vouchers/829694.jpg
01339639,COLO,Packera plattensis (Nutt.) W.A.Weber & Á.Löve,Aaron Bush,Tier_3_Bronze,None,36.797518,-98.845927,3500.0,115,0.918121,-0.396299,Interior_Prairie_Midwest,data/raw_vouchers/01339639.jpg
v0005855WIS,WIS,Packera plattensis (Nutt.) W.A.Weber & Á.Löve,"Mahoney, Alison",Tier_1_Gold,None,43.92913,-91.25792,250.0,137,0.706727,-0.707487,Interior_Prairie_Midwest,data/raw_vouchers/v0005855WIS.jpg
CSCN-V-0012066,CSCN,Packera plattensis (Nutt.) W.A.Weber & Á.Löve,Steven B. Rolfsmeier,Tier_3_Bronze,None,42.793507,-103.14801,200.0,140,0.66929,-0.743001,Interior_Prairie_Midwest,data/raw_vouchers/CSCN-V-0012066.jpg
CSCN-V-0012115,CSCN,Packera plattensis (Nutt.) W.A.Weber & Á.Löve,Steven B. Rolfsmeier,Tier_3_Bronze,None,43.889951,-102.849045,1139.0,156,0.442168,-0.896932,Other_US,data/raw_vouchers/CSCN-V-0012115.jpg
UAM026557,UAM,Senecio plattensis Nutt.,Deb K Trock,Tier_1_Gold,None,39.053066,-96.285953,331.0,135,0.730644,-0.682758,Interior_Prairie_Midwest,data/raw_vouchers/UAM026557.jpg
MESA09792,MESA,Senecio plattensis Nutt.,John Anderson,Tier_3_Bronze,None,38.250923,-105.03989,900.0,134,0.742281,-0.670089,Other_US,data/raw_vouchers/MESA09792.jpg
MESA04262,MESA,Packera plattensis (Nutt.) W.A.Weber & Á.Löve,T. Archibeque,Tier_3_Bronze,None,39.9211,-105.212888,1200.0,142,0.643337,-0.765584,Other_US,data/raw_vouchers/MESA04262.jpg
CSCN-V-0012092,CSCN,Packera plattensis (Nutt.) W.A.Weber & Á.Löve,Steven B. Rolfsmeier,Tier_3_Bronze,None,40.621916,-96.99293,250.0,127,0.817401,-0.576069,Interior_Prairie_Midwest,data/raw_vouchers/CSCN-V-0012092.jpg
BHSC0054952,BHSC,Packera plattensis (Nutt.) W.A.Weber & Á.Löve,"Peabody, Frederick J.",Tier_3_Bronze,None,43.908912,-102.396206,1006.0,160,0.379453,-0.925211,Other_US,data/raw_vouchers/BHSC0054952.jpg
MESA09791,MESA,Senecio plattensis Nutt.,John L. Anderson; Greg Brown,Tier_3_Bronze,None,37.490207,-104.017361,2700.0,164,0.314942,-0.949111,Other_US,data/raw_vouchers/MESA09791.jpg
v0005770WIS,WIS,Packera plattensis (Nutt.) W.A.Weber & Á.Löve,"Mahoney, Alison",Tier_1_Gold,None,44.470303,-92.069604,569.0,155,0.457531,-0.889193,Interior_Prairie_Midwest,data/raw_vouchers/v0005770WIS.jpg
59308,WILLI,Packera plattensis (Nutt.) W.A.Weber & Á.Löve,"Trock, Debra",Tier_1_Gold,None,36.719346,-78.629751,700.0,178,0.079477,-0.996837,Piedmont_Granite_Flatrocks,data/raw_vouchers/59308.jpg
B90_1_82,SMM,Senecio plattensis Nutt.,R.J.O.,Tier_3_Bronze,None,47.064114,-96.436268,566.0,169,0.232243,-0.972658,Interior_Prairie_Midwest,data/raw_vouchers/B90_1_82.jpg
B90_1_81,SMM,Senecio plattensis Nutt.,Richard Oehlenschlager,Tier_3_Bronze,None,47.063982,-96.436268,580.0,169,0.232243,-0.972658,Interior_Prairie_Midwest,data/raw_vouchers/B90_1_81.jpg
B90_1_80,SMM,Senecio plattensis Nutt.,R.J.O.,Tier_3_Bronze,None,47.064202,-96.436182,556.0,169,0.232243,-0.972658,Interior_Prairie_Midwest,data/raw_vouchers/B90_1_80.jpg
CSCN-V-0012113,CSCN,Packera plattensis (Nutt.) W.A.Weber & Á.Löve,Steven B. Rolfsmeier,Tier_3_Bronze,None,43.337089,-103.374868,2500.0,149,0.546711,-0.837321,Other_US,data/raw_vouchers/CSCN-V-0012113.jpg
KHD00009170,DBG,Packera plattensis (Nutt.) W.A.Weber & Á.Löve,Nomenclatural Adjustment,Tier_3_Bronze,None,39.938029,-105.258179,1000.0,161,0.363482,-0.931601,Other_US,data/raw_vouchers/KHD00009170.jpg
01339647,COLO,Packera plattensis (Nutt.) W.A.Weber & Á.Löve,C. M. Buckley,Tier_3_Bronze,None,36.833954,-98.630127,1000.0,111,0.943196,-0.332235,Interior_Prairie_Midwest,data/raw_vouchers/01339647.jpg
833761,MIN,Packera plattensis (Nutt.) W.A.Weber & Á.Löve,Alison Mahoney & Sarah Soderholm,Tier_1_Gold,None,44.928095,-95.80856,800.0,151,0.517586,-0.855631,Interior_Prairie_Midwest,data/raw_vouchers/833761.jpg
00116947,COLO,Packera plattensis (Nutt.) W.A.Weber & Á.Löve,Tom Patterson; Craig Heacok,Tier_3_Bronze,None,37.640181,-102.52414,1000.0,131,0.775859,-0.630907,Other_US,data/raw_vouchers/00116947.jpg
DEK000096074,DEK,Packera plattensis (Nutt.) W.A.Weber & Á.Löve,Michael G. Van Buer,Tier_3_Bronze,None,41.974801,-89.336577,2940.0,136,0.718792,-0.695225,Interior_Prairie_Midwest,data/raw_vouchers/DEK000096074.jpg
CSCN-V-0012096,CSCN,Packera plattensis (Nutt.) W.A.Weber & Á.Löve,CSCN staff,Tier_3_Bronze,None,40.857709,-96.976741,750.0,136,0.718792,-0.695225,Interior_Prairie_Midwest,data/raw_vouchers/CSCN-V-0012096.jpg
CSCN-V-0012087,CSCN,Packera plattensis (Nutt.) W.A.Weber & Á.Löve,Steven B. Rolfsmeier,Tier_3_Bronze,None,41.901913,-97.52321,400.0,135,0.730644,-0.682758,Interior_Prairie_Midwest,data/raw_vouchers/CSCN-V-0012087.jpg
CSCN-V-0012088,CSCN,Packera plattensis (Nutt.) W.A.Weber & Á.Löve,Steven B. Rolfsmeier,Tier_3_Bronze,None,42.019831,-97.482503,350.0,136,0.718792,-0.695225,Interior_Prairie_Midwest,data/raw_vouchers/CSCN-V-0012088.jpg
CSCN-V-0012086,CSCN,Packera plattensis (Nutt.) W.A.Weber & Á.Löve,Steven B. Rolfsmeier,Tier_3_Bronze,None,41.901913,-97.52321,400.0,135,0.730644,-0.682758,Interior_Prairie_Midwest,data/raw_vouchers/CSCN-V-0012086.jpg
814813,MIN,Packera plattensis (Nutt.) W.A.Weber & Á.Löve,"Wheeler, Gerald",Tier_3_Bronze,None,47.332642,-96.354392,800.0,153,0.487847,-0.872929,Interior_Prairie_Midwest,data/raw_vouchers/814813.jpg
CSCN-V-0012052,CSCN,Packera plattensis (Nutt.) W.A.Weber & Á.Löve,Steven B. Rolfsmeier,Tier_3_Bronze,None,41.640435,-103.688825,250.0,171,0.198648,-0.980071,Interior_Prairie_Midwest,data/raw_vouchers/CSCN-V-0012052.jpg
TEX00476541,TEX,Packera plattensis (Nutt.) W.A.Weber & Á.Löve,"Turner, Billie Lee",Tier_2_Silver,None,31.152297,-98.594902,523.0,109,0.954067,-0.299595,Interior_Prairie_Midwest,data/raw_vouchers/TEX00476541.jpg
795475,MIN,Packera plattensis (Nutt.) W.A.Weber & Á.Löve,Alison Mahoney & Sarah Soderholm,Tier_1_Gold,None,46.463938,-96.375294,800.0,135,0.730644,-0.682758,Interior_Prairie_Midwest,data/raw_vouchers/795475.jpg
CSCN-V-0012085,CSCN,Packera plattensis (Nutt.) W.A.Weber & Á.Löve,Steven B. Rolfsmeier,Tier_3_Bronze,None,41.916512,-97.697655,400.0,144,0.616621,-0.78726,Interior_Prairie_Midwest,data/raw_vouchers/CSCN-V-0012085.jpg
CSCN-V-0012090,CSCN,Packera plattensis (Nutt.) W.A.Weber & Á.Löve,Steven B. Rolfsmeier,Tier_3_Bronze,None,41.838191,-102.931848,2600.0,148,0.561034,-0.827793,Interior_Prairie_Midwest,data/raw_vouchers/CSCN-V-0012090.jpg
3118416,NY,Packera plattensis (Nutt.) W.A.Weber & Á.Löve,L. C. Higgins,Tier_3_Bronze,None,35.54816,-101.731551,1681.57,129,0.797102,-0.603845,Interior_Prairie_Midwest,data/raw_vouchers/3118416.jpg
CSCN-V-0012095,CSCN,Packera plattensis (Nutt.) W.A.Weber & Á.Löve,Steven B. Rolfsmeier,Tier_3_Bronze,None,40.82266,-96.96225,100.0,128,0.807371,-0.590044,Interior_Prairie_Midwest,data/raw_vouchers/CSCN-V-0012095.jpg
CSCN-V-0032296,CSCN,Packera plattensis (Nutt.) W.A.Weber & Á.Löve,CSCN staff,Tier_3_Bronze,None,42.426367,-103.733369,300.0,146,0.589176,-0.808005,Interior_Prairie_Midwest,data/raw_vouchers/CSCN-V-0032296.jpg
CSCN-V-0012089,CSCN,Packera plattensis (Nutt.) W.A.Weber & Á.Löve,Steven B. Rolfsmeier,Tier_3_Bronze,None,41.495274,-103.196249,500.0,151,0.517586,-0.855631,Appalachian_Highlands,data/raw_vouchers/CSCN-V-0012089.jpg
Z2001_1_126,SMM,Senecio plattensis Nutt.,Welby R. Smith,Tier_3_Bronze,None,45.506728,-93.791533,324.0,166,0.282108,-0.959383,Interior_Prairie_Midwest,data/raw_vouchers/Z2001_1_126.jpg
KHD00009148,DBG,Packera plattensis (Nutt.) W.A.Weber & Á.Löve,Nomenclatural Adjustment,Tier_3_Bronze,None,39.930141,-105.252099,1000.0,140,0.66929,-0.743001,Other_US,data/raw_vouchers/KHD00009148.jpg
776296,MIN,Packera plattensis (Nutt.) W.A.Weber & Á.Löve,Alison Mahoney & Sarah Soderholm,Tier_1_Gold,None,44.691524,-93.654586,800.0,138,0.694452,-0.719539,Coastal_Plain_Sandhills,data/raw_vouchers/776296.jpg
CSCN-V-0012062,CSCN,Packera plattensis (Nutt.) W.A.Weber & Á.Löve,Steven B. Rolfsmeier,Tier_3_Bronze,None,42.696605,-103.010094,100.0,137,0.706727,-0.707487,Interior_Prairie_Midwest,data/raw_vouchers/CSCN-V-0012062.jpg
780423,MIN,Packera plattensis (Nutt.) W.A.Weber & Á.Löve,Alison Mahoney & Sarah Soderholm,Tier_1_Gold,None,44.854763,-92.775046,800.0,153,0.487847,-0.872929,Interior_Prairie_Midwest,data/raw_vouchers/780423.jpg
BAYLU034294,BAYLU,Packera plattensis (Nutt.) W.A.Weber & Á.Löve,Ann Gordon,Tier_3_Bronze,None,31.34395,-97.28253,4208.0,95,0.997989,-0.063391,Interior_Prairie_Midwest,data/raw_vouchers/BAYLU034294.jpg
3118537,NY,Packera plattensis (Nutt.) W.A.Weber & Á.Löve,C. C. Freeman,Tier_3_Bronze,None,39.1835,-96.6727,969.0,138,0.694452,-0.719539,Interior_Prairie_Midwest,data/raw_vouchers/3118537.jpg
3118518,NY,Packera plattensis (Nutt.) W.A.Weber & Á.Löve,C. C. Freeman,Tier_3_Bronze,None,39.0385,-96.6226,969.0,134,0.742281,-0.670089,Interior_Prairie_Midwest,data/raw_vouchers/3118518.jpg
3118538,NY,Packera plattensis (Nutt.) W.A.Weber & Á.Löve,C. C. Freeman,Tier_3_Bronze,None,39.0512,-96.4924,969.0,134,0.742281,-0.670089,Interior_Prairie_Midwest,data/raw_vouchers/3118538.jpg
3118463,NY,Packera plattensis (Nutt.) W.A.Weber & Á.Löve,D. M. Sutherland,Tier_3_Bronze,None,41.2141,-101.6435,969.0,164,0.314942,-0.949111,Interior_Prairie_Midwest,data/raw_vouchers/3118463.jpg
DEK000096077,DEK,Packera plattensis (Nutt.) W.A.Weber & Á.Löve,Michael G. Van Buer,Tier_3_Bronze,None,42.011615,-89.002933,1460.0,165,0.298569,-0.954388,Interior_Prairie_Midwest,data/raw_vouchers/DEK000096077.jpg
CSCN-V-0012058,CSCN,Packera plattensis (Nutt.) W.A.Weber & Á.Löve,Steven B. Rolfsmeier,Tier_3_Bronze,None,42.16207,-100.977011,1000.0,161,0.363482,-0.931601,Interior_Prairie_Midwest,data/raw_vouchers/CSCN-V-0012058.jpg
BRIT331594,BRIT,Packera plattensis (Nutt.) W.A.Weber & Á.Löve,Julie Taylor,Tier_3_Bronze,None,32.781526,-96.564536,409.0,100,0.988854,-0.14889,Interior_Prairie_Midwest,data/raw_vouchers/BRIT331594.jpg
BRIT122076,BRIT,Packera plattensis (Nutt.) W.A.Weber & Á.Löve,Kim Anderson,Tier_3_Bronze,None,32.781526,-96.564536,409.0,106,0.968251,-0.249981,Interior_Prairie_Midwest,data/raw_vouchers/BRIT122076.jpg
BRIT331591,BRIT,Packera plattensis (Nutt.) W.A.Weber & Á.Löve,S. L. Narayana,Tier_3_Bronze,None,32.781526,-96.564536,409.0,106,0.968251,-0.249981,Interior_Prairie_Midwest,data/raw_vouchers/BRIT331591.jpg
BRIT331590,BRIT,Packera plattensis (Nutt.) W.A.Weber & Á.Löve,Traci England,Tier_3_Bronze,None,32.781526,-96.564536,409.0,106,0.968251,-0.249981,Interior_Prairie_Midwest,data/raw_vouchers/BRIT331590.jpg
BRIT331587,BRIT,Senecio plattensis Nutt.,Helen M. Gaudin,Tier_3_Bronze,None,32.706797,-97.164501,192.0,100,0.988854,-0.14889,Interior_Prairie_Midwest,data/raw_vouchers/BRIT331587.jpg
BRIT331586,BRIT,Senecio plattensis Nutt.,Deborah L. Lively,Tier_3_Bronze,None,32.702301,-97.164137,552.0,96,0.996751,-0.080549,Interior_Prairie_Midwest,data/raw_vouchers/BRIT331586.jpg
770491,MIN,Packera plattensis (Nutt.) W.A.Weber & Á.Löve,Alison Mahoney & Sarah Soderholm,Tier_1_Gold,None,45.4052,-95.695984,800.0,152,0.502791,-0.864408,Interior_Prairie_Midwest,data/raw_vouchers/770491.jpg
BHSC0054949,BHSC,Packera plattensis (Nutt.) W.A.Weber & Á.Löve,"Hansen, Paul L.",Tier_3_Bronze,None,45.692682,-102.234724,726.0,174,0.147827,-0.989013,Other_US,data/raw_vouchers/BHSC0054949.jpg
01339605,COLO,Packera plattensis (Nutt.) W.A.Weber & Á.Löve,COLO Staff,Tier_3_Bronze,None,36.911969,-104.328872,500.0,171,0.198648,-0.980071,Other_US,data/raw_vouchers/01339605.jpg
CSCN-V-0012063,CSCN,Packera plattensis (Nutt.) W.A.Weber & Á.Löve,Steven B. Rolfsmeier,Tier_3_Bronze,None,42.865993,-103.018125,1300.0,158,0.411054,-0.911611,Interior_Prairie_Midwest,data/raw_vouchers/CSCN-V-0012063.jpg
CSCN-V-0012046,CSCN,Packera plattensis (Nutt.) W.A.Weber & Á.Löve,Joyce Phillips Hardy,Tier_3_Bronze,None,39.867577,-105.249898,500.0,163,0.331221,-0.943553,Interior_Prairie_Midwest,data/raw_vouchers/CSCN-V-0012046.jpg
148243,KU,Packera plattensis (Nutt.) W.A.Weber & Á.Löve,Deb K. Trock,Tier_1_Gold,None,34.273324,-96.775658,4032.0,115,0.918121,-0.396299,Interior_Prairie_Midwest,data/raw_vouchers/148243.jpg
UTEP_Herb_18884,UTEP,Senecio plattensis Nutt.,Larry K. Magrath,Tier_3_Bronze,None,34.263293,-96.771082,1084.0,115,0.918121,-0.396299,Interior_Prairie_Midwest,data/raw_vouchers/UTEP_Herb_18884.jpg
739933,MIN,Packera plattensis (Nutt.) W.A.Weber & Á.Löve,Alison Mahoney & Sarah Soderholm,Tier_1_Gold,None,45.810665,-95.748005,800.0,148,0.561034,-0.827793,Interior_Prairie_Midwest,data/raw_vouchers/739933.jpg
758126,MIN,Packera plattensis (Nutt.) W.A.Weber & Á.Löve,Alison Mahoney & Sarah Soderholm,Tier_1_Gold,None,45.737982,-96.625048,800.0,134,0.742281,-0.670089,Interior_Prairie_Midwest,data/raw_vouchers/758126.jpg
741478,MIN,Packera plattensis (Nutt.) W.A.Weber & Á.Löve,Alison Mahoney & Sarah Soderholm,Tier_1_Gold,None,46.159244,-96.235363,800.0,148,0.561034,-0.827793,Interior_Prairie_Midwest,data/raw_vouchers/741478.jpg
740185,MIN,Packera plattensis (Nutt.) W.A.Weber & Á.Löve,Alison Mahoney & Sarah Soderholm,Tier_1_Gold,None,45.448674,-95.245019,800.0,144,0.616621,-0.78726,Interior_Prairie_Midwest,data/raw_vouchers/740185.jpg
750564,MIN,Packera plattensis (Nutt.) W.A.Weber & Á.Löve,Alison Mahoney & Sarah Soderholm,Tier_1_Gold,None,43.767742,-91.42281,800.0,151,0.517586,-0.855631,Interior_Prairie_Midwest,data/raw_vouchers/750564.jpg
UTEP_Herb_18883,UTEP,Senecio plattensis Nutt.,Larry K. Magrath,Tier_3_Bronze,None,34.796542,-97.081171,108.0,121,0.872404,-0.488785,Interior_Prairie_Midwest,data/raw_vouchers/UTEP_Herb_18883.jpg
47917,WILLI,Packera plattensis (Nutt.) W.A.Weber & Á.Löve,"Trock, Debra",Tier_1_Gold,None,37.078218,-80.570442,263.0,132,0.764891,-0.644159,Piedmont_Granite_Flatrocks,data/raw_vouchers/47917.jpg
CSCN-V-0012108,CSCN,Packera plattensis (Nutt.) W.A.Weber & Á.Löve,Steven B. Rolfsmeier,Tier_3_Bronze,None,41.881563,-97.214045,1200.0,136,0.718792,-0.695225,Interior_Prairie_Midwest,data/raw_vouchers/CSCN-V-0012108.jpg
3118495,NY,Packera plattensis (Nutt.) W.A.Weber & Á.Löve,C. C. Freeman,Tier_3_Bronze,None,42.806971,-100.129785,4931.0,155,0.457531,-0.889193,Interior_Prairie_Midwest,data/raw_vouchers/3118495.jpg
739692,MIN,Packera plattensis (Nutt.) W.A.Weber & Á.Löve,Alison Mahoney & Sarah Soderholm,Tier_1_Gold,None,45.159258,-96.010767,800.0,152,0.502791,-0.864408,Interior_Prairie_Midwest,data/raw_vouchers/739692.jpg
CSCN-V-0012060,CSCN,Packera plattensis (Nutt.) W.A.Weber & Á.Löve,Steven B. Rolfsmeier,Tier_3_Bronze,None,42.980485,-101.091217,950.0,167,0.265563,-0.964094,Interior_Prairie_Midwest,data/raw_vouchers/CSCN-V-0012060.jpg
CSCN-V-0012082,CSCN,Packera plattensis (Nutt.) W.A.Weber & Á.Löve,Steven B. Rolfsmeier,Tier_3_Bronze,None,42.52016,-99.184459,1600.0,154,0.472759,-0.881192,Coastal_Plain_Sandhills,data/raw_vouchers/CSCN-V-0012082.jpg
CAU00004022,CAU,Senecio plattensis Nutt.,"Moore, Joe",Tier_3_Bronze,None,36.225439,-91.448518,969.0,101,0.986146,-0.165878,Interior_Prairie_Midwest,data/raw_vouchers/CAU00004022.jpg
39759,WILLI,Packera plattensis (Nutt.) W.A.Weber & Á.Löve,"Trock, Debra",Tier_1_Gold,None,39.041311,-78.332268,160.0,126,0.827189,-0.561923,Piedmont_Granite_Flatrocks,data/raw_vouchers/39759.jpg
735768,MIN,Packera plattensis (Nutt.) W.A.Weber & Á.Löve,Alison Mahoney & Sarah Soderholm,Tier_1_Gold,None,46.318653,-96.290714,800.0,167,0.265563,-0.964094,Interior_Prairie_Midwest,data/raw_vouchers/735768.jpg
CSCN-V-0012073,CSCN,Packera plattensis (Nutt.) W.A.Weber & Á.Löve,Steven B. Rolfsmeier,Tier_3_Bronze,None,42.549414,-102.964244,600.0,159,0.395312,-0.918547,Interior_Prairie_Midwest,data/raw_vouchers/CSCN-V-0012073.jpg
CSCN-V-0012072,CSCN,Packera plattensis (Nutt.) W.A.Weber & Á.Löve,Steven B. Rolfsmeier,Tier_3_Bronze,None,42.552828,-102.960468,450.0,154,0.472759,-0.881192,Interior_Prairie_Midwest,data/raw_vouchers/CSCN-V-0012072.jpg
CSCN-V-0012074,CSCN,Packera plattensis (Nutt.) W.A.Weber & Á.Löve,Steven B. Rolfsmeier,Tier_3_Bronze,None,42.549414,-102.964244,600.0,154,0.472759,-0.881192,Interior_Prairie_Midwest,data/raw_vouchers/CSCN-V-0012074.jpg
3118454,NY,Packera plattensis (Nutt.) W.A.Weber & Á.Löve,R. W. Lichvar,Tier_3_Bronze,None,42.3123,-104.6855,969.0,123,0.855075,-0.518505,Other_US,data/raw_vouchers/3118454.jpg
728364,MIN,Packera plattensis (Nutt.) W.A.Weber & Á.Löve,Alison Mahoney & Sarah Soderholm,Tier_1_Gold,None,44.233753,-96.312179,800.0,139,0.681972,-0.731378,Interior_Prairie_Midwest,data/raw_vouchers/728364.jpg
726357,MIN,Packera plattensis (Nutt.) W.A.Weber & Á.Löve,Alison Mahoney & Sarah Soderholm,Tier_1_Gold,None,44.142429,-92.010242,800.0,148,0.561034,-0.827793,Interior_Prairie_Midwest,data/raw_vouchers/726357.jpg
728376,MIN,Packera plattensis (Nutt.) W.A.Weber & Á.Löve,Alison Mahoney & Sarah Soderholm,Tier_1_Gold,None,44.233753,-96.312179,800.0,172,0.18176,-0.983343,Interior_Prairie_Midwest,data/raw_vouchers/728376.jpg
734632,MIN,Packera plattensis (Nutt.) W.A.Weber & Á.Löve,Alison Mahoney & Sarah Soderholm,Tier_1_Gold,None,46.854948,-96.473403,800.0,155,0.457531,-0.889193,Interior_Prairie_Midwest,data/raw_vouchers/734632.jpg
723886,MIN,Packera plattensis (Nutt.) W.A.Weber & Á.Löve,Alison Mahoney & Sarah Soderholm,Tier_1_Gold,None,45.636277,-96.05714,800.0,157,0.426674,-0.904405,Interior_Prairie_Midwest,data/raw_vouchers/723886.jpg
3118453,NY,Packera plattensis (Nutt.) W.A.Weber & Á.Löve,R. D. Dorn,Tier_3_Bronze,None,42.3123,-104.6855,969.0,151,0.517586,-0.855631,Other_US,data/raw_vouchers/3118453.jpg
721409,MIN,Packera plattensis (Nutt.) W.A.Weber & Á.Löve,Alison Mahoney & Sarah Soderholm,Tier_1_Gold,None,47.738517,-96.448789,800.0,169,0.232243,-0.972658,Interior_Prairie_Midwest,data/raw_vouchers/721409.jpg
717741,MIN,Packera plattensis (Nutt.) W.A.Weber & Á.Löve,Alison Mahoney & Sarah Soderholm,Tier_1_Gold,None,47.201968,-96.183893,800.0,162,0.347403,-0.937716,Interior_Prairie_Midwest,data/raw_vouchers/717741.jpg
715192,MIN,Packera plattensis (Nutt.) W.A.Weber & Á.Löve,Alison Mahoney & Sarah Soderholm,Tier_1_Gold,None,47.72417,-96.813965,800.0,171,0.198648,-0.980071,Interior_Prairie_Midwest,data/raw_vouchers/715192.jpg
708615,MIN,Packera plattensis (Nutt.) W.A.Weber & Á.Löve,Alison Mahoney & Sarah Soderholm,Tier_1_Gold,None,44.754648,-93.59211,800.0,152,0.502791,-0.864408,Interior_Prairie_Midwest,data/raw_vouchers/708615.jpg
715121,MIN,Packera plattensis (Nutt.) W.A.Weber & Á.Löve,Alison Mahoney & Sarah Soderholm,Tier_1_Gold,None,47.72417,-96.813965,800.0,163,0.331221,-0.943553,Interior_Prairie_Midwest,data/raw_vouchers/715121.jpg
715514,MIN,Packera plattensis (Nutt.) W.A.Weber & Á.Löve,Alison Mahoney & Sarah Soderholm,Tier_1_Gold,None,47.056714,-96.417356,800.0,169,0.232243,-0.972658,Interior_Prairie_Midwest,data/raw_vouchers/715514.jpg
01339688,COLO,Packera plattensis (Nutt.) W.A.Weber & Á.Löve,David Landreth,Tier_3_Bronze,None,36.928456,-98.92929,5000.0,117,0.903946,-0.427646,Interior_Prairie_Midwest,data/raw_vouchers/01339688.jpg
CAU00003715,CAU,Senecio plattensis Nutt.,"Steffy, Julie A.",Tier_3_Bronze,None,35.813113,-91.602463,969.0,104,0.976277,-0.216527,Interior_Prairie_Midwest,data/raw_vouchers/CAU00003715.jpg
BRIT331573,BRIT,Senecio plattensis Nutt.,Janice Yoder,Tier_3_Bronze,None,32.702337,-97.164008,545.0,95,0.997989,-0.063391,Interior_Prairie_Midwest,data/raw_vouchers/BRIT331573.jpg
BRIT331572,BRIT,Senecio plattensis Nutt.,Louise Lewis,Tier_3_Bronze,None,32.753574,-97.183221,1609.0,112,0.937342,-0.348411,Interior_Prairie_Midwest,data/raw_vouchers/BRIT331572.jpg
LFCC-0013856,LFCC,Packera plattensis (Nutt.) W.A.Weber & Á.Löve,R. F. Whiting,Tier_3_Bronze,None,39.037231,-78.383375,43.0,143,0.630072,-0.776537,Piedmont_Granite_Flatrocks,data/raw_vouchers/LFCC-0013856.jpg
UTEP_Herb_15943,UTEP,Senecio plattensis Nutt.,William J. Hess,Tier_3_Bronze,None,36.845855,-102.880202,1742.0,145,0.602988,-0.79775,Interior_Prairie_Midwest,data/raw_vouchers/UTEP_Herb_15943.jpg
3118411,NY,Packera plattensis (Nutt.) W.A.Weber & Á.Löve,B. E. Nelson,Tier_3_Bronze,None,41.647,-104.2362,969.0,156,0.442168,-0.896932,Other_US,data/raw_vouchers/3118411.jpg
3118368,NY,Packera plattensis (Nutt.) W.A.Weber & Á.Löve,R. L. Hartman,Tier_3_Bronze,None,44.9309,-105.3241,969.0,175,0.130793,-0.99141,Other_US,data/raw_vouchers/3118368.jpg
691517,MIN,Packera plattensis (Nutt.) W.A.Weber & Á.Löve,Alison Mahoney & Sarah Soderholm,Tier_1_Gold,None,43.738518,-91.959533,800.0,165,0.298569,-0.954388,Interior_Prairie_Midwest,data/raw_vouchers/691517.jpg
v0005622WIS,WIS,Packera plattensis (Nutt.) W.A.Weber & Á.Löve,"Mahoney, Alison",Tier_1_Gold,None,44.05706,-91.28174,100.0,160,0.379453,-0.925211,Interior_Prairie_Midwest,data/raw_vouchers/v0005622WIS.jpg
v0065960WIS,WIS,Packera plattensis (Nutt.) W.A.Weber & Á.Löve,"Mahoney, Alison",Tier_1_Gold,None,42.70456,-89.496346,1138.0,161,0.363482,-0.931601,Interior_Prairie_Midwest,data/raw_vouchers/v0065960WIS.jpg
CSCN-V-0012065,CSCN,Packera plattensis (Nutt.) W.A.Weber & Á.Löve,Steven B. Rolfsmeier,Tier_3_Bronze,None,42.709676,-103.00818,200.0,178,0.079477,-0.996837,Interior_Prairie_Midwest,data/raw_vouchers/CSCN-V-0012065.jpg
BRIT331579,BRIT,Packera plattensis (Nutt.) W.A.Weber & Á.Löve,Robert C. Miller,Tier_3_Bronze,None,32.761818,-97.108551,644.0,81,0.984306,0.176471,Interior_Prairie_Midwest,data/raw_vouchers/BRIT331579.jpg
BRIT486485,BRIT,Packera plattensis (Nutt.) W.A.Weber & Á.Löve,B. L. Turner,Tier_2_Silver,None,32.998302,-96.73814,471.0,99,0.991269,-0.131859,Interior_Prairie_Midwest,data/raw_vouchers/BRIT486485.jpg
3118421,NY,Packera plattensis (Nutt.) W.A.Weber & Á.Löve,L. C. Higgins,Tier_3_Bronze,None,35.54816,-101.731551,1681.57,134,0.742281,-0.670089,Interior_Prairie_Midwest,data/raw_vouchers/3118421.jpg
749525,MIN,Packera plattensis (Nutt.) W.A.Weber & Á.Löve,Alison Mahoney & Sarah Soderholm,Tier_1_Gold,None,44.362618,-93.939379,800.0,128,0.807371,-0.590044,Interior_Prairie_Midwest,data/raw_vouchers/749525.jpg
BALT0036078,BALT,Packera plattensis (Nutt.) W.A.Weber & Á.Löve,Travis Poulsen,Tier_3_Bronze,None,32.854457,-92.854281,969.0,136,0.718792,-0.695225,Coastal_Plain_Sandhills,data/raw_vouchers/BALT0036078.jpg
v0065937WIS,WIS,Packera plattensis (Nutt.) W.A.Weber & Á.Löve,"Mahoney, Alison",Tier_1_Gold,None,43.300234,-89.70964,1138.0,143,0.630072,-0.776537,Interior_Prairie_Midwest,data/raw_vouchers/v0065937WIS.jpg
CSCN-V-0012112,CSCN,Packera plattensis (Nutt.) W.A.Weber & Á.Löve,Steven B. Rolfsmeier,Tier_3_Bronze,None,43.086093,-103.086799,1400.0,149,0.546711,-0.837321,Other_US,data/raw_vouchers/CSCN-V-0012112.jpg
CSCN-V-0012111,CSCN,Packera plattensis (Nutt.) W.A.Weber & Á.Löve,Steven B. Rolfsmeier,Tier_3_Bronze,None,43.097939,-103.078474,2500.0,148,0.561034,-0.827793,Other_US,data/raw_vouchers/CSCN-V-0012111.jpg
CSCN-V-0012057,CSCN,Packera plattensis (Nutt.) W.A.Weber & Á.Löve,Steven B. Rolfsmeier,Tier_3_Bronze,None,42.662578,-100.520095,1000.0,153,0.487847,-0.872929,Interior_Prairie_Midwest,data/raw_vouchers/CSCN-V-0012057.jpg
DEK000096066,DEK,Packera plattensis (Nutt.) W.A.Weber & Á.Löve,Michael G. Van Buer,Tier_3_Bronze,None,41.944571,-88.630341,969.0,143,0.630072,-0.776537,Interior_Prairie_Midwest,data/raw_vouchers/DEK000096066.jpg
CSCN-V-0012091,CSCN,Packera plattensis (Nutt.) W.A.Weber & Á.Löve,Steven B. Rolfsmeier,Tier_3_Bronze,None,40.668328,-96.16036,1100.0,137,0.706727,-0.707487,Interior_Prairie_Midwest,data/raw_vouchers/CSCN-V-0012091.jpg
BHSC0054974,BHSC,Packera plattensis (Nutt.) W.A.Weber & Á.Löve,"Sisk, James A.",Tier_3_Bronze,None,44.655126,-103.698564,969.0,159,0.395312,-0.918547,Other_US,data/raw_vouchers/BHSC0054974.jpg
CSCN-V-0012116,CSCN,Packera plattensis (Nutt.) W.A.Weber & Á.Löve,Steven B. Rolfsmeier,Tier_3_Bronze,None,44.097405,-103.273411,300.0,166,0.282108,-0.959383,Other_US,data/raw_vouchers/CSCN-V-0012116.jpg
CSCN-V-0012110,CSCN,Packera plattensis (Nutt.) W.A.Weber & Á.Löve,Steven B. Rolfsmeier,Tier_3_Bronze,None,43.747629,-103.360953,1650.0,164,0.314942,-0.949111,Other_US,data/raw_vouchers/CSCN-V-0012110.jpg
CSCN-V-0012099,CSCN,Packera plattensis (Nutt.) W.A.Weber & Á.Löve,Steven B. Rolfsmeier,Tier_3_Bronze,None,42.440075,-102.712485,200.0,163,0.331221,-0.943553,Interior_Prairie_Midwest,data/raw_vouchers/CSCN-V-0012099.jpg
BRIT331583,BRIT,Senecio plattensis Nutt.,E. L. Miller,Tier_3_Bronze,None,32.727107,-97.157442,1117.0,50,0.757922,0.652346,Interior_Prairie_Midwest,data/raw_vouchers/BRIT331583.jpg
BRIT331584,BRIT,Senecio plattensis Nutt.,E. L. Miller,Tier_3_Bronze,None,32.755686,-97.138066,680.0,69,0.927238,0.374474,Interior_Prairie_Midwest,data/raw_vouchers/BRIT331584.jpg
BRIT331578,BRIT,Senecio plattensis Nutt.,B. Wenk,Tier_3_Bronze,None,32.75533,-97.138107,585.0,71,0.93957,0.342357,Interior_Prairie_Midwest,data/raw_vouchers/BRIT331578.jpg
TTC020248,TTC,Packera plattensis (Nutt.) W.A.Weber & Á.Löve,Nomenclatural Adjustment,Tier_3_Bronze,None,31.918778,-104.807096,90.0,105,0.972408,-0.233289,Interior_Prairie_Midwest,data/raw_vouchers/TTC020248.jpg
3118561,NY,Packera plattensis (Nutt.) W.A.Weber & Á.Löve,S. P. Churchill,Tier_3_Bronze,None,41.979954,-96.992168,4793.0,148,0.561034,-0.827793,Interior_Prairie_Midwest,data/raw_vouchers/3118561.jpg
DEK000096100,DEK,Packera plattensis (Nutt.) W.A.Weber & Á.Löve,Michael G. Van Buer,Tier_3_Bronze,None,41.414255,-86.474555,2742.0,126,0.827189,-0.561923,Interior_Prairie_Midwest,data/raw_vouchers/DEK000096100.jpg
CAU00004113,CAU,Senecio plattensis Nutt.,"Hawkins, David L",Tier_3_Bronze,None,36.4993,-91.1045,969.0,89,0.999209,0.03977,Interior_Prairie_Midwest,data/raw_vouchers/CAU00004113.jpg
BRIT331580,BRIT,Senecio plattensis Nutt.,J. Harmon,Tier_3_Bronze,None,32.562246,-97.129866,22.0,92,0.99993,-0.011826,Interior_Prairie_Midwest,data/raw_vouchers/BRIT331580.jpg
NLU0083285,BRIT,Packera plattensis (Nutt.) W.A.Weber & Á.Löve,Debra Trock,Tier_1_Gold,None,34.441218,-97.13476,1414.0,97,0.995218,-0.097683,Interior_Prairie_Midwest,data/raw_vouchers/NLU0083285.jpg
CSCN-V-0012083,CSCN,Packera plattensis (Nutt.) W.A.Weber & Á.Löve,Steven B. Rolfsmeier,Tier_3_Bronze,None,40.886561,-96.710781,450.0,127,0.817401,-0.576069,Interior_Prairie_Midwest,data/raw_vouchers/CSCN-V-0012083.jpg
UTC00137087,USU,Packera plattensis (Nutt.) W.A.Weber & Á.Löve,Synonymy FNA 20:596,Tier_3_Bronze,None,39.90084,-105.203329,969.0,156,0.442168,-0.896932,Other_US,data/raw_vouchers/UTC00137087.jpg
00116962,COLO,Packera plattensis (Nutt.) W.A.Weber & Á.Löve,Gregory Kunkel; Leila Shultz,Tier_3_Bronze,None,39.905855,-105.220914,1000.0,156,0.442168,-0.896932,Other_US,data/raw_vouchers/00116962.jpg
v0420191WIS,WIS,Packera plattensis (Nutt.) W.A.Weber & Á.Löve,Alison Mahoney,Tier_1_Gold,None,42.885626,-95.333043,400.0,164,0.314942,-0.949111,Interior_Prairie_Midwest,data/raw_vouchers/v0420191WIS.jpg
v0420362WIS,WIS,Packera plattensis (Nutt.) W.A.Weber & Á.Löve,Alison Mahoney,Tier_1_Gold,None,48.58614,-99.212701,200.0,179,0.062318,-0.998056,Interior_Prairie_Midwest,data/raw_vouchers/v0420362WIS.jpg
v0420368WIS,WIS,Packera plattensis (Nutt.) W.A.Weber & Á.Löve,Alison Mahoney,Tier_1_Gold,None,48.58614,-99.212701,200.0,179,0.062318,-0.998056,Interior_Prairie_Midwest,data/raw_vouchers/v0420368WIS.jpg
v0420408WIS,WIS,Packera plattensis (Nutt.) W.A.Weber & Á.Löve,Alison Mahoney,Tier_1_Gold,None,48.503443,-99.816948,280.0,180,0.045141,-0.998981,Interior_Prairie_Midwest,data/raw_vouchers/v0420408WIS.jpg
v0420391WIS,WIS,Packera plattensis (Nutt.) W.A.Weber & Á.Löve,Alison Mahoney,Tier_1_Gold,None,47.348917,-103.196746,600.0,181,0.02795,-0.999609,Other_US,data/raw_vouchers/v0420391WIS.jpg
v0420406WIS,WIS,Packera plattensis (Nutt.) W.A.Weber & Á.Löve,Alison Mahoney,Tier_1_Gold,None,47.348917,-103.196746,600.0,181,0.02795,-0.999609,Other_US,data/raw_vouchers/v0420406WIS.jpg
v0420231WIS,WIS,Packera plattensis (Nutt.) W.A.Weber & Á.Löve,Alison Mahoney,Tier_1_Gold,None,47.034435,-98.071401,300.0,172,0.18176,-0.983343,Interior_Prairie_Midwest,data/raw_vouchers/v0420231WIS.jpg
v0420366WIS,WIS,Packera plattensis (Nutt.) W.A.Weber & Á.Löve,Alison Mahoney,Tier_1_Gold,None,48.58614,-99.212701,200.0,179,0.062318,-0.998056,Interior_Prairie_Midwest,data/raw_vouchers/v0420366WIS.jpg
v0420390WIS,WIS,Packera plattensis (Nutt.) W.A.Weber & Á.Löve,Alison Mahoney,Tier_1_Gold,None,47.348917,-103.196746,600.0,181,0.02795,-0.999609,Other_US,data/raw_vouchers/v0420390WIS.jpg
v0420193WIS,WIS,Packera plattensis (Nutt.) W.A.Weber & Á.Löve,Alison Mahoney,Tier_1_Gold,None,42.885626,-95.333043,400.0,164,0.314942,-0.949111,Interior_Prairie_Midwest,data/raw_vouchers/v0420193WIS.jpg
v0420363WIS,WIS,Packera plattensis (Nutt.) W.A.Weber & Á.Löve,Alison Mahoney,Tier_1_Gold,None,48.58614,-99.212701,200.0,179,0.062318,-0.998056,Interior_Prairie_Midwest,data/raw_vouchers/v0420363WIS.jpg
v0420367WIS,WIS,Packera plattensis (Nutt.) W.A.Weber & Á.Löve,Alison Mahoney,Tier_1_Gold,None,48.58614,-99.212701,200.0,179,0.062318,-0.998056,Interior_Prairie_Midwest,data/raw_vouchers/v0420367WIS.jpg
v0420388WIS,WIS,Packera plattensis (Nutt.) W.A.Weber & Á.Löve,Alison Mahoney,Tier_1_Gold,None,47.348917,-103.196746,600.0,181,0.02795,-0.999609,Other_US,data/raw_vouchers/v0420388WIS.jpg
v0420210WIS,WIS,Packera plattensis (Nutt.) W.A.Weber & Á.Löve,Alison Mahoney,Tier_1_Gold,None,42.840953,-97.828101,800.0,166,0.282108,-0.959383,Interior_Prairie_Midwest,data/raw_vouchers/v0420210WIS.jpg
v0420228WIS,WIS,Packera plattensis (Nutt.) W.A.Weber & Á.Löve,Alison Mahoney,Tier_1_Gold,None,47.034435,-98.071401,300.0,172,0.18176,-0.983343,Interior_Prairie_Midwest,data/raw_vouchers/v0420228WIS.jpg
v0420389WIS,WIS,Packera plattensis (Nutt.) W.A.Weber & Á.Löve,Alison Mahoney,Tier_1_Gold,None,47.348917,-103.196746,600.0,181,0.02795,-0.999609,Other_US,data/raw_vouchers/v0420389WIS.jpg
v0420194WIS,WIS,Packera plattensis (Nutt.) W.A.Weber & Á.Löve,Alison Mahoney,Tier_1_Gold,None,42.885626,-95.333043,400.0,164,0.314942,-0.949111,Interior_Prairie_Midwest,data/raw_vouchers/v0420194WIS.jpg
v0420230WIS,WIS,Packera plattensis (Nutt.) W.A.Weber & Á.Löve,Alison Mahoney,Tier_1_Gold,None,47.034435,-98.071401,300.0,172,0.18176,-0.983343,Interior_Prairie_Midwest,data/raw_vouchers/v0420230WIS.jpg
v0420365WIS,WIS,Packera plattensis (Nutt.) W.A.Weber & Á.Löve,Alison Mahoney,Tier_1_Gold,None,48.58614,-99.212701,200.0,179,0.062318,-0.998056,Interior_Prairie_Midwest,data/raw_vouchers/v0420365WIS.jpg
CSCN-V-0012070,CSCN,Packera plattensis (Nutt.) W.A.Weber & Á.Löve,Steven B. Rolfsmeier,Tier_3_Bronze,None,42.97151,-103.355374,1100.0,164,0.314942,-0.949111,Interior_Prairie_Midwest,data/raw_vouchers/CSCN-V-0012070.jpg
CSCN-V-0012068,CSCN,Packera plattensis (Nutt.) W.A.Weber & Á.Löve,Steven B. Rolfsmeier,Tier_3_Bronze,None,42.96768,-103.332971,1350.0,164,0.314942,-0.949111,Interior_Prairie_Midwest,data/raw_vouchers/CSCN-V-0012068.jpg
CSCN-V-0012069,CSCN,Packera plattensis (Nutt.) W.A.Weber & Á.Löve,Steven B. Rolfsmeier,Tier_3_Bronze,None,42.687851,-103.005157,450.0,171,0.198648,-0.980071,Interior_Prairie_Midwest,data/raw_vouchers/CSCN-V-0012069.jpg
CSCN-V-0012075,CSCN,Packera plattensis (Nutt.) W.A.Weber & Á.Löve,Steven B. Rolfsmeier,Tier_3_Bronze,None,42.756689,-102.990308,300.0,156,0.442168,-0.896932,Interior_Prairie_Midwest,data/raw_vouchers/CSCN-V-0012075.jpg
CSCN-V-0012061,CSCN,Packera plattensis (Nutt.) W.A.Weber & Á.Löve,Steven B. Rolfsmeier,Tier_3_Bronze,None,42.96823,-103.33634,1350.0,164,0.314942,-0.949111,Interior_Prairie_Midwest,data/raw_vouchers/CSCN-V-0012061.jpg
BRIT00079,BRIT,Packera plattensis (Nutt.) W.A.Weber & Á.Löve,D. K. Trock,Tier_1_Gold,None,32.998302,-96.73814,471.0,77,0.969843,0.24373,Interior_Prairie_Midwest,data/raw_vouchers/BRIT00079.jpg
BRIT00078,BRIT,Packera plattensis (Nutt.) W.A.Weber & Á.Löve,D. K. Trock,Tier_1_Gold,None,32.998302,-96.73814,471.0,110,0.948772,-0.315962,Interior_Prairie_Midwest,data/raw_vouchers/BRIT00078.jpg
LYN-0005425,LYN,Senecio plattensis Nutt.,"Uttal, Leonard J.",Tier_3_Bronze,None,37.287281,-80.324646,1900.0,129,0.797102,-0.603845,Interior_Prairie_Midwest,data/raw_vouchers/LYN-0005425.jpg
BALT0036589,BALT,Packera plattensis (Nutt.) W.A.Weber & Á.Löve,Travis Poulsen,Tier_3_Bronze,None,37.287281,-80.324646,1900.0,129,0.797102,-0.603845,Interior_Prairie_Midwest,data/raw_vouchers/BALT0036589.jpg
BRIT331593,BRIT,Senecio plattensis Nutt.,Tanner,Tier_3_Bronze,None,32.745215,-96.996125,94.0,78,0.973892,0.227011,Interior_Prairie_Midwest,data/raw_vouchers/BRIT331593.jpg
01339654,COLO,Packera plattensis (Nutt.) W.A.Weber & Á.Löve,R. Norman Dudgeon,Tier_3_Bronze,None,36.899246,-98.558165,3000.0,112,0.937342,-0.348411,Interior_Prairie_Midwest,data/raw_vouchers/01339654.jpg
BRIT331582,BRIT,Senecio plattensis Nutt.,F. A. Banell,Tier_3_Bronze,None,32.840091,-97.159354,150.0,93,0.999579,-0.029025,Interior_Prairie_Midwest,data/raw_vouchers/BRIT331582.jpg
03118350,NY,Packera plattensis (Nutt.) W.A.Weber & Á.Löve,H. A. Stephens,Tier_3_Bronze,None,40.200661,-98.483548,4230.0,144,0.616621,-0.78726,Interior_Prairie_Midwest,data/raw_vouchers/03118350.jpg
DEK000096065,DEK,Packera plattensis (Nutt.) W.A.Weber & Á.Löve,Michael G. Van Buer,Tier_3_Bronze,None,42.00197,-88.724427,1000.0,142,0.643337,-0.765584,Interior_Prairie_Midwest,data/raw_vouchers/DEK000096065.jpg
CSCN-V-0012077,CSCN,Packera plattensis (Nutt.) W.A.Weber & Á.Löve,Steven B. Rolfsmeier,Tier_3_Bronze,None,42.757478,-102.991539,300.0,150,0.532227,-0.846602,Interior_Prairie_Midwest,data/raw_vouchers/CSCN-V-0012077.jpg
622060,MIN,Packera plattensis (Nutt.) W.A.Weber & Á.Löve,Alison Mahoney & Sarah Soderholm,Tier_1_Gold,None,44.854903,-92.791337,800.0,157,0.426674,-0.904405,Interior_Prairie_Midwest,data/raw_vouchers/622060.jpg
UARK012476,UARK,Packera plattensis (Nutt.) W.A.Weber & Á.Löve,Jim Miesner,Tier_3_Bronze,None,36.063156,-94.175687,88.0,112,0.937342,-0.348411,Interior_Prairie_Midwest,data/raw_vouchers/UARK012476.jpg
KHD00009150,DBG,Packera plattensis (Nutt.) W.A.Weber & Á.Löve,Berta Anderson,Tier_3_Bronze,None,39.651895,-104.733878,1000.0,148,0.561034,-0.827793,Other_US,data/raw_vouchers/KHD00009150.jpg
BRIT00103,BRIT,Packera plattensis (Nutt.) W.A.Weber & Á.Löve,David Flyr,Tier_3_Bronze,None,35.721457,-101.662426,456.0,142,0.643337,-0.765584,Interior_Prairie_Midwest,data/raw_vouchers/BRIT00103.jpg
BRIT290918,BRIT,Packera plattensis (Nutt.) W.A.Weber & Á.Löve,Debra Trock (BRIT),Tier_1_Gold,None,35.721457,-101.662426,456.0,142,0.643337,-0.765584,Interior_Prairie_Midwest,data/raw_vouchers/BRIT290918.jpg
IND-0138483,IND,Packera plattensis (Nutt.) W.A.Weber & Á.Löve,William G. D'Arcy,Tier_3_Bronze,None,37.674922,-90.374038,500.0,130,0.786597,-0.617467,Interior_Prairie_Midwest,data/raw_vouchers/IND-0138483.jpg
3118531,NY,Packera plattensis (Nutt.) W.A.Weber & Á.Löve,H. A. Stephens,Tier_3_Bronze,None,43.164368,-103.181103,3390.0,159,0.395312,-0.918547,Other_US,data/raw_vouchers/3118531.jpg
3118497,NY,Packera plattensis (Nutt.) W.A.Weber & Á.Löve,H. A. Stephens,Tier_3_Bronze,None,42.126736,-97.439457,1973.0,153,0.487847,-0.872929,Interior_Prairie_Midwest,data/raw_vouchers/3118497.jpg
3118389,NY,Packera plattensis (Nutt.) W.A.Weber & Á.Löve,L. K. Magrath,Tier_3_Bronze,None,38.143825,-97.139297,2662.0,122,0.863867,-0.50372,Interior_Prairie_Midwest,data/raw_vouchers/3118389.jpg
3118527,NY,Packera plattensis (Nutt.) W.A.Weber & Á.Löve,H. A. Stephens,Tier_3_Bronze,None,38.480569,-95.742394,1224.0,134,0.742281,-0.670089,Interior_Prairie_Midwest,data/raw_vouchers/3118527.jpg
3118380,NY,Packera plattensis (Nutt.) W.A.Weber & Á.Löve,R. L. McGregor,Tier_3_Bronze,None,39.055729,-96.028047,4142.0,151,0.517586,-0.855631,Interior_Prairie_Midwest,data/raw_vouchers/3118380.jpg
3118470,NY,Packera plattensis (Nutt.) W.A.Weber & Á.Löve,L. K. Magrath,Tier_3_Bronze,None,42.062045,-97.979582,1238.0,148,0.561034,-0.827793,Interior_Prairie_Midwest,data/raw_vouchers/3118470.jpg
v0065952WIS,WIS,Packera plattensis (Nutt.) W.A.Weber & Á.Löve,"Mahoney, Alison",Tier_1_Gold,None,42.588855,-89.411532,569.0,138,0.694452,-0.719539,Interior_Prairie_Midwest,data/raw_vouchers/v0065952WIS.jpg
BALT0036082,BALT,Packera plattensis (Nutt.) W.A.Weber & Á.Löve,Travis Poulsen,Tier_3_Bronze,None,42.542476,-85.926759,969.0,157,0.426674,-0.904405,Interior_Prairie_Midwest,data/raw_vouchers/BALT0036082.jpg
BALT0036079,BALT,Packera plattensis (Nutt.) W.A.Weber & Á.Löve,Travis Poulsen,Tier_3_Bronze,None,42.542476,-85.926759,969.0,157,0.426674,-0.904405,Interior_Prairie_Midwest,data/raw_vouchers/BALT0036079.jpg
v0004094WIS,WIS,Packera plattensis (Nutt.) W.A.Weber & Á.Löve,"Mahoney, Alison",Tier_1_Gold,None,44.01972,-91.483,500.0,165,0.298569,-0.954388,Interior_Prairie_Midwest,data/raw_vouchers/v0004094WIS.jpg
NLU0083267,BRIT,Senecio plattensis Nutt.,Lloyd H. Shinners,Tier_2_Silver,None,32.99721,-96.746148,796.0,87,0.99725,0.074117,Interior_Prairie_Midwest,data/raw_vouchers/NLU0083267.jpg
148264,KU,Packera plattensis (Nutt.) W.A.Weber & Á.Löve,Deb K. Trock,Tier_1_Gold,None,35.478029,-97.000419,421.0,119,0.888701,-0.458487,Interior_Prairie_Midwest,data/raw_vouchers/148264.jpg
TTC010577,TTC,Packera plattensis (Nutt.) W.A.Weber & Á.Löve,Nomenclatural Adjustment,Tier_3_Bronze,None,32.069571,-98.895777,1646.0,97,0.995218,-0.097683,Interior_Prairie_Midwest,data/raw_vouchers/TTC010577.jpg
148226,KU,Packera plattensis (Nutt.) W.A.Weber & Á.Löve,Deb K. Trock,Tier_1_Gold,None,35.93988,-98.34806,3882.0,130,0.786597,-0.617467,Interior_Prairie_Midwest,data/raw_vouchers/148226.jpg
148296,KU,Packera plattensis (Nutt.) W.A.Weber & Á.Löve,Deb K. Trock,Tier_1_Gold,None,34.427428,-97.105875,848.0,106,0.968251,-0.249981,Interior_Prairie_Midwest,data/raw_vouchers/148296.jpg
3118502,NY,Packera plattensis (Nutt.) W.A.Weber & Á.Löve,H. A. Stephens,Tier_3_Bronze,None,37.345512,-96.170359,3398.0,126,0.827189,-0.561923,Interior_Prairie_Midwest,data/raw_vouchers/3118502.jpg
BHSC0054968,BHSC,Packera plattensis (Nutt.) W.A.Weber & Á.Löve,"Van Bruggen, Ted",Tier_3_Bronze,None,43.446078,-103.474904,839.0,147,0.57519,-0.81802,Interior_Prairie_Midwest,data/raw_vouchers/BHSC0054968.jpg
BHSC0054964,BHSC,Packera plattensis (Nutt.) W.A.Weber & Á.Löve,"Stockert, John W.",Tier_3_Bronze,None,43.727305,-101.988719,969.0,143,0.630072,-0.776537,Interior_Prairie_Midwest,data/raw_vouchers/BHSC0054964.jpg
NCU00445768,NCU,Packera paupercula var. paupercula,"Ungberg, Eric",Tier_2_Silver,None,36.126725,-78.764861,100.0,104,0.976277,-0.216527,Piedmont_Granite_Flatrocks,data/raw_vouchers/NCU00445768.jpg
v0430617WIS,WIS,Packera paupercula var. pseudotomentosa (Mack. & Bush) R.R.Kowal,"Mahoney, Alison",Tier_1_Gold,None,45.931162,-92.550188,3.0,151,0.517586,-0.855631,Interior_Prairie_Midwest,data/raw_vouchers/v0430617WIS.jpg
v0430620WIS,WIS,Packera paupercula var. pseudotomentosa (Mack. & Bush) R.R.Kowal,"Mahoney, Alison",Tier_1_Gold,None,44.296477,-90.751834,4.0,153,0.487847,-0.872929,Interior_Prairie_Midwest,data/raw_vouchers/v0430620WIS.jpg
v0431954WIS,WIS,Packera paupercula (Michx.) Á.Löve & D.Löve,Derek S. Anderson,Tier_3_Bronze,None,45.930408,-92.550105,4.0,168,0.24894,-0.968519,Interior_Prairie_Midwest,data/raw_vouchers/v0431954WIS.jpg
v0424076WIS,WIS,Packera paupercula (Michx.) Á.Löve & D.Löve,Derek S. Anderson; Richard W. Haug,Tier_3_Bronze,None,45.691602,-92.764517,4.0,154,0.472759,-0.881192,Interior_Prairie_Midwest,data/raw_vouchers/v0424076WIS.jpg
v0422295WIS,WIS,Packera paupercula (Michx.) Á.Löve & D.Löve,Kevin Doyle,Tier_2_Silver,None,46.61797,-91.215255,4.0,177,0.096613,-0.995322,Interior_Prairie_Midwest,data/raw_vouchers/v0422295WIS.jpg
v0406383WIS,WIS,Packera paupercula var. paupercula,"Mahoney, Alison",Tier_1_Gold,None,45.709008,-92.706392,3.0,157,0.426674,-0.904405,Interior_Prairie_Midwest,data/raw_vouchers/v0406383WIS.jpg
v0422204WIS,WIS,Packera paupercula (Michx.) Á.Löve & D.Löve,Paul S. Hlina,Tier_3_Bronze,None,46.43966,-91.51558,3.0,176,0.11372,-0.993513,Interior_Prairie_Midwest,data/raw_vouchers/v0422204WIS.jpg
LUC03898,LUC,Packera paupercula var. savannarum R.R.Kowal,Roberta Lammers-Campbell,Tier_3_Bronze,None,42.288335,-88.366975,28.0,169,0.232243,-0.972658,Interior_Prairie_Midwest,data/raw_vouchers/LUC03898.jpg
v0422219WIS,WIS,Packera paupercula (Michx.) Á.Löve & D.Löve,Paul S. Hlina; Craig Longtine,Tier_3_Bronze,None,46.62159,-91.2963,5.0,190,-0.126528,-0.991963,Interior_Prairie_Midwest,data/raw_vouchers/v0422219WIS.jpg
LUC03834,LUC,Packera paupercula var. savannarum R.R.Kowal,Roberta Lammers-Campbell,Tier_3_Bronze,None,42.288149,-88.367157,10.0,166,0.282108,-0.959383,Interior_Prairie_Midwest,data/raw_vouchers/LUC03834.jpg
LUC03835,LUC,Packera paupercula var. savannarum R.R.Kowal,Roberta Lammers-Campbell,Tier_3_Bronze,None,42.289942,-88.372677,9.0,166,0.282108,-0.959383,Interior_Prairie_Midwest,data/raw_vouchers/LUC03835.jpg
NCU00453541,NCU,Packera paupercula (Michx.) Á.Löve & D.Löve,"Basinger, Mark A.",Tier_2_Silver,None,44.4804,-104.1182,300.0,167,0.265563,-0.964094,Other_US,data/raw_vouchers/NCU00453541.jpg
v0392158WIS,WIS,Packera paupercula var. paupercula,"Mahoney, Alison",Tier_1_Gold,None,45.70847,-92.70681,5.0,163,0.331221,-0.943553,Interior_Prairie_Midwest,data/raw_vouchers/v0392158WIS.jpg
v0407054WIS,WIS,Packera paupercula (Michx.) Á.Löve & D.Löve,Paul S. Hlina,Tier_3_Bronze,None,46.279701,-91.820341,5.0,173,0.164818,-0.986324,Interior_Prairie_Midwest,data/raw_vouchers/v0407054WIS.jpg
81776,WIN,Packera paupercula (Michx.) Á.Löve & D.Löve,S.R. Anderson,Tier_3_Bronze,None,43.132833,-93.457444,100.0,175,0.130793,-0.99141,Interior_Prairie_Midwest,data/raw_vouchers/81776.jpg
NCU00439620,NCU,Packera paupercula var. paupercula,"Rodgers, Devin",Tier_2_Silver,None,36.05711,-84.79022,100.0,151,0.517586,-0.855631,Interior_Prairie_Midwest,data/raw_vouchers/NCU00439620.jpg
v0390825WIS,WIS,Packera paupercula var. paupercula,"Mahoney, Alison",Tier_1_Gold,None,46.343576,-91.635367,5.0,168,0.24894,-0.968519,Interior_Prairie_Midwest,data/raw_vouchers/v0390825WIS.jpg
v0299817WIS,WIS,Packera paupercula var. paupercula,"Mahoney, Alison",Tier_1_Gold,None,46.916326,-90.548792,602.0,196,-0.228058,-0.973648,Interior_Prairie_Midwest,data/raw_vouchers/v0299817WIS.jpg
UTC00278163,USU,Packera paupercula (Michx.) Á.Löve & D.Löve,Peter Goodwin,Tier_3_Bronze,None,40.89566,-111.024421,40.0,247,-0.894542,-0.446983,Other_US,data/raw_vouchers/UTC00278163.jpg
NCU00439802,NCU,Packera paupercula (Michx.) Á.Löve & D.Löve,"Blyveis, E.",Tier_2_Silver,None,35.04968,-85.40811,100.0,125,0.836733,-0.547611,Interior_Prairie_Midwest,data/raw_vouchers/NCU00439802.jpg
NCU00392096,NCU,Packera paupercula var. paupercula,"Seymour, Stephanie",Tier_2_Silver,None,36.410752,-78.75496,7.0,139,0.681972,-0.731378,Piedmont_Granite_Flatrocks,data/raw_vouchers/NCU00392096.jpg
GVSC001579,GVSC,Packera paupercula (Michx.) Á.Löve & D.Löve,Julianne Fosgard,Tier_3_Bronze,None,42.978626,-85.832154,969.0,140,0.66929,-0.743001,Interior_Prairie_Midwest,data/raw_vouchers/GVSC001579.jpg
v0261019WIS,WIS,Packera paupercula var. savannarum R.R.Kowal,"Mahoney, Alison",Tier_1_Gold,None,42.69913,-89.498729,285.0,140,0.66929,-0.743001,Interior_Prairie_Midwest,data/raw_vouchers/v0261019WIS.jpg
v0261765WIS,WIS,Packera paupercula var. pseudotomentosa (Mack. & Bush) R.R.Kowal,"Mahoney, Alison",Tier_1_Gold,None,43.961221,-89.544969,285.0,139,0.681972,-0.731378,Interior_Prairie_Midwest,data/raw_vouchers/v0261765WIS.jpg
v0261759WIS,WIS,Packera paupercula var. pseudotomentosa (Mack. & Bush) R.R.Kowal,"Mahoney, Alison",Tier_1_Gold,None,43.961221,-89.544969,285.0,137,0.706727,-0.707487,Interior_Prairie_Midwest,data/raw_vouchers/v0261759WIS.jpg
v0261024WIS,WIS,Packera paupercula var. savannarum R.R.Kowal,"Mahoney, Alison",Tier_1_Gold,None,43.119164,-89.310662,569.0,141,0.656411,-0.754404,Interior_Prairie_Midwest,data/raw_vouchers/v0261024WIS.jpg
MOAR0000593,MOAR,Packera paupercula (Michx.) Á.Löve & D.Löve,Ann F. Rhoads; Timothy A. Block,Tier_3_Bronze,None,40.358092,-75.435199,3275.0,152,0.502791,-0.864408,Appalachian_Highlands,data/raw_vouchers/MOAR0000593.jpg
v0254858WIS,WIS,Packera paupercula var. paupercula,"Mahoney, Alison",Tier_1_Gold,None,44.605659,-87.847507,285.0,138,0.694452,-0.719539,Interior_Prairie_Midwest,data/raw_vouchers/v0254858WIS.jpg
904335,MIN,Packera paupercula (Michx.) Á.Löve & D.Löve,Alison Mahoney & Sarah Soderholm,Tier_1_Gold,None,47.653542,-91.438022,800.0,173,0.164818,-0.986324,Interior_Prairie_Midwest,data/raw_vouchers/904335.jpg
CSCN-V-0012036,CSCN,Packera paupercula (Michx.) Á.Löve & D.Löve,Steven B. Rolfsmeier,Tier_3_Bronze,None,43.79837,-103.742305,1650.0,73,0.95079,0.309835,Other_US,data/raw_vouchers/CSCN-V-0012036.jpg
13769,GREE,Packera paupercula (Michx.) Á.Löve & D.Löve,"Schiebout, Michael",Tier_3_Bronze,None,36.59705,-103.289733,200.0,130,0.786597,-0.617467,Other_US,data/raw_vouchers/13769.jpg
10272,GREE,Packera paupercula (Michx.) Á.Löve & D.Löve,"Schiebout, Michael",Tier_3_Bronze,None,35.522778,-104.694722,200.0,129,0.797102,-0.603845,Other_US,data/raw_vouchers/10272.jpg
14324,GREE,Packera paupercula (Michx.) Á.Löve & D.Löve,"Schiebout, Michael",Tier_3_Bronze,None,35.516583,-105.195278,200.0,139,0.681972,-0.731378,Other_US,data/raw_vouchers/14324.jpg
16770,GREE,Packera paupercula (Michx.) Á.Löve & D.Löve,"Schiebout, Michael",Tier_3_Bronze,None,35.552333,-105.136889,200.0,164,0.314942,-0.949111,Other_US,data/raw_vouchers/16770.jpg
v0262077WIS,WIS,Packera paupercula var. pseudotomentosa (Mack. & Bush) R.R.Kowal,"Mahoney, Alison",Tier_1_Gold,None,43.970174,-89.537441,569.0,164,0.314942,-0.949111,Interior_Prairie_Midwest,data/raw_vouchers/v0262077WIS.jpg
v0262079WIS,WIS,Packera paupercula var. pseudotomentosa (Mack. & Bush) R.R.Kowal,"Mahoney, Alison",Tier_1_Gold,None,43.970174,-89.537441,569.0,164,0.314942,-0.949111,Interior_Prairie_Midwest,data/raw_vouchers/v0262079WIS.jpg
v0262078WIS,WIS,Packera paupercula var. pseudotomentosa (Mack. & Bush) R.R.Kowal,"Mahoney, Alison",Tier_1_Gold,None,43.970174,-89.537441,569.0,164,0.314942,-0.949111,Interior_Prairie_Midwest,data/raw_vouchers/v0262078WIS.jpg
v0261797WIS,WIS,Packera paupercula var. pseudotomentosa (Mack. & Bush) R.R.Kowal,"Kowal, Robert R.",Tier_1_Gold,None,43.961221,-89.544969,285.0,164,0.314942,-0.949111,Interior_Prairie_Midwest,data/raw_vouchers/v0261797WIS.jpg
v0260885WIS,WIS,Packera paupercula var. savannarum R.R.Kowal,"Mahoney, Alison",Tier_1_Gold,None,43.291048,-89.791313,285.0,155,0.457531,-0.889193,Interior_Prairie_Midwest,data/raw_vouchers/v0260885WIS.jpg
v0216244WIS,WIS,Packera paupercula var. pseudotomentosa (Mack. & Bush) R.R.Kowal,"Mahoney, Alison",Tier_1_Gold,None,44.112156,-90.578543,569.0,156,0.442168,-0.896932,Interior_Prairie_Midwest,data/raw_vouchers/v0216244WIS.jpg
UTC00240203,USU,Packera paupercula (Michx.) Á.Löve & D.Löve,Synonymy FNA,Tier_3_Bronze,None,42.562134,-111.173838,143.0,174,0.147827,-0.989013,Other_US,data/raw_vouchers/UTC00240203.jpg
UTC00240202,USU,Packera paupercula (Michx.) Á.Löve & D.Löve,Synonymy FNA,Tier_3_Bronze,None,43.200464,-110.406601,1559.0,180,0.045141,-0.998981,Other_US,data/raw_vouchers/UTC00240202.jpg
1216204,MICH,Packera paupercula var. pseudotomentosa (Mack. & Bush) R.R.Kowal,"Beverly S. Walters|Connie Bailie, Will & Jillian Harris",Tier_3_Bronze,None,44.287635,-85.850971,867.0,163,0.331221,-0.943553,Interior_Prairie_Midwest,data/raw_vouchers/1216204.jpg
v0324723WIS,WIS,Packera paupercula (Michx.) Á.Löve & D.Löve,"Cochrane, Theodore S.; Westad, Kristin E.",Tier_3_Bronze,None,42.928357,-89.905369,285.0,162,0.347403,-0.937716,Interior_Prairie_Midwest,data/raw_vouchers/v0324723WIS.jpg
1200452,MICH,Packera paupercula var. pseudotomentosa (Mack. & Bush) R.R.Kowal,Robert R. Kowal,Tier_1_Gold,None,44.208896,-85.885231,866.0,162,0.347403,-0.937716,Interior_Prairie_Midwest,data/raw_vouchers/1200452.jpg
979427,MIN,Packera paupercula (Michx.) Á.Löve & D.Löve,"Gerdes, Lynden B.",Tier_3_Bronze,None,47.694563,-91.635665,221.0,180,0.045141,-0.998981,Interior_Prairie_Midwest,data/raw_vouchers/979427.jpg
v0262015WIS,WIS,Packera paupercula var. savannarum R.R.Kowal,"Mahoney, Alison",Tier_1_Gold,None,44.018729,-91.488628,285.0,161,0.363482,-0.931601,Appalachian_Highlands,data/raw_vouchers/v0262015WIS.jpg
v0261865WIS,WIS,Packera paupercula var. savannarum R.R.Kowal,"Kowal, Robert R.; Mahoney, Alison M.",Tier_1_Gold,None,43.208959,-90.878858,569.0,161,0.363482,-0.931601,Interior_Prairie_Midwest,data/raw_vouchers/v0261865WIS.jpg
v0261867WIS,WIS,Packera paupercula var. savannarum R.R.Kowal,"Mahoney, Alison",Tier_1_Gold,None,43.208959,-90.878858,569.0,161,0.363482,-0.931601,Interior_Prairie_Midwest,data/raw_vouchers/v0261867WIS.jpg
v0261862WIS,WIS,Packera paupercula var. savannarum R.R.Kowal,"Mahoney, Alison",Tier_1_Gold,None,43.208959,-90.878858,569.0,161,0.363482,-0.931601,Interior_Prairie_Midwest,data/raw_vouchers/v0261862WIS.jpg
v0261864WIS,WIS,Packera paupercula var. savannarum R.R.Kowal,"Mahoney, Alison",Tier_1_Gold,None,43.208959,-90.878858,569.0,161,0.363482,-0.931601,Interior_Prairie_Midwest,data/raw_vouchers/v0261864WIS.jpg
v0261861WIS,WIS,Packera paupercula var. savannarum R.R.Kowal,"Mahoney, Alison",Tier_1_Gold,None,43.208959,-90.878858,569.0,161,0.363482,-0.931601,Interior_Prairie_Midwest,data/raw_vouchers/v0261861WIS.jpg
v0261860WIS,WIS,Packera paupercula var. savannarum R.R.Kowal,"Mahoney, Alison",Tier_1_Gold,None,43.208959,-90.878858,569.0,161,0.363482,-0.931601,Interior_Prairie_Midwest,data/raw_vouchers/v0261860WIS.jpg
v0261868WIS,WIS,Packera paupercula var. savannarum R.R.Kowal,"Mahoney, Alison",Tier_1_Gold,None,43.208959,-90.878858,569.0,161,0.363482,-0.931601,Interior_Prairie_Midwest,data/raw_vouchers/v0261868WIS.jpg
v0261863WIS,WIS,Packera paupercula var. savannarum R.R.Kowal,"Mahoney, Alison",Tier_1_Gold,None,43.208959,-90.878858,569.0,161,0.363482,-0.931601,Interior_Prairie_Midwest,data/raw_vouchers/v0261863WIS.jpg
v0261866WIS,WIS,Packera paupercula var. savannarum R.R.Kowal,"Mahoney, Alison",Tier_1_Gold,None,43.208959,-90.878858,569.0,161,0.363482,-0.931601,Interior_Prairie_Midwest,data/raw_vouchers/v0261866WIS.jpg
v0177835WIS,WIS,Packera paupercula var. savannarum R.R.Kowal,"Mahoney, Alison",Tier_1_Gold,None,43.213437,-90.083674,1138.0,133,0.753698,-0.657221,Interior_Prairie_Midwest,data/raw_vouchers/v0177835WIS.jpg
v0262076WIS,WIS,Packera paupercula var. savannarum R.R.Kowal,"Mahoney, Alison",Tier_1_Gold,None,44.018729,-91.488628,285.0,142,0.643337,-0.765584,Appalachian_Highlands,data/raw_vouchers/v0262076WIS.jpg
v0262068WIS,WIS,Packera paupercula var. pseudotomentosa (Mack. & Bush) R.R.Kowal,"Mahoney, Alison",Tier_1_Gold,None,44.108499,-90.603591,1138.0,140,0.66929,-0.743001,Interior_Prairie_Midwest,data/raw_vouchers/v0262068WIS.jpg
v0262070WIS,WIS,Packera paupercula var. savannarum R.R.Kowal,"Mahoney, Alison",Tier_1_Gold,None,44.018729,-91.488628,285.0,140,0.66929,-0.743001,Appalachian_Highlands,data/raw_vouchers/v0262070WIS.jpg
v0261856WIS,WIS,Packera paupercula var. paupercula,"Mahoney, Alison",Tier_1_Gold,None,46.18052,-90.919774,569.0,158,0.411054,-0.911611,Interior_Prairie_Midwest,data/raw_vouchers/v0261856WIS.jpg
00442384,COLO,Packera paupercula (Michx.) Á.Löve & D.Löve,Nan Lederer,Tier_3_Bronze,None,40.926129,-106.617651,1000.0,211,-0.468965,-0.883217,Other_US,data/raw_vouchers/00442384.jpg
UAM_Herb_84430,UAM,Packera paupercula (Michx.) Á.Löve & D.Löve,unknown,Tier_3_Bronze,None,63.73,-151.08,3615.0,193,-0.177529,-0.984116,Other_US,data/raw_vouchers/UAM_Herb_84430.jpg
00504662,COLO,Packera paupercula (Michx.) Á.Löve & D.Löve,Stan Smookler; Linda Senser 91,Tier_3_Bronze,None,39.419592,-105.829265,500.0,226,-0.67882,-0.734304,Other_US,data/raw_vouchers/00504662.jpg
431834,MIN,Packera paupercula (Michx.) Á.Löve & D.Löve,Alison Mahoney & Sarah Soderholm,Tier_1_Gold,None,48.099916,-90.464435,800.0,179,0.062318,-0.998056,Interior_Prairie_Midwest,data/raw_vouchers/431834.jpg
1999-3909_1,UVSC,Packera paupercula (Michx.) Á.Löve & D.Löve,D.M. Barnes,Tier_3_Bronze,None,40.485,-111.635278,1800.0,166,0.282108,-0.959383,Other_US,data/raw_vouchers/1999-3909_1.jpg
409933,WS,Packera paupercula (Michx.) Á.Löve & D.Löve,Walter Fertig,Tier_3_Bronze,None,44.0697,-106.9983,90.0,198,-0.261414,-0.965227,Other_US,data/raw_vouchers/409933.jpg
560987,MIN,Packera paupercula (Michx.) Á.Löve & D.Löve,Alison Mahoney & Sarah Soderholm,Tier_1_Gold,None,45.839655,-95.727453,800.0,146,0.589176,-0.808005,Interior_Prairie_Midwest,data/raw_vouchers/560987.jpg
v0262064WIS,WIS,Packera paupercula var. savannarum R.R.Kowal,"Mahoney, Alison",Tier_1_Gold,None,42.694103,-89.813268,569.0,134,0.742281,-0.670089,Interior_Prairie_Midwest,data/raw_vouchers/v0262064WIS.jpg
v0422512WIS,WIS,Packera paupercula (Michx.) Á.Löve & D.Löve,Alison Mahoney,Tier_1_Gold,None,32.69897,-88.117459,40.0,88,0.998377,0.056952,Interior_Prairie_Midwest,data/raw_vouchers/v0422512WIS.jpg
v0422509WIS,WIS,Packera paupercula (Michx.) Á.Löve & D.Löve,Alison Mahoney,Tier_1_Gold,None,32.695911,-88.121133,30.0,87,0.99725,0.074117,Interior_Prairie_Midwest,data/raw_vouchers/v0422509WIS.jpg
v0422518WIS,WIS,Packera paupercula (Michx.) Á.Löve & D.Löve,Alison Mahoney,Tier_1_Gold,None,32.683213,-88.141306,1000.0,89,0.999209,0.03977,Interior_Prairie_Midwest,data/raw_vouchers/v0422518WIS.jpg
v0422514WIS,WIS,Packera paupercula (Michx.) Á.Löve & D.Löve,Alison Mahoney,Tier_1_Gold,None,32.910729,-88.298123,40.0,89,0.999209,0.03977,Interior_Prairie_Midwest,data/raw_vouchers/v0422514WIS.jpg
v0422508WIS,WIS,Packera paupercula (Michx.) Á.Löve & D.Löve,Alison Mahoney,Tier_1_Gold,None,32.695911,-88.121133,30.0,87,0.99725,0.074117,Interior_Prairie_Midwest,data/raw_vouchers/v0422508WIS.jpg
v0422517WIS,WIS,Packera paupercula (Michx.) Á.Löve & D.Löve,Alison Mahoney,Tier_1_Gold,None,32.695911,-88.121133,30.0,89,0.999209,0.03977,Interior_Prairie_Midwest,data/raw_vouchers/v0422517WIS.jpg
v0422519WIS,WIS,Packera paupercula (Michx.) Á.Löve & D.Löve,Alison Mahoney,Tier_1_Gold,None,32.737107,-88.054463,200.0,89,0.999209,0.03977,Interior_Prairie_Midwest,data/raw_vouchers/v0422519WIS.jpg
511959,MIN,Packera paupercula (Michx.) Á.Löve & D.Löve,Alison Mahoney & Sarah Soderholm,Tier_1_Gold,None,44.664942,-95.329923,969.0,178,0.079477,-0.996837,Interior_Prairie_Midwest,data/raw_vouchers/511959.jpg
UVMVT176514,VT,Senecio pauperculus Michx.,S. R. Hill,Tier_3_Bronze,None,41.739893,-87.847921,969.0,162,0.347403,-0.937716,Interior_Prairie_Midwest,data/raw_vouchers/UVMVT176514.jpg
v0035772WIS,WIS,Packera paupercula var. pseudotomentosa (Mack. & Bush) R.R.Kowal,"Mahoney, Alison",Tier_1_Gold,None,44.361901,-90.779166,285.0,168,0.24894,-0.968519,Interior_Prairie_Midwest,data/raw_vouchers/v0035772WIS.jpg
v0422677WIS,WIS,Packera paupercula (Michx.) Á.Löve & D.Löve,Alison Mahoney,Tier_1_Gold,None,48.45059,-115.775983,50.0,174,0.147827,-0.989013,Other_US,data/raw_vouchers/v0422677WIS.jpg
v0422635WIS,WIS,Packera paupercula (Michx.) Á.Löve & D.Löve,Alison Mahoney,Tier_1_Gold,None,45.066933,-111.212374,80.0,168,0.24894,-0.968519,Other_US,data/raw_vouchers/v0422635WIS.jpg
v0422559WIS,WIS,Packera paupercula (Michx.) Á.Löve & D.Löve,Alison Mahoney,Tier_1_Gold,None,44.264382,-103.91762,20.0,164,0.314942,-0.949111,Other_US,data/raw_vouchers/v0422559WIS.jpg
v0213648WIS,WIS,Packera paupercula var. savannarum R.R.Kowal,"Mahoney, Alison",Tier_1_Gold,None,42.66941,-89.04911,3421.0,150,0.532227,-0.846602,Interior_Prairie_Midwest,data/raw_vouchers/v0213648WIS.jpg
UTEP_Herb_54336,UTEP,Senecio pauperculus Michx.,Richard D. Worthington,Tier_3_Bronze,None,32.919793,-107.690623,2324.0,148,0.561034,-0.827793,Other_US,data/raw_vouchers/UTEP_Herb_54336.jpg
v0035771WIS,WIS,Packera paupercula var. savannarum R.R.Kowal,"Mahoney, Alison",Tier_1_Gold,None,42.837941,-88.461371,285.0,171,0.198648,-0.980071,Interior_Prairie_Midwest,data/raw_vouchers/v0035771WIS.jpg
00828764,COLO,Packera paupercula (Michx.) Á.Löve & D.Löve,CF Keller,Tier_3_Bronze,None,40.941222,-105.996039,500.0,226,-0.67882,-0.734304,Other_US,data/raw_vouchers/00828764.jpg
v0007674WIS,WIS,Packera paupercula var. paupercula,"Mahoney, Alison",Tier_1_Gold,None,46.291837,-91.837442,569.0,214,-0.513901,-0.857849,Interior_Prairie_Midwest,data/raw_vouchers/v0007674WIS.jpg
CSCN-V-0012045,CSCN,Packera paupercula (Michx.) Á.Löve & D.Löve,Steven B. Rolfsmeier,Tier_3_Bronze,None,43.5476,-110.6362,1609.0,179,0.062318,-0.998056,Other_US,data/raw_vouchers/CSCN-V-0012045.jpg
v0035767WIS,WIS,Packera paupercula var. paupercula,"Mahoney, Alison",Tier_1_Gold,None,46.581319,-92.200291,285.0,186,-0.058026,-0.998315,Interior_Prairie_Midwest,data/raw_vouchers/v0035767WIS.jpg
3118128,NY,Packera paupercula (Michx.) Á.Löve & D.Löve,S. Goodrich,Tier_3_Bronze,None,40.759,-109.4705,969.0,216,-0.543105,-0.839665,Other_US,data/raw_vouchers/3118128.jpg
435197,MIN,Packera paupercula var. savannarum R.R.Kowal,Alison Mahoney & Sarah Soderholm,Tier_1_Gold,None,43.536578,-92.519043,800.0,146,0.589176,-0.808005,Interior_Prairie_Midwest,data/raw_vouchers/435197.jpg
443846,MIN,Packera paupercula (Michx.) Á.Löve & D.Löve,Alison Mahoney & Sarah Soderholm,Tier_1_Gold,None,47.649989,-93.890023,800.0,163,0.331221,-0.943553,Interior_Prairie_Midwest,data/raw_vouchers/443846.jpg
MARY1021867,MARY,Senecio pauperculus Michx.,Edward C. Uebel,Tier_3_Bronze,None,39.412883,-76.834143,1715.0,156,0.442168,-0.896932,Appalachian_Highlands,data/raw_vouchers/MARY1021867.jpg
v0005844WIS,WIS,Packera paupercula var. paupercula,"Mahoney, Alison",Tier_1_Gold,None,43.760837,-89.403163,285.0,159,0.395312,-0.918547,Interior_Prairie_Midwest,data/raw_vouchers/v0005844WIS.jpg
v0126003WIS,WIS,Packera paupercula var. paupercula,"Mahoney, Alison",Tier_1_Gold,None,45.132755,-87.104285,285.0,175,0.130793,-0.99141,Interior_Prairie_Midwest,data/raw_vouchers/v0126003WIS.jpg
v0005595WIS,WIS,Packera paupercula var. paupercula,"Mahoney, Alison",Tier_1_Gold,None,43.760837,-89.403163,285.0,159,0.395312,-0.918547,Interior_Prairie_Midwest,data/raw_vouchers/v0005595WIS.jpg
v0261924WIS,WIS,Packera paupercula var. savannarum R.R.Kowal,"Mahoney, Alison",Tier_1_Gold,None,43.04408,-90.485757,285.0,147,0.57519,-0.81802,Interior_Prairie_Midwest,data/raw_vouchers/v0261924WIS.jpg
v0005782WIS,WIS,Packera paupercula var. savannarum R.R.Kowal,"Mahoney, Alison",Tier_1_Gold,None,42.906945,-90.751929,285.0,147,0.57519,-0.81802,Interior_Prairie_Midwest,data/raw_vouchers/v0005782WIS.jpg
v0065934WIS,WIS,Packera paupercula var. savannarum R.R.Kowal,"Mahoney, Alison",Tier_1_Gold,None,43.762658,-89.400697,569.0,167,0.265563,-0.964094,Interior_Prairie_Midwest,data/raw_vouchers/v0065934WIS.jpg
v0005853WIS,WIS,Packera paupercula var. savannarum R.R.Kowal,"Mahoney, Alison",Tier_1_Gold,None,42.778672,-91.047074,1138.0,165,0.298569,-0.954388,Interior_Prairie_Midwest,data/raw_vouchers/v0005853WIS.jpg
v0035769WIS,WIS,Packera paupercula var. paupercula,"Mahoney, Alison",Tier_1_Gold,None,46.257195,-91.932605,285.0,188,-0.092331,-0.995728,Interior_Prairie_Midwest,data/raw_vouchers/v0035769WIS.jpg
v0005858WIS,WIS,Packera paupercula var. savannarum R.R.Kowal,"Mahoney, Alison",Tier_1_Gold,None,42.824477,-89.511308,569.0,149,0.546711,-0.837321,Interior_Prairie_Midwest,data/raw_vouchers/v0005858WIS.jpg
v0005852WIS,WIS,Packera paupercula var. savannarum R.R.Kowal,"Mahoney, Alison",Tier_1_Gold,None,42.824477,-89.511308,569.0,137,0.706727,-0.707487,Interior_Prairie_Midwest,data/raw_vouchers/v0005852WIS.jpg
830296,MIN,Packera paupercula (Michx.) Á.Löve & D.Löve,"Myhre, K.",Tier_3_Bronze,None,47.099893,-93.870427,800.0,161,0.363482,-0.931601,Interior_Prairie_Midwest,data/raw_vouchers/830296.jpg
v0005781WIS,WIS,Packera paupercula var. pseudotomentosa (Mack. & Bush) R.R.Kowal,"Mahoney, Alison",Tier_1_Gold,None,44.036261,-90.682229,1138.0,157,0.426674,-0.904405,Interior_Prairie_Midwest,data/raw_vouchers/v0005781WIS.jpg
v0005854WIS,WIS,Packera paupercula (Michx.) Á.Löve & D.Löve,"Kowal, Robert R.",Tier_1_Gold,None,43.642347,-90.606807,569.0,158,0.411054,-0.911611,Interior_Prairie_Midwest,data/raw_vouchers/v0005854WIS.jpg
v0005596WIS,WIS,Packera paupercula var. paupercula,"Mahoney, Alison",Tier_1_Gold,None,46.397674,-91.817602,285.0,181,0.02795,-0.999609,Interior_Prairie_Midwest,data/raw_vouchers/v0005596WIS.jpg
830262,MIN,Packera paupercula (Michx.) Á.Löve & D.Löve,Alison Mahoney & Sarah Soderholm,Tier_1_Gold,None,48.738981,-96.084412,800.0,201,-0.310857,-0.950457,Interior_Prairie_Midwest,data/raw_vouchers/830262.jpg
830026,MIN,Packera paupercula (Michx.) Á.Löve & D.Löve,"Boe, J.",Tier_3_Bronze,None,48.996208,-96.018912,800.0,199,-0.277979,-0.960587,Interior_Prairie_Midwest,data/raw_vouchers/830026.jpg
00116749,COLO,Packera paupercula (Michx.) Á.Löve & D.Löve,J. Downs,Tier_3_Bronze,None,39.180295,-106.059482,1000.0,190,-0.126528,-0.991963,Other_US,data/raw_vouchers/00116749.jpg
v0005594WIS,WIS,Packera paupercula var. paupercula,"Mahoney, Alison",Tier_1_Gold,None,46.796884,-90.671205,285.0,199,-0.277979,-0.960587,Interior_Prairie_Midwest,data/raw_vouchers/v0005594WIS.jpg
830016,MIN,Packera paupercula (Michx.) Á.Löve & D.Löve,"Townsend, D.; Aaseng, N.",Tier_3_Bronze,None,48.878902,-95.472952,800.0,158,0.411054,-0.911611,Interior_Prairie_Midwest,data/raw_vouchers/830016.jpg
317667,WS,Packera paupercula (Michx.) Á.Löve & D.Löve,Melvin D. Strickler,Tier_3_Bronze,None,47.97694,-112.848,1000.0,212,-0.484089,-0.875019,Other_US,data/raw_vouchers/317667.jpg
828421,MIN,Packera paupercula (Michx.) Á.Löve & D.Löve,Alison Mahoney & Sarah Soderholm,Tier_1_Gold,None,48.565217,-96.50758,800.0,177,0.096613,-0.995322,Interior_Prairie_Midwest,data/raw_vouchers/828421.jpg
CM357157,CM,Packera paupercula var. appalachiana A.M.Mahoney,S.P. Grund 2019,Tier_3_Bronze,None,39.822187,-77.769187,3747.0,163,0.331221,-0.943553,Appalachian_Highlands,data/raw_vouchers/CM357157.jpg
979426,MIN,Packera paupercula (Michx.) Á.Löve & D.Löve,"Gerdes, Lynden B.",Tier_3_Bronze,None,47.722969,-91.656397,373.0,175,0.130793,-0.99141,Interior_Prairie_Midwest,data/raw_vouchers/979426.jpg
00116756,COLO,Packera paupercula (Michx.) Á.Löve & D.Löve,David J. Cooper,Tier_3_Bronze,None,39.07582,-105.8556,2000.0,200,-0.294462,-0.955663,Other_US,data/raw_vouchers/00116756.jpg
BHSC0054905,BHSC,Packera paupercula (Michx.) Á.Löve & D.Löve,"Ode, David J.",Tier_3_Bronze,None,44.506878,-103.986156,678.0,181,0.02795,-0.999609,Other_US,data/raw_vouchers/BHSC0054905.jpg
v0005764WIS,WIS,Packera paupercula var. savannarum R.R.Kowal,"Mahoney, Alison",Tier_1_Gold,None,42.858935,-88.58345,285.0,164,0.314942,-0.949111,Interior_Prairie_Midwest,data/raw_vouchers/v0005764WIS.jpg
CSCN-V-0012044,CSCN,Packera paupercula (Michx.) Á.Löve & D.Löve,Steven B. Rolfsmeier,Tier_3_Bronze,None,42.411635,-105.360818,4500.0,175,0.130793,-0.99141,Other_US,data/raw_vouchers/CSCN-V-0012044.jpg
NTSC010162,NTSC,Senecio pauperculus Michx.,F. Shafer,Tier_3_Bronze,None,33.446173,-97.571184,1662.0,111,0.943196,-0.332235,Interior_Prairie_Midwest,data/raw_vouchers/NTSC010162.jpg
3118272,NY,Packera paupercula (Michx.) Á.Löve & D.Löve,S. Goodrich,Tier_3_Bronze,None,40.8798,-109.5196,969.0,166,0.282108,-0.959383,Other_US,data/raw_vouchers/3118272.jpg
1202333,MICH,Packera paupercula var. paupercula,Robert R. Kowal,Tier_1_Gold,None,45.91797,-86.31333,969.0,179,0.062318,-0.998056,Coastal_Plain_Sandhills,data/raw_vouchers/1202333.jpg
1202180,MICH,Packera paupercula var. pseudotomentosa (Mack. & Bush) R.R.Kowal,Robert R. Kowal,Tier_1_Gold,None,42.324287,-84.085407,175.0,147,0.57519,-0.81802,Interior_Prairie_Midwest,data/raw_vouchers/1202180.jpg
1202181,MICH,Packera paupercula var. pseudotomentosa (Mack. & Bush) R.R.Kowal,Robert R. Kowal,Tier_1_Gold,None,42.060222,-84.193461,268.0,130,0.786597,-0.617467,Interior_Prairie_Midwest,data/raw_vouchers/1202181.jpg
DEK00100353,DEK,Packera paupercula (Michx.) Á.Löve & D.Löve,Michael G. Van Buer,Tier_3_Bronze,None,42.107596,-89.047628,150.0,143,0.630072,-0.776537,Interior_Prairie_Midwest,data/raw_vouchers/DEK00100353.jpg
801197,MIN,Packera paupercula var. savannarum R.R.Kowal,Alison Mahoney & Sarah Soderholm,Tier_1_Gold,None,45.262497,-93.027777,251.0,179,0.062318,-0.998056,Interior_Prairie_Midwest,data/raw_vouchers/801197.jpg
908403,MIN,Packera paupercula (Michx.) Á.Löve & D.Löve,Alison Mahoney & Sarah Soderholm,Tier_1_Gold,None,47.072404,-95.244301,1000.0,166,0.282108,-0.959383,Interior_Prairie_Midwest,data/raw_vouchers/908403.jpg
LYN-0005421,LYN,Senecio pauperculus Michx.,"Wieboldt, Thomas F.",Tier_3_Bronze,None,36.932472,-77.343037,2131.0,155,0.457531,-0.889193,Coastal_Plain_Sandhills,data/raw_vouchers/LYN-0005421.jpg
51046,WILLI,Packera paupercula (Michx.) Á.Löve & D.Löve,"Trock, Debra",Tier_1_Gold,None,36.933235,-77.342479,495.0,155,0.457531,-0.889193,Coastal_Plain_Sandhills,data/raw_vouchers/51046.jpg
BHSC0054906,BHSC,Packera paupercula (Michx.) Á.Löve & D.Löve,"Ode, David J.",Tier_3_Bronze,None,44.330768,-103.837889,1004.0,195,-0.211276,-0.977426,Other_US,data/raw_vouchers/BHSC0054906.jpg
3118195,NY,Packera paupercula (Michx.) Á.Löve & D.Löve,S. Goodrich,Tier_3_Bronze,None,40.7928,-109.5387,969.0,218,-0.571667,-0.820486,Other_US,data/raw_vouchers/3118195.jpg
1202314,MICH,Packera paupercula var. paupercula,Robert R. Kowal,Tier_1_Gold,None,42.060382,-84.323467,332.0,130,0.786597,-0.617467,Interior_Prairie_Midwest,data/raw_vouchers/1202314.jpg
1218985,MICH,Packera paupercula var. paupercula,Robert R. Kowal,Tier_1_Gold,None,46.07868,-83.644765,969.0,146,0.589176,-0.808005,Other_US,data/raw_vouchers/1218985.jpg
1202313,MICH,Packera paupercula var. paupercula,Robert R. Kowal,Tier_1_Gold,None,42.065145,-84.316364,98.0,147,0.57519,-0.81802,Interior_Prairie_Midwest,data/raw_vouchers/1202313.jpg
1202239,MICH,Packera paupercula var. paupercula,Robert R. Kowal,Tier_1_Gold,None,46.09287,-86.45833,969.0,179,0.062318,-0.998056,Interior_Prairie_Midwest,data/raw_vouchers/1202239.jpg
1202238,MICH,Packera paupercula (Michx.) Á.Löve & D.Löve,Robert R. Kowal,Tier_1_Gold,None,46.13741,-87.4188,969.0,180,0.045141,-0.998981,Interior_Prairie_Midwest,data/raw_vouchers/1202238.jpg
1202309,MICH,Packera paupercula var. paupercula,Robert R. Kowal,Tier_1_Gold,None,44.714464,-86.06798,802.0,168,0.24894,-0.968519,Coastal_Plain_Sandhills,data/raw_vouchers/1202309.jpg
1218974,MICH,Packera paupercula var. paupercula,Robert R. Kowal,Tier_1_Gold,None,45.0835,-83.44156,969.0,172,0.18176,-0.983343,Other_US,data/raw_vouchers/1218974.jpg
3118069,NY,Packera paupercula (Michx.) Á.Löve & D.Löve,E. J. Neese,Tier_3_Bronze,None,40.157,-106.4761,969.0,191,-0.143572,-0.98964,Other_US,data/raw_vouchers/3118069.jpg
3118160,NY,Packera paupercula (Michx.) Á.Löve & D.Löve,S. Goodrich,Tier_3_Bronze,None,40.8363,-109.4431,969.0,206,-0.391358,-0.920239,Other_US,data/raw_vouchers/3118160.jpg
3118110,NY,Packera paupercula (Michx.) Á.Löve & D.Löve,E. J. Neese,Tier_3_Bronze,None,40.1128,-106.4187,969.0,193,-0.177529,-0.984116,Other_US,data/raw_vouchers/3118110.jpg
3118322,NY,Packera paupercula (Michx.) Á.Löve & D.Löve,S. Goodrich,Tier_3_Bronze,None,40.7446,-109.6426,969.0,199,-0.277979,-0.960587,Other_US,data/raw_vouchers/3118322.jpg
UTC00196437,USU,Senecio pauperculus Michx.,Sherel Goodrich,Tier_3_Bronze,None,40.73528,-109.63611,301.0,199,-0.277979,-0.960587,Other_US,data/raw_vouchers/UTC00196437.jpg
404316,WS,Packera paupercula (Michx.) Á.Löve & D.Löve,Walter Fertig,Tier_3_Bronze,None,42.3397,-107.5327,4828.0,185,-0.040844,-0.999166,Other_US,data/raw_vouchers/404316.jpg
IND-0138444,IND,Packera paupercula (Michx.) Á.Löve & D.Löve,P. E. Rothrock,Tier_3_Bronze,None,45.914761,-84.740751,500.0,186,-0.058026,-0.998315,Interior_Prairie_Midwest,data/raw_vouchers/IND-0138444.jpg
MARY1021866,MARY,Senecio pauperculus Michx.,Edward C. Uebel,Tier_3_Bronze,None,39.412883,-76.834143,1715.0,202,-0.32716,-0.944969,Appalachian_Highlands,data/raw_vouchers/MARY1021866.jpg
1202338,MICH,Packera paupercula var. paupercula,Robert R. Kowal,Tier_1_Gold,None,44.846616,-85.908414,145.0,178,0.079477,-0.996837,Coastal_Plain_Sandhills,data/raw_vouchers/1202338.jpg
1218976,MICH,Packera paupercula var. paupercula,Robert R. Kowal,Tier_1_Gold,None,45.06878,-83.48159,969.0,175,0.130793,-0.99141,Other_US,data/raw_vouchers/1218976.jpg
781489,MIN,Packera paupercula (Michx.) Á.Löve & D.Löve,"Smith, Welby",Tier_3_Bronze,None,44.681835,-96.429592,800.0,180,0.045141,-0.998981,Interior_Prairie_Midwest,data/raw_vouchers/781489.jpg
781627,MIN,Packera paupercula (Michx.) Á.Löve & D.Löve,"Smith, Welby",Tier_3_Bronze,None,44.79727,-93.278291,800.0,174,0.147827,-0.989013,Interior_Prairie_Midwest,data/raw_vouchers/781627.jpg
3118115,NY,Packera paupercula (Michx.) Á.Löve & D.Löve,H. Marriott,Tier_3_Bronze,None,44.2234,-104.1635,969.0,193,-0.177529,-0.984116,Other_US,data/raw_vouchers/3118115.jpg
BHSC0054908,BHSC,Packera paupercula (Michx.) Á.Löve & D.Löve,"Hansen, Paul L.",Tier_3_Bronze,None,43.728403,-103.831665,613.0,199,-0.277979,-0.960587,Other_US,data/raw_vouchers/BHSC0054908.jpg
770058,MIN,Packera paupercula (Michx.) Á.Löve & D.Löve,Alison Mahoney & Sarah Soderholm,Tier_1_Gold,None,47.569465,-90.846718,800.0,179,0.062318,-0.998056,Interior_Prairie_Midwest,data/raw_vouchers/770058.jpg
753150,MIN,Packera paupercula (Michx.) Á.Löve & D.Löve,Alison Mahoney & Sarah Soderholm,Tier_1_Gold,None,48.695736,-96.57277,1000.0,168,0.24894,-0.968519,Coastal_Plain_Sandhills,data/raw_vouchers/753150.jpg
774330,MIN,Packera paupercula (Michx.) Á.Löve & D.Löve,Alison Mahoney & Sarah Soderholm,Tier_1_Gold,None,48.462947,-92.906935,800.0,169,0.232243,-0.972658,Interior_Prairie_Midwest,data/raw_vouchers/774330.jpg
769987,MIN,Packera paupercula (Michx.) Á.Löve & D.Löve,Alison Mahoney & Sarah Soderholm,Tier_1_Gold,None,47.566326,-90.864036,800.0,179,0.062318,-0.998056,Interior_Prairie_Midwest,data/raw_vouchers/769987.jpg
3118116,NY,Packera paupercula (Michx.) Á.Löve & D.Löve,E. F. Evert,Tier_3_Bronze,None,44.46272,-109.704863,969.0,201,-0.310857,-0.950457,Other_US,data/raw_vouchers/3118116.jpg
770704,MIN,Packera paupercula (Michx.) Á.Löve & D.Löve,Alison Mahoney & Sarah Soderholm,Tier_1_Gold,None,48.013141,-94.343678,800.0,198,-0.261414,-0.965227,Interior_Prairie_Midwest,data/raw_vouchers/770704.jpg
770787,MIN,Packera paupercula (Michx.) Á.Löve & D.Löve,Alison Mahoney & Sarah Soderholm,Tier_1_Gold,None,45.201156,-93.919616,800.0,184,-0.023651,-0.99972,Interior_Prairie_Midwest,data/raw_vouchers/770787.jpg
CSCN-V-0012041,CSCN,Packera paupercula (Michx.) Á.Löve & D.Löve,Steven B. Rolfsmeier,Tier_3_Bronze,None,44.2667,-103.9333,1500.0,200,-0.294462,-0.955663,Piedmont_Granite_Flatrocks,data/raw_vouchers/CSCN-V-0012041.jpg
CSCN-V-0012040,CSCN,Packera paupercula (Michx.) Á.Löve & D.Löve,Steven B. Rolfsmeier,Tier_3_Bronze,None,44.272099,-103.909094,800.0,200,-0.294462,-0.955663,Piedmont_Granite_Flatrocks,data/raw_vouchers/CSCN-V-0012040.jpg
3118161,NY,Packera paupercula (Michx.) Á.Löve & D.Löve,S. Goodrich,Tier_3_Bronze,None,40.8798,-109.8637,969.0,222,-0.626727,-0.779239,Other_US,data/raw_vouchers/3118161.jpg
759392,MIN,Packera paupercula (Michx.) Á.Löve & D.Löve,Alison Mahoney & Sarah Soderholm,Tier_1_Gold,None,45.217384,-94.06413,800.0,149,0.546711,-0.837321,Interior_Prairie_Midwest,data/raw_vouchers/759392.jpg
v0261834WIS,WIS,Packera paupercula var. savannarum R.R.Kowal,"Mahoney, Alison",Tier_1_Gold,None,43.043771,-90.127606,569.0,139,0.681972,-0.731378,Interior_Prairie_Midwest,data/raw_vouchers/v0261834WIS.jpg
v0261836WIS,WIS,Packera paupercula var. savannarum R.R.Kowal,"Mahoney, Alison",Tier_1_Gold,None,43.083972,-89.608369,285.0,141,0.656411,-0.754404,Interior_Prairie_Midwest,data/raw_vouchers/v0261836WIS.jpg
v0261837WIS,WIS,Packera paupercula var. savannarum R.R.Kowal,"Mahoney, Alison",Tier_1_Gold,None,43.083972,-89.608369,285.0,141,0.656411,-0.754404,Interior_Prairie_Midwest,data/raw_vouchers/v0261837WIS.jpg
v0261835WIS,WIS,Packera paupercula var. savannarum R.R.Kowal,"Mahoney, Alison",Tier_1_Gold,None,43.043771,-90.127606,569.0,139,0.681972,-0.731378,Interior_Prairie_Midwest,data/raw_vouchers/v0261835WIS.jpg
v0326427WIS,WIS,Packera paupercula var. savannarum R.R.Kowal,"Mahoney, Alison",Tier_1_Gold,None,42.76888,-89.98993,250.0,145,0.602988,-0.79775,Interior_Prairie_Midwest,data/raw_vouchers/v0326427WIS.jpg
741241,MIN,Packera paupercula (Michx.) Á.Löve & D.Löve,Alison Mahoney & Sarah Soderholm,Tier_1_Gold,None,45.41981,-95.183338,800.0,181,0.02795,-0.999609,Interior_Prairie_Midwest,data/raw_vouchers/741241.jpg
758770,MIN,Packera paupercula var. savannarum R.R.Kowal,Alison Mahoney & Sarah Soderholm,Tier_1_Gold,None,45.314687,-94.192399,800.0,164,0.314942,-0.949111,Interior_Prairie_Midwest,data/raw_vouchers/758770.jpg
740184,MIN,Packera paupercula (Michx.) Á.Löve & D.Löve,Alison Mahoney & Sarah Soderholm,Tier_1_Gold,None,45.434262,-95.245018,800.0,159,0.395312,-0.918547,Interior_Prairie_Midwest,data/raw_vouchers/740184.jpg
DEK000096061,DEK,Packera paupercula var. paupercula,Michael G. Van Buer,Tier_3_Bronze,None,41.731702,-87.551435,1002.0,155,0.457531,-0.889193,Interior_Prairie_Midwest,data/raw_vouchers/DEK000096061.jpg
v0005753WIS,WIS,Packera paupercula var. paupercula,"Mahoney, Alison",Tier_1_Gold,None,46.002532,-88.583117,285.0,158,0.411054,-0.911611,Interior_Prairie_Midwest,data/raw_vouchers/v0005753WIS.jpg
v0005748WIS,WIS,Packera paupercula var. paupercula,"Mahoney, Alison",Tier_1_Gold,None,45.912373,-88.703418,285.0,162,0.347403,-0.937716,Interior_Prairie_Midwest,data/raw_vouchers/v0005748WIS.jpg
741240,MIN,Packera paupercula (Michx.) Á.Löve & D.Löve,Alison Mahoney & Sarah Soderholm,Tier_1_Gold,None,45.810665,-95.748005,800.0,185,-0.040844,-0.999166,Interior_Prairie_Midwest,data/raw_vouchers/741240.jpg
757847,MIN,Packera paupercula (Michx.) Á.Löve & D.Löve,Alison Mahoney & Sarah Soderholm,Tier_1_Gold,None,47.260368,-96.077573,800.0,191,-0.143572,-0.98964,Interior_Prairie_Midwest,data/raw_vouchers/757847.jpg
757894,MIN,Packera paupercula (Michx.) Á.Löve & D.Löve,Alison Mahoney & Sarah Soderholm,Tier_1_Gold,None,45.131751,-94.726579,800.0,184,-0.023651,-0.99972,Interior_Prairie_Midwest,data/raw_vouchers/757894.jpg
IND-0138443,IND,Packera paupercula (Michx.) Á.Löve & D.Löve,G. P. Waldbauer,Tier_3_Bronze,None,45.939272,-84.754505,600.0,195,-0.211276,-0.977426,Interior_Prairie_Midwest,data/raw_vouchers/IND-0138443.jpg
IND-0138442,IND,Packera paupercula (Michx.) Á.Löve & D.Löve,P. E. Rothrock,Tier_3_Bronze,None,45.939272,-84.754505,600.0,195,-0.211276,-0.977426,Interior_Prairie_Midwest,data/raw_vouchers/IND-0138442.jpg
v0005751WIS,WIS,Packera paupercula var. paupercula,"Mahoney, Alison",Tier_1_Gold,None,45.869845,-88.186927,1138.0,194,-0.194431,-0.980916,Interior_Prairie_Midwest,data/raw_vouchers/v0005751WIS.jpg
v0005752WIS,WIS,Packera paupercula var. paupercula,"Mahoney, Alison",Tier_1_Gold,None,45.816689,-89.038001,1138.0,190,-0.126528,-0.991963,Interior_Prairie_Midwest,data/raw_vouchers/v0005752WIS.jpg
UAM_Herb_41107,UAM,Packera paupercula (Michx.) Á.Löve & D.Löve,Dot Simpson,Tier_3_Bronze,None,64.33,-147.99,3615.0,231,-0.739392,-0.673275,Other_US,data/raw_vouchers/UAM_Herb_41107.jpg
NCU00369174,NCU,Packera paupercula var. appalachiana A.M.Mahoney,"Mahoney, Alison McKenzie",Tier_1_Gold,None,37.183964,-80.397446,169.0,150,0.532227,-0.846602,Piedmont_Granite_Flatrocks,data/raw_vouchers/NCU00369174.jpg
UVMVT105691,VT,Packera paupercula (Michx.) Á.Löve & D.Löve,D. K. Trock,Tier_1_Gold,None,44.49492,-73.18447,1538.0,141,0.656411,-0.754404,Appalachian_Highlands,data/raw_vouchers/UVMVT105691.jpg
v0005620WIS,WIS,Packera paupercula var. savannarum R.R.Kowal,"Mahoney, Alison",Tier_1_Gold,None,42.733986,-89.457007,1138.0,144,0.616621,-0.78726,Interior_Prairie_Midwest,data/raw_vouchers/v0005620WIS.jpg
UTEP_Herb_36969,UTEP,Senecio pauperculus Michx.,Keith H. Kessler,Tier_3_Bronze,None,32.984522,-105.686933,29.0,144,0.616621,-0.78726,Other_US,data/raw_vouchers/UTEP_Herb_36969.jpg
745596,MIN,Packera paupercula (Michx.) Á.Löve & D.Löve,Alison Mahoney & Sarah Soderholm,Tier_1_Gold,None,47.477586,-95.986759,800.0,162,0.347403,-0.937716,Interior_Prairie_Midwest,data/raw_vouchers/745596.jpg
745609,MIN,Packera paupercula (Michx.) Á.Löve & D.Löve,Alison Mahoney & Sarah Soderholm,Tier_1_Gold,None,45.362173,-93.983674,800.0,164,0.314942,-0.949111,Interior_Prairie_Midwest,data/raw_vouchers/745609.jpg
281793,MIN,Packera paupercula (Michx.) Á.Löve & D.Löve,Alison Mahoney & Sarah Soderholm,Tier_1_Gold,None,47.969196,-91.831648,800.0,181,0.02795,-0.999609,Interior_Prairie_Midwest,data/raw_vouchers/281793.jpg
745608,MIN,Packera paupercula (Michx.) Á.Löve & D.Löve,Alison Mahoney & Sarah Soderholm,Tier_1_Gold,None,45.115773,-93.817185,800.0,154,0.472759,-0.881192,Interior_Prairie_Midwest,data/raw_vouchers/745608.jpg
745585,MIN,Packera paupercula (Michx.) Á.Löve & D.Löve,Alison Mahoney & Sarah Soderholm,Tier_1_Gold,None,45.318402,-93.942357,800.0,179,0.062318,-0.998056,Interior_Prairie_Midwest,data/raw_vouchers/745585.jpg
745720,MIN,Packera paupercula (Michx.) Á.Löve & D.Löve,Alison Mahoney & Sarah Soderholm,Tier_1_Gold,None,45.3194,-96.379462,800.0,161,0.363482,-0.931601,Interior_Prairie_Midwest,data/raw_vouchers/745720.jpg
v0261833WIS,WIS,Packera paupercula var. savannarum R.R.Kowal,"Mahoney, Alison",Tier_1_Gold,None,43.140679,-89.744339,1138.0,153,0.487847,-0.872929,Interior_Prairie_Midwest,data/raw_vouchers/v0261833WIS.jpg
1202208,MICH,Packera paupercula var. pseudotomentosa (Mack. & Bush) R.R.Kowal,Robert R. Kowal,Tier_1_Gold,None,41.84683,-83.6463,316.0,143,0.630072,-0.776537,Appalachian_Highlands,data/raw_vouchers/1202208.jpg
1218993,MICH,Packera paupercula var. pseudotomentosa (Mack. & Bush) R.R.Kowal,Robert R. Kowal,Tier_1_Gold,None,41.85065,-83.62913,162.0,172,0.18176,-0.983343,Appalachian_Highlands,data/raw_vouchers/1218993.jpg
730639,MIN,Packera paupercula (Michx.) Á.Löve & D.Löve,Alison Mahoney & Sarah Soderholm,Tier_1_Gold,None,46.521816,-96.414416,800.0,158,0.411054,-0.911611,Interior_Prairie_Midwest,data/raw_vouchers/730639.jpg
724602,MIN,Packera paupercula (Michx.) Á.Löve & D.Löve,Alison Mahoney & Sarah Soderholm,Tier_1_Gold,None,45.376922,-94.835116,800.0,162,0.347403,-0.937716,Interior_Prairie_Midwest,data/raw_vouchers/724602.jpg
v0005778WIS,WIS,Packera paupercula var. paupercula,"Mahoney, Alison",Tier_1_Gold,None,46.620684,-91.215233,569.0,181,0.02795,-0.999609,Interior_Prairie_Midwest,data/raw_vouchers/v0005778WIS.jpg
v0261914WIS,WIS,Packera paupercula var. savannarum R.R.Kowal,"Mahoney, Alison",Tier_1_Gold,None,44.018729,-91.488628,285.0,161,0.363482,-0.931601,Appalachian_Highlands,data/raw_vouchers/v0261914WIS.jpg
v0261915WIS,WIS,Packera paupercula var. savannarum R.R.Kowal,"Mahoney, Alison",Tier_1_Gold,None,44.018729,-91.488628,285.0,161,0.363482,-0.931601,Appalachian_Highlands,data/raw_vouchers/v0261915WIS.jpg
v0005783WIS,WIS,Packera paupercula var. paupercula,"Mahoney, Alison",Tier_1_Gold,None,44.153608,-89.800153,285.0,169,0.232243,-0.972658,Interior_Prairie_Midwest,data/raw_vouchers/v0005783WIS.jpg
v0261916WIS,WIS,Packera paupercula var. pseudotomentosa (Mack. & Bush) R.R.Kowal,"Mahoney, Alison",Tier_1_Gold,None,44.486316,-89.553615,569.0,161,0.363482,-0.931601,Interior_Prairie_Midwest,data/raw_vouchers/v0261916WIS.jpg
750338,MIN,Packera paupercula (Michx.) Á.Löve & D.Löve,Alison Mahoney & Sarah Soderholm,Tier_1_Gold,None,46.855094,-94.733855,800.0,207,-0.407129,-0.91337,Interior_Prairie_Midwest,data/raw_vouchers/750338.jpg
728382,MIN,Packera paupercula (Michx.) Á.Löve & D.Löve,Alison Mahoney & Sarah Soderholm,Tier_1_Gold,None,45.41952,-94.670924,800.0,195,-0.211276,-0.977426,Interior_Prairie_Midwest,data/raw_vouchers/728382.jpg
743922,MIN,Packera paupercula (Michx.) Á.Löve & D.Löve,Alison Mahoney & Sarah Soderholm,Tier_1_Gold,None,47.768147,-95.441269,800.0,195,-0.211276,-0.977426,Interior_Prairie_Midwest,data/raw_vouchers/743922.jpg
750320,MIN,Packera paupercula (Michx.) Á.Löve & D.Löve,Alison Mahoney & Sarah Soderholm,Tier_1_Gold,None,46.870457,-95.089357,800.0,205,-0.37547,-0.926834,Interior_Prairie_Midwest,data/raw_vouchers/750320.jpg
v0005774WIS,WIS,Packera paupercula var. savannarum R.R.Kowal,"Mahoney, Alison",Tier_1_Gold,None,43.194881,-90.246944,569.0,148,0.561034,-0.827793,Interior_Prairie_Midwest,data/raw_vouchers/v0005774WIS.jpg
v0005773WIS,WIS,Packera paupercula var. savannarum R.R.Kowal,"Mahoney, Alison",Tier_1_Gold,None,43.194881,-90.246944,569.0,148,0.561034,-0.827793,Interior_Prairie_Midwest,data/raw_vouchers/v0005773WIS.jpg
727431,MIN,Packera paupercula (Michx.) Á.Löve & D.Löve,Alison Mahoney & Sarah Soderholm,Tier_1_Gold,None,47.056714,-96.417356,800.0,178,0.079477,-0.996837,Interior_Prairie_Midwest,data/raw_vouchers/727431.jpg
722821,MIN,Packera paupercula (Michx.) Á.Löve & D.Löve,Alison Mahoney & Sarah Soderholm,Tier_1_Gold,None,45.336495,-93.126267,1500.0,165,0.298569,-0.954388,Interior_Prairie_Midwest,data/raw_vouchers/722821.jpg
711400,MIN,Packera paupercula (Michx.) Á.Löve & D.Löve,Alison Mahoney & Sarah Soderholm,Tier_1_Gold,None,44.417364,-92.159189,800.0,163,0.331221,-0.943553,Interior_Prairie_Midwest,data/raw_vouchers/711400.jpg
727163,MIN,Packera paupercula (Michx.) Á.Löve & D.Löve,Alison Mahoney & Sarah Soderholm,Tier_1_Gold,None,47.187516,-96.353808,800.0,164,0.314942,-0.949111,Interior_Prairie_Midwest,data/raw_vouchers/727163.jpg
772955,MIN,Packera paupercula (Michx.) Á.Löve & D.Löve,Alison Mahoney & Sarah Soderholm,Tier_1_Gold,None,48.561543,-94.941362,800.0,192,-0.160575,-0.987024,Interior_Prairie_Midwest,data/raw_vouchers/772955.jpg
715272,MIN,Packera paupercula (Michx.) Á.Löve & D.Löve,Alison Mahoney & Sarah Soderholm,Tier_1_Gold,None,47.533209,-94.810311,800.0,193,-0.177529,-0.984116,Interior_Prairie_Midwest,data/raw_vouchers/715272.jpg
774008,MIN,Packera paupercula (Michx.) Á.Löve & D.Löve,Alison Mahoney & Sarah Soderholm,Tier_1_Gold,None,49.330728,-95.081536,800.0,196,-0.228058,-0.973648,Other_US,data/raw_vouchers/774008.jpg
711498,MIN,Packera paupercula (Michx.) Á.Löve & D.Löve,Alison Mahoney & Sarah Soderholm,Tier_1_Gold,None,47.192101,-91.400106,800.0,197,-0.244772,-0.969581,Interior_Prairie_Midwest,data/raw_vouchers/711498.jpg
CSCN-V-0012043,CSCN,Packera paupercula (Michx.) Á.Löve & D.Löve,Steven B. Rolfsmeier,Tier_3_Bronze,None,46.517578,-92.130471,430.0,189,-0.109446,-0.993993,Interior_Prairie_Midwest,data/raw_vouchers/CSCN-V-0012043.jpg
NCU00040589,NCU,Packera paupercula var. appalachiana A.M.Mahoney,"Mahoney, Alison McKenzie",Tier_1_Gold,None,37.287672,-80.32487,1994.0,149,0.546711,-0.837321,Piedmont_Granite_Flatrocks,data/raw_vouchers/NCU00040589.jpg
v0005763WIS,WIS,Packera paupercula var. savannarum R.R.Kowal,"Mahoney, Alison",Tier_1_Gold,None,43.146243,-88.881912,1138.0,151,0.517586,-0.855631,Interior_Prairie_Midwest,data/raw_vouchers/v0005763WIS.jpg
v0005728WIS,WIS,Packera paupercula var. savannarum R.R.Kowal,"Mahoney, Alison",Tier_1_Gold,None,43.218836,-90.244532,285.0,149,0.546711,-0.837321,Coastal_Plain_Sandhills,data/raw_vouchers/v0005728WIS.jpg
816464,MIN,Packera paupercula (Michx.) Á.Löve & D.Löve,Alison Mahoney & Sarah Soderholm,Tier_1_Gold,None,45.665152,-95.500112,800.0,178,0.079477,-0.996837,Interior_Prairie_Midwest,data/raw_vouchers/816464.jpg
696801,MIN,Packera paupercula (Michx.) Á.Löve & D.Löve,Alison Mahoney & Sarah Soderholm,Tier_1_Gold,None,45.26117,-94.210865,800.0,167,0.265563,-0.964094,Interior_Prairie_Midwest,data/raw_vouchers/696801.jpg
698278,MIN,Packera paupercula (Michx.) Á.Löve & D.Löve,Alison Mahoney & Sarah Soderholm,Tier_1_Gold,None,48.359967,-94.564698,800.0,181,0.02795,-0.999609,Interior_Prairie_Midwest,data/raw_vouchers/698278.jpg
698171,MIN,Packera paupercula (Michx.) Á.Löve & D.Löve,Alison Mahoney & Sarah Soderholm,Tier_1_Gold,None,48.287244,-94.564235,800.0,170,0.215477,-0.976509,Interior_Prairie_Midwest,data/raw_vouchers/698171.jpg
700555,MIN,Packera paupercula (Michx.) Á.Löve & D.Löve,Alison Mahoney & Sarah Soderholm,Tier_1_Gold,None,47.782628,-95.441271,1000.0,165,0.298569,-0.954388,Interior_Prairie_Midwest,data/raw_vouchers/700555.jpg
695919,MIN,Packera paupercula (Michx.) Á.Löve & D.Löve,Alison Mahoney & Sarah Soderholm,Tier_1_Gold,None,46.564989,-93.921424,800.0,171,0.198648,-0.980071,Interior_Prairie_Midwest,data/raw_vouchers/695919.jpg
v0005777WIS,WIS,Packera paupercula var. paupercula,"Mahoney, Alison",Tier_1_Gold,None,46.07728,-89.25018,600.0,180,0.045141,-0.998981,Interior_Prairie_Midwest,data/raw_vouchers/v0005777WIS.jpg
698442,MIN,Packera paupercula (Michx.) Á.Löve & D.Löve,Alison Mahoney & Sarah Soderholm,Tier_1_Gold,None,48.346458,-94.742257,800.0,196,-0.228058,-0.973648,Interior_Prairie_Midwest,data/raw_vouchers/698442.jpg
701231,MIN,Packera paupercula (Michx.) Á.Löve & D.Löve,Alison Mahoney & Sarah Soderholm,Tier_1_Gold,None,45.698563,-94.143452,800.0,158,0.411054,-0.911611,Interior_Prairie_Midwest,data/raw_vouchers/701231.jpg
MCA0031300,MCA,Senecio pauperculus Michx.,"R. L. Schaeffer, Jr.",Tier_3_Bronze,None,40.855091,-75.719079,3036.0,164,0.314942,-0.949111,Appalachian_Highlands,data/raw_vouchers/MCA0031300.jpg
79863,RENO,Packera paupercula (Michx.) Á.Löve & D.Löve,synonomy,Tier_3_Bronze,None,44.418408,-111.397757,301.0,172,0.18176,-0.983343,Other_US,data/raw_vouchers/79863.jpg
79861,RENO,Packera paupercula (Michx.) Á.Löve & D.Löve,synonomy,Tier_3_Bronze,None,44.417537,-111.39545,301.0,173,0.164818,-0.986324,Other_US,data/raw_vouchers/79861.jpg
3118125,NY,Packera paupercula (Michx.) Á.Löve & D.Löve,R. H. Foster,Tier_3_Bronze,None,37.6167,-112.2455,969.0,209,-0.438307,-0.898825,Other_US,data/raw_vouchers/3118125.jpg
687391,MIN,Packera paupercula (Michx.) Á.Löve & D.Löve,Alison Mahoney & Sarah Soderholm,Tier_1_Gold,None,47.047338,-93.242694,800.0,187,-0.07519,-0.997169,Interior_Prairie_Midwest,data/raw_vouchers/687391.jpg
CSCN-V-0012042,CSCN,Packera paupercula (Michx.) Á.Löve & D.Löve,Steven B. Rolfsmeier,Tier_3_Bronze,None,43.960048,-103.841061,200.0,190,-0.126528,-0.991963,Other_US,data/raw_vouchers/CSCN-V-0012042.jpg
v0035770WIS,WIS,Packera paupercula var. savannarum R.R.Kowal,"Mahoney, Alison",Tier_1_Gold,None,42.849465,-89.495811,1138.0,146,0.589176,-0.808005,Interior_Prairie_Midwest,data/raw_vouchers/v0035770WIS.jpg
698778,MIN,Packera paupercula (Michx.) Á.Löve & D.Löve,Alison Mahoney & Sarah Soderholm,Tier_1_Gold,None,47.679999,-91.84956,800.0,181,0.02795,-0.999609,Interior_Prairie_Midwest,data/raw_vouchers/698778.jpg
NCU00369167,NCU,Packera paupercula (Michx.) Á.Löve & D.Löve,"Mahoney, Alison McKenzie",Tier_1_Gold,None,32.083333,-87.05,3000.0,95,0.997989,-0.063391,Interior_Prairie_Midwest,data/raw_vouchers/NCU00369167.jpg
v0262058WIS,WIS,Packera paupercula var. savannarum R.R.Kowal,"Mahoney, Alison",Tier_1_Gold,None,42.630607,-89.849933,285.0,148,0.561034,-0.827793,Interior_Prairie_Midwest,data/raw_vouchers/v0262058WIS.jpg
v0262061WIS,WIS,Packera paupercula var. savannarum R.R.Kowal,"Mahoney, Alison",Tier_1_Gold,None,43.30629,-90.328329,285.0,144,0.616621,-0.78726,Interior_Prairie_Midwest,data/raw_vouchers/v0262061WIS.jpg
v0262059WIS,WIS,Packera paupercula var. savannarum R.R.Kowal,"Mahoney, Alison",Tier_1_Gold,None,43.30629,-90.328329,285.0,151,0.517586,-0.855631,Interior_Prairie_Midwest,data/raw_vouchers/v0262059WIS.jpg
v0262057WIS,WIS,Packera paupercula var. savannarum R.R.Kowal,"Mahoney, Alison",Tier_1_Gold,None,42.630607,-89.849933,285.0,148,0.561034,-0.827793,Interior_Prairie_Midwest,data/raw_vouchers/v0262057WIS.jpg
v0262054WIS,WIS,Packera paupercula var. savannarum R.R.Kowal,"Mahoney, Alison",Tier_1_Gold,None,42.684591,-89.498537,285.0,149,0.546711,-0.837321,Interior_Prairie_Midwest,data/raw_vouchers/v0262054WIS.jpg
v0262053WIS,WIS,Packera paupercula var. savannarum R.R.Kowal,"Mahoney, Alison",Tier_1_Gold,None,42.684591,-89.498537,285.0,144,0.616621,-0.78726,Interior_Prairie_Midwest,data/raw_vouchers/v0262053WIS.jpg
v0005615WIS,WIS,Packera paupercula var. savannarum R.R.Kowal,"Mahoney, Alison",Tier_1_Gold,None,43.212657,-90.81456,1138.0,146,0.589176,-0.808005,Interior_Prairie_Midwest,data/raw_vouchers/v0005615WIS.jpg
v0261923WIS,WIS,Packera paupercula var. savannarum R.R.Kowal,"Mahoney, Alison",Tier_1_Gold,None,42.622142,-89.317367,1138.0,147,0.57519,-0.81802,Interior_Prairie_Midwest,data/raw_vouchers/v0261923WIS.jpg
v0261921WIS,WIS,Packera paupercula var. savannarum R.R.Kowal,"Mahoney, Alison",Tier_1_Gold,None,42.622142,-89.317367,1138.0,146,0.589176,-0.808005,Interior_Prairie_Midwest,data/raw_vouchers/v0261921WIS.jpg
v0262055WIS,WIS,Packera paupercula var. savannarum R.R.Kowal,"Mahoney, Alison",Tier_1_Gold,None,42.630607,-89.849933,285.0,144,0.616621,-0.78726,Interior_Prairie_Midwest,data/raw_vouchers/v0262055WIS.jpg
v0261922WIS,WIS,Packera paupercula var. savannarum R.R.Kowal,"Mahoney, Alison",Tier_1_Gold,None,42.622142,-89.317367,1138.0,147,0.57519,-0.81802,Interior_Prairie_Midwest,data/raw_vouchers/v0261922WIS.jpg
v0261842WIS,WIS,Packera paupercula var. savannarum R.R.Kowal,"Mahoney, Alison",Tier_1_Gold,None,42.684591,-89.498537,285.0,145,0.602988,-0.79775,Interior_Prairie_Midwest,data/raw_vouchers/v0261842WIS.jpg
v0262060WIS,WIS,Packera paupercula var. savannarum R.R.Kowal,"Mahoney, Alison",Tier_1_Gold,None,43.30629,-90.328329,285.0,144,0.616621,-0.78726,Interior_Prairie_Midwest,data/raw_vouchers/v0262060WIS.jpg
v0262056WIS,WIS,Packera paupercula var. savannarum R.R.Kowal,"Mahoney, Alison",Tier_1_Gold,None,42.630607,-89.849933,285.0,146,0.589176,-0.808005,Interior_Prairie_Midwest,data/raw_vouchers/v0262056WIS.jpg
v0262376WIS,WIS,Packera paupercula var. savannarum R.R.Kowal,"Mahoney, Alison",Tier_1_Gold,None,42.626477,-89.132586,285.0,151,0.517586,-0.855631,Interior_Prairie_Midwest,data/raw_vouchers/v0262376WIS.jpg
v0262375WIS,WIS,Packera paupercula var. savannarum R.R.Kowal,"Mahoney, Alison",Tier_1_Gold,None,42.626477,-89.132586,285.0,149,0.546711,-0.837321,Interior_Prairie_Midwest,data/raw_vouchers/v0262375WIS.jpg
v0005747WIS,WIS,Packera paupercula var. paupercula,"Mahoney, Alison",Tier_1_Gold,None,45.446296,-88.074576,285.0,177,0.096613,-0.995322,Interior_Prairie_Midwest,data/raw_vouchers/v0005747WIS.jpg
v0262379WIS,WIS,Packera paupercula var. paupercula,"Mahoney, Alison",Tier_1_Gold,None,46.18052,-90.919774,569.0,158,0.411054,-0.911611,Interior_Prairie_Midwest,data/raw_vouchers/v0262379WIS.jpg
v0262378WIS,WIS,Packera paupercula var. paupercula,"Mahoney, Alison",Tier_1_Gold,None,46.18052,-90.919774,569.0,157,0.426674,-0.904405,Interior_Prairie_Midwest,data/raw_vouchers/v0262378WIS.jpg
UAM_Herb_91229,UAM,Packera paupercula (Michx.) Á.Löve & D.Löve,Debra K. Trock,Tier_1_Gold,None,65.57,-144.88,3615.0,173,0.164818,-0.986324,Other_US,data/raw_vouchers/UAM_Herb_91229.jpg
717022,MIN,Packera paupercula (Michx.) Á.Löve & D.Löve,Alison Mahoney & Sarah Soderholm,Tier_1_Gold,None,45.377702,-93.173879,900.0,189,-0.109446,-0.993993,Interior_Prairie_Midwest,data/raw_vouchers/717022.jpg
NCU00080661,NCU,Packera paupercula var. appalachiana A.M.Mahoney,"Kowal, Robert R.",Tier_1_Gold,None,35.930563,-82.881249,635.0,118,0.896456,-0.443132,Appalachian_Highlands,data/raw_vouchers/NCU00080661.jpg
NCU00080660,NCU,Packera paupercula var. appalachiana A.M.Mahoney,"Kowal, Robert R.",Tier_1_Gold,None,35.92486,-82.860238,1323.0,105,0.972408,-0.233289,Appalachian_Highlands,data/raw_vouchers/NCU00080660.jpg
NCU00040590,NCU,Packera paupercula var. appalachiana A.M.Mahoney,"Mahoney, Alison McKenzie",Tier_1_Gold,None,37.221243,-80.24671,3264.0,134,0.742281,-0.670089,Piedmont_Granite_Flatrocks,data/raw_vouchers/NCU00040590.jpg
ODU00011104,ODU,Packera paupercula (Michx.) Á.Löve & D.Löve,LJU,Tier_3_Bronze,None,37.221243,-80.24671,3264.0,134,0.742281,-0.670089,Interior_Prairie_Midwest,data/raw_vouchers/ODU00011104.jpg
v0005618WIS,WIS,Packera paupercula var. savannarum R.R.Kowal,"Mahoney, Alison",Tier_1_Gold,None,42.662217,-90.704264,285.0,142,0.643337,-0.765584,Interior_Prairie_Midwest,data/raw_vouchers/v0005618WIS.jpg
v0005617WIS,WIS,Packera paupercula var. savannarum R.R.Kowal,"Mahoney, Alison",Tier_1_Gold,None,42.738183,-90.659665,285.0,149,0.546711,-0.837321,Interior_Prairie_Midwest,data/raw_vouchers/v0005617WIS.jpg
v0005616WIS,WIS,Packera paupercula var. savannarum R.R.Kowal,"Mahoney, Alison",Tier_1_Gold,None,42.95771,-90.781969,285.0,148,0.561034,-0.827793,Interior_Prairie_Midwest,data/raw_vouchers/v0005616WIS.jpg
v0005600WIS,WIS,Packera paupercula var. savannarum R.R.Kowal,"Mahoney, Alison",Tier_1_Gold,None,43.603197,-90.641449,1138.0,165,0.298569,-0.954388,Interior_Prairie_Midwest,data/raw_vouchers/v0005600WIS.jpg
657410,MIN,Packera paupercula (Michx.) Á.Löve & D.Löve,Alison Mahoney & Sarah Soderholm,Tier_1_Gold,None,47.768147,-95.441269,800.0,188,-0.092331,-0.995728,Interior_Prairie_Midwest,data/raw_vouchers/657410.jpg
v0005749WIS,WIS,Packera paupercula var. paupercula,"Kowal, Robert R.",Tier_1_Gold,None,44.719818,-91.842788,1138.0,156,0.442168,-0.896932,Interior_Prairie_Midwest,data/raw_vouchers/v0005749WIS.jpg
v0005759WIS,WIS,Packera paupercula var. savannarum R.R.Kowal,"Mahoney, Alison",Tier_1_Gold,None,42.501903,-88.373432,1138.0,159,0.395312,-0.918547,Interior_Prairie_Midwest,data/raw_vouchers/v0005759WIS.jpg
v0420295WIS,WIS,Packera paupercula (Michx.) Á.Löve & D.Löve,Alison Mahoney,Tier_1_Gold,None,47.633891,-95.558997,400.0,175,0.130793,-0.99141,Interior_Prairie_Midwest,data/raw_vouchers/v0420295WIS.jpg
v0420300WIS,WIS,Packera paupercula (Michx.) Á.Löve & D.Löve,Alison Mahoney,Tier_1_Gold,None,47.63417,-95.56456,900.0,175,0.130793,-0.99141,Interior_Prairie_Midwest,data/raw_vouchers/v0420300WIS.jpg
v0420304WIS,WIS,Packera paupercula (Michx.) Á.Löve & D.Löve,Alison Mahoney,Tier_1_Gold,None,47.63417,-95.56456,900.0,175,0.130793,-0.99141,Interior_Prairie_Midwest,data/raw_vouchers/v0420304WIS.jpg
v0420324WIS,WIS,Packera paupercula (Michx.) Á.Löve & D.Löve,Alison Mahoney,Tier_1_Gold,None,48.521836,-96.471717,450.0,176,0.11372,-0.993513,Interior_Prairie_Midwest,data/raw_vouchers/v0420324WIS.jpg
v0420826WIS,WIS,Packera paupercula (Michx.) Á.Löve & D.Löve,Alison Mahoney,Tier_1_Gold,None,48.812508,-96.591166,900.0,177,0.096613,-0.995322,Interior_Prairie_Midwest,data/raw_vouchers/v0420826WIS.jpg
v0420190WIS,WIS,Packera paupercula var. savannarum R.R.Kowal,Alison Mahoney,Tier_1_Gold,None,42.885626,-95.333043,400.0,164,0.314942,-0.949111,Interior_Prairie_Midwest,data/raw_vouchers/v0420190WIS.jpg
v0420240WIS,WIS,Packera paupercula (Michx.) Á.Löve & D.Löve,Alison Mahoney,Tier_1_Gold,None,47.527885,-96.056784,200.0,173,0.164818,-0.986324,Interior_Prairie_Midwest,data/raw_vouchers/v0420240WIS.jpg
v0420290WIS,WIS,Packera paupercula (Michx.) Á.Löve & D.Löve,Alison Mahoney,Tier_1_Gold,None,47.63417,-95.56456,900.0,175,0.130793,-0.99141,Interior_Prairie_Midwest,data/raw_vouchers/v0420290WIS.jpg
v0420294WIS,WIS,Packera paupercula (Michx.) Á.Löve & D.Löve,Alison Mahoney,Tier_1_Gold,None,47.633891,-95.558997,400.0,175,0.130793,-0.99141,Interior_Prairie_Midwest,data/raw_vouchers/v0420294WIS.jpg
v0420346WIS,WIS,Packera paupercula (Michx.) Á.Löve & D.Löve,Alison Mahoney,Tier_1_Gold,None,48.812508,-96.591166,900.0,177,0.096613,-0.995322,Interior_Prairie_Midwest,data/raw_vouchers/v0420346WIS.jpg
v0420360WIS,WIS,Packera paupercula (Michx.) Á.Löve & D.Löve,Alison Mahoney,Tier_1_Gold,None,48.812508,-96.591166,900.0,177,0.096613,-0.995322,Interior_Prairie_Midwest,data/raw_vouchers/v0420360WIS.jpg
v0420243WIS,WIS,Packera paupercula (Michx.) Á.Löve & D.Löve,Alison Mahoney,Tier_1_Gold,None,47.527885,-96.056784,200.0,173,0.164818,-0.986324,Interior_Prairie_Midwest,data/raw_vouchers/v0420243WIS.jpg
v0420287WIS,WIS,Packera paupercula (Michx.) Á.Löve & D.Löve,Alison Mahoney,Tier_1_Gold,None,47.63417,-95.56456,900.0,175,0.130793,-0.99141,Interior_Prairie_Midwest,data/raw_vouchers/v0420287WIS.jpg
v0420291WIS,WIS,Packera paupercula (Michx.) Á.Löve & D.Löve,Alison Mahoney,Tier_1_Gold,None,47.63417,-95.56456,900.0,175,0.130793,-0.99141,Interior_Prairie_Midwest,data/raw_vouchers/v0420291WIS.jpg
v0420296WIS,WIS,Packera paupercula (Michx.) Á.Löve & D.Löve,Alison Mahoney,Tier_1_Gold,None,47.633891,-95.558997,400.0,175,0.130793,-0.99141,Interior_Prairie_Midwest,data/raw_vouchers/v0420296WIS.jpg
v0420305WIS,WIS,Packera paupercula (Michx.) Á.Löve & D.Löve,Alison Mahoney,Tier_1_Gold,None,47.63417,-95.56456,900.0,175,0.130793,-0.99141,Interior_Prairie_Midwest,data/raw_vouchers/v0420305WIS.jpg
v0420316WIS,WIS,Packera paupercula (Michx.) Á.Löve & D.Löve,Alison Mahoney,Tier_1_Gold,None,47.71023,-95.457848,200.0,175,0.130793,-0.99141,Interior_Prairie_Midwest,data/raw_vouchers/v0420316WIS.jpg
v0420321WIS,WIS,Packera paupercula (Michx.) Á.Löve & D.Löve,Alison Mahoney,Tier_1_Gold,None,47.886901,-96.024999,300.0,176,0.11372,-0.993513,Interior_Prairie_Midwest,data/raw_vouchers/v0420321WIS.jpg
v0420325WIS,WIS,Packera paupercula (Michx.) Á.Löve & D.Löve,Alison Mahoney,Tier_1_Gold,None,48.812508,-96.591166,900.0,176,0.11372,-0.993513,Interior_Prairie_Midwest,data/raw_vouchers/v0420325WIS.jpg
v0420330WIS,WIS,Packera paupercula (Michx.) Á.Löve & D.Löve,Alison Mahoney,Tier_1_Gold,None,48.812508,-96.591166,900.0,176,0.11372,-0.993513,Interior_Prairie_Midwest,data/raw_vouchers/v0420330WIS.jpg
v0420835WIS,WIS,Packera paupercula (Michx.) Á.Löve & D.Löve,Alison Mahoney,Tier_1_Gold,None,48.812508,-96.591166,900.0,177,0.096613,-0.995322,Interior_Prairie_Midwest,data/raw_vouchers/v0420835WIS.jpg
v0420288WIS,WIS,Packera paupercula (Michx.) Á.Löve & D.Löve,Alison Mahoney,Tier_1_Gold,None,47.63417,-95.56456,900.0,175,0.130793,-0.99141,Interior_Prairie_Midwest,data/raw_vouchers/v0420288WIS.jpg
v0420297WIS,WIS,Packera paupercula (Michx.) Á.Löve & D.Löve,Alison Mahoney,Tier_1_Gold,None,47.633891,-95.558997,400.0,175,0.130793,-0.99141,Interior_Prairie_Midwest,data/raw_vouchers/v0420297WIS.jpg
v0420301WIS,WIS,Packera paupercula (Michx.) Á.Löve & D.Löve,Alison Mahoney,Tier_1_Gold,None,47.63417,-95.56456,900.0,175,0.130793,-0.99141,Interior_Prairie_Midwest,data/raw_vouchers/v0420301WIS.jpg
v0420317WIS,WIS,Packera paupercula (Michx.) Á.Löve & D.Löve,Alison Mahoney,Tier_1_Gold,None,47.71023,-95.457848,200.0,175,0.130793,-0.99141,Interior_Prairie_Midwest,data/raw_vouchers/v0420317WIS.jpg
v0420322WIS,WIS,Packera paupercula (Michx.) Á.Löve & D.Löve,Alison Mahoney,Tier_1_Gold,None,48.375982,-96.341948,300.0,176,0.11372,-0.993513,Interior_Prairie_Midwest,data/raw_vouchers/v0420322WIS.jpg
v0420326WIS,WIS,Packera paupercula (Michx.) Á.Löve & D.Löve,Alison Mahoney,Tier_1_Gold,None,48.812508,-96.591166,900.0,176,0.11372,-0.993513,Interior_Prairie_Midwest,data/raw_vouchers/v0420326WIS.jpg
v0420836WIS,WIS,Packera paupercula (Michx.) Á.Löve & D.Löve,Alison Mahoney,Tier_1_Gold,None,48.812508,-96.591166,900.0,177,0.096613,-0.995322,Interior_Prairie_Midwest,data/raw_vouchers/v0420836WIS.jpg
v0420245WIS,WIS,Packera paupercula (Michx.) Á.Löve & D.Löve,Alison Mahoney,Tier_1_Gold,None,47.527885,-96.056784,200.0,173,0.164818,-0.986324,Interior_Prairie_Midwest,data/raw_vouchers/v0420245WIS.jpg
v0420249WIS,WIS,Packera paupercula (Michx.) Á.Löve & D.Löve,Alison Mahoney,Tier_1_Gold,None,47.63417,-95.56456,900.0,174,0.147827,-0.989013,Interior_Prairie_Midwest,data/raw_vouchers/v0420249WIS.jpg
v0420289WIS,WIS,Packera paupercula (Michx.) Á.Löve & D.Löve,Alison Mahoney,Tier_1_Gold,None,47.63417,-95.56456,900.0,175,0.130793,-0.99141,Interior_Prairie_Midwest,data/raw_vouchers/v0420289WIS.jpg
v0420298WIS,WIS,Packera paupercula (Michx.) Á.Löve & D.Löve,Alison Mahoney,Tier_1_Gold,None,47.633891,-95.558997,400.0,175,0.130793,-0.99141,Interior_Prairie_Midwest,data/raw_vouchers/v0420298WIS.jpg
v0420302WIS,WIS,Packera paupercula (Michx.) Á.Löve & D.Löve,Alison Mahoney,Tier_1_Gold,None,47.63417,-95.56456,900.0,175,0.130793,-0.99141,Interior_Prairie_Midwest,data/raw_vouchers/v0420302WIS.jpg
v0420318WIS,WIS,Packera paupercula (Michx.) Á.Löve & D.Löve,Alison Mahoney,Tier_1_Gold,None,47.775274,-95.853978,300.0,176,0.11372,-0.993513,Interior_Prairie_Midwest,data/raw_vouchers/v0420318WIS.jpg
v0420349WIS,WIS,Packera paupercula (Michx.) Á.Löve & D.Löve,Alison Mahoney,Tier_1_Gold,None,48.812508,-96.591166,900.0,177,0.096613,-0.995322,Interior_Prairie_Midwest,data/raw_vouchers/v0420349WIS.jpg
v0420355WIS,WIS,Packera paupercula (Michx.) Á.Löve & D.Löve,Alison Mahoney,Tier_1_Gold,None,48.812508,-96.591166,900.0,177,0.096613,-0.995322,Interior_Prairie_Midwest,data/raw_vouchers/v0420355WIS.jpg
22673,WILLI,Packera paupercula (Michx.) Á.Löve & D.Löve,"Trock, Debra",Tier_1_Gold,None,38.885185,-77.213626,1085.0,161,0.363482,-0.931601,Coastal_Plain_Sandhills,data/raw_vouchers/22673.jpg
v0004381WIS,WIS,Packera paupercula var. paupercula,"Mahoney, Alison",Tier_1_Gold,None,45.963976,-89.89027,1138.0,188,-0.092331,-0.995728,Interior_Prairie_Midwest,data/raw_vouchers/v0004381WIS.jpg
CSCN-V-0012038,CSCN,Packera paupercula (Michx.) Á.Löve & D.Löve,Mike Riggleman,Tier_3_Bronze,None,43.76822,-103.523422,1150.0,189,-0.109446,-0.993993,Other_US,data/raw_vouchers/CSCN-V-0012038.jpg
MCA0031303,MCA,Senecio pauperculus Michx.,"R. L. Schaeffer, Jr.",Tier_3_Bronze,None,40.576515,-75.543123,4807.0,151,0.517586,-0.855631,Appalachian_Highlands,data/raw_vouchers/MCA0031303.jpg
v0005755WIS,WIS,Packera paupercula var. savannarum R.R.Kowal,"Mahoney, Alison",Tier_1_Gold,None,42.881705,-89.453048,569.0,145,0.602988,-0.79775,Interior_Prairie_Midwest,data/raw_vouchers/v0005755WIS.jpg
v0261826WIS,WIS,Packera paupercula var. savannarum R.R.Kowal,"Mahoney, Alison",Tier_1_Gold,None,43.028841,-89.121046,1138.0,146,0.589176,-0.808005,Interior_Prairie_Midwest,data/raw_vouchers/v0261826WIS.jpg
v0005757WIS,WIS,Packera paupercula var. savannarum R.R.Kowal,"Mahoney, Alison",Tier_1_Gold,None,43.175865,-89.019499,1138.0,143,0.630072,-0.776537,Interior_Prairie_Midwest,data/raw_vouchers/v0005757WIS.jpg
v0005756WIS,WIS,Packera paupercula var. savannarum R.R.Kowal,"Mahoney, Alison",Tier_1_Gold,None,43.038424,-89.611332,1138.0,143,0.630072,-0.776537,Interior_Prairie_Midwest,data/raw_vouchers/v0005756WIS.jpg
v0005612WIS,WIS,Packera paupercula var. savannarum R.R.Kowal,"Mahoney, Alison",Tier_1_Gold,None,42.546783,-89.002234,1138.0,152,0.502791,-0.864408,Interior_Prairie_Midwest,data/raw_vouchers/v0005612WIS.jpg
v0005758WIS,WIS,Packera paupercula var. savannarum R.R.Kowal,"Mahoney, Alison",Tier_1_Gold,None,43.242079,-89.749533,1138.0,145,0.602988,-0.79775,Interior_Prairie_Midwest,data/raw_vouchers/v0005758WIS.jpg
v0005736WIS,WIS,Packera paupercula var. savannarum R.R.Kowal,"Mahoney, Alison",Tier_1_Gold,None,42.971736,-88.98369,1138.0,145,0.602988,-0.79775,Interior_Prairie_Midwest,data/raw_vouchers/v0005736WIS.jpg
v0261829WIS,WIS,Packera paupercula var. savannarum R.R.Kowal,"Mahoney, Alison",Tier_1_Gold,None,42.881705,-89.453048,569.0,153,0.487847,-0.872929,Interior_Prairie_Midwest,data/raw_vouchers/v0261829WIS.jpg
v0005609WIS,WIS,Packera paupercula var. savannarum R.R.Kowal,"Mahoney, Alison",Tier_1_Gold,None,42.650692,-89.724626,569.0,156,0.442168,-0.896932,Interior_Prairie_Midwest,data/raw_vouchers/v0005609WIS.jpg
v0005621WIS,WIS,Packera paupercula var. savannarum R.R.Kowal,"Mahoney, Alison",Tier_1_Gold,None,42.647957,-89.396987,1138.0,163,0.331221,-0.943553,Interior_Prairie_Midwest,data/raw_vouchers/v0005621WIS.jpg
1218975,MICH,Packera paupercula (Michx.) Á.Löve & D.Löve,Robert R. Kowal,Tier_1_Gold,None,45.192515,-83.327195,900.0,196,-0.228058,-0.973648,Other_US,data/raw_vouchers/1218975.jpg
1218983,MICH,Packera paupercula var. paupercula,Robert R. Kowal,Tier_1_Gold,None,45.93225,-85.93949,969.0,205,-0.37547,-0.926834,Interior_Prairie_Midwest,data/raw_vouchers/1218983.jpg
UAM_Herb_68194,UAM,Packera paupercula (Michx.) Á.Löve & D.Löve,Debra K. Trock,Tier_1_Gold,None,64.9,-146.81,3615.0,188,-0.092331,-0.995728,Other_US,data/raw_vouchers/UAM_Herb_68194.jpg
v0005604WIS,WIS,Packera paupercula var. paupercula,"Kowal, Robert R.",Tier_1_Gold,None,43.067414,-89.946357,1138.0,144,0.616621,-0.78726,Interior_Prairie_Midwest,data/raw_vouchers/v0005604WIS.jpg
v0005787WIS,WIS,Packera paupercula var. savannarum R.R.Kowal,"Mahoney, Alison",Tier_1_Gold,None,43.040142,-90.12264,1138.0,149,0.546711,-0.837321,Interior_Prairie_Midwest,data/raw_vouchers/v0005787WIS.jpg
SBBG261986,SBBG,Senecio pauperculus Michx.,William J. Dress,Tier_3_Bronze,None,42.4487,-76.4768,300.0,170,0.215477,-0.976509,Appalachian_Highlands,data/raw_vouchers/SBBG261986.jpg
474252,MIN,Packera paupercula (Michx.) Á.Löve & D.Löve,Alison Mahoney & Sarah Soderholm,Tier_1_Gold,None,45.508466,-93.809582,800.0,182,0.010751,-0.999942,Interior_Prairie_Midwest,data/raw_vouchers/474252.jpg
NCU00369171,NCU,Packera paupercula (Michx.) Á.Löve & D.Löve,"Mahoney, Alison McKenzie",Tier_1_Gold,None,35.958499,-92.17743,773.0,132,0.764891,-0.644159,Interior_Prairie_Midwest,data/raw_vouchers/NCU00369171.jpg
v0005779WIS,WIS,Packera paupercula var. savannarum R.R.Kowal,"Mahoney, Alison",Tier_1_Gold,None,43.114711,-89.833495,569.0,121,0.872404,-0.488785,Interior_Prairie_Midwest,data/raw_vouchers/v0005779WIS.jpg
1218981,MICH,Packera paupercula var. paupercula,Robert R. Kowal,Tier_1_Gold,None,45.0377,-83.1939,505.0,175,0.130793,-0.99141,Other_US,data/raw_vouchers/1218981.jpg
v0261820WIS,WIS,Packera paupercula var. savannarum R.R.Kowal,"Mahoney, Alison",Tier_1_Gold,None,42.684624,-89.488672,285.0,173,0.164818,-0.986324,Interior_Prairie_Midwest,data/raw_vouchers/v0261820WIS.jpg
v0261821WIS,WIS,Packera paupercula var. savannarum R.R.Kowal,"Mahoney, Alison",Tier_1_Gold,None,42.684624,-89.488672,285.0,173,0.164818,-0.986324,Interior_Prairie_Midwest,data/raw_vouchers/v0261821WIS.jpg
v0261823WIS,WIS,Packera paupercula var. savannarum R.R.Kowal,"Mahoney, Alison",Tier_1_Gold,None,42.684624,-89.488672,285.0,173,0.164818,-0.986324,Interior_Prairie_Midwest,data/raw_vouchers/v0261823WIS.jpg
v0261822WIS,WIS,Packera paupercula var. savannarum R.R.Kowal,"Mahoney, Alison",Tier_1_Gold,None,42.684624,-89.488672,285.0,173,0.164818,-0.986324,Interior_Prairie_Midwest,data/raw_vouchers/v0261822WIS.jpg
v0261824WIS,WIS,Packera paupercula var. savannarum R.R.Kowal,"Mahoney, Alison",Tier_1_Gold,None,42.684591,-89.498537,285.0,173,0.164818,-0.986324,Interior_Prairie_Midwest,data/raw_vouchers/v0261824WIS.jpg
CSCN-V-0012039,CSCN,Packera paupercula (Michx.) Á.Löve & D.Löve,Steven B. Rolfsmeier,Tier_3_Bronze,None,44.32764,-103.835671,1800.0,197,-0.244772,-0.969581,Other_US,data/raw_vouchers/CSCN-V-0012039.jpg
IND-0138438,IND,Packera paupercula (Michx.) Á.Löve & D.Löve,Paul Weatherwax; G. Jones,Tier_3_Bronze,None,30.940303,-85.391661,200.0,88,0.998377,0.056952,Coastal_Plain_Sandhills,data/raw_vouchers/IND-0138438.jpg
NCU00369169,NCU,Packera paupercula (Michx.) Á.Löve & D.Löve,"Mahoney, Alison McKenzie",Tier_1_Gold,None,32.748745,-88.041356,2403.0,104,0.976277,-0.216527,Interior_Prairie_Midwest,data/raw_vouchers/NCU00369169.jpg
NCU00040580,NCU,Packera paupercula var. appalachiana A.M.Mahoney,"Mahoney, Alison McKenzie",Tier_1_Gold,None,37.188647,-80.375473,720.0,147,0.57519,-0.81802,Piedmont_Granite_Flatrocks,data/raw_vouchers/NCU00040580.jpg
NCU00040582,NCU,Packera paupercula var. appalachiana A.M.Mahoney,"Mahoney, Alison McKenzie",Tier_1_Gold,None,37.20985,-80.490054,3036.0,128,0.807371,-0.590044,Piedmont_Granite_Flatrocks,data/raw_vouchers/NCU00040582.jpg
NCU00040583,NCU,Packera paupercula var. appalachiana A.M.Mahoney,"Mahoney, Alison McKenzie",Tier_1_Gold,None,37.20985,-80.490054,3036.0,130,0.786597,-0.617467,Piedmont_Granite_Flatrocks,data/raw_vouchers/NCU00040583.jpg
NCU00040586,NCU,Packera paupercula var. appalachiana A.M.Mahoney,"Mahoney, Alison McKenzie",Tier_1_Gold,None,37.157784,-80.323817,907.0,135,0.730644,-0.682758,Interior_Prairie_Midwest,data/raw_vouchers/NCU00040586.jpg
NCU00040591,NCU,Packera paupercula var. appalachiana A.M.Mahoney,"Mahoney, Alison McKenzie",Tier_1_Gold,None,37.177025,-80.344666,2903.0,135,0.730644,-0.682758,Interior_Prairie_Midwest,data/raw_vouchers/NCU00040591.jpg
v0005610WIS,WIS,Packera paupercula var. paupercula,"Kowal, Robert R.",Tier_1_Gold,None,42.602443,-89.016428,569.0,143,0.630072,-0.776537,Interior_Prairie_Midwest,data/raw_vouchers/v0005610WIS.jpg
v0005767WIS,WIS,Packera paupercula var. savannarum R.R.Kowal,"Mahoney, Alison",Tier_1_Gold,None,42.668072,-89.076128,569.0,141,0.656411,-0.754404,Interior_Prairie_Midwest,data/raw_vouchers/v0005767WIS.jpg
v0005775WIS,WIS,Packera paupercula var. savannarum R.R.Kowal,"Mahoney, Alison",Tier_1_Gold,None,42.505952,-89.117701,285.0,143,0.630072,-0.776537,Interior_Prairie_Midwest,data/raw_vouchers/v0005775WIS.jpg
v0005766WIS,WIS,Packera paupercula var. savannarum R.R.Kowal,"Mahoney, Alison",Tier_1_Gold,None,42.668072,-89.076128,569.0,141,0.656411,-0.754404,Interior_Prairie_Midwest,data/raw_vouchers/v0005766WIS.jpg
v0005765WIS,WIS,Packera paupercula var. savannarum R.R.Kowal,"Mahoney, Alison",Tier_1_Gold,None,42.586059,-89.013677,285.0,151,0.517586,-0.855631,Interior_Prairie_Midwest,data/raw_vouchers/v0005765WIS.jpg
v0005605WIS,WIS,Packera paupercula var. savannarum R.R.Kowal,"Mahoney, Alison",Tier_1_Gold,None,42.674968,-88.727978,1138.0,142,0.643337,-0.765584,Interior_Prairie_Midwest,data/raw_vouchers/v0005605WIS.jpg
NCU00040579,NCU,Packera paupercula var. appalachiana A.M.Mahoney,"Mahoney, Alison McKenzie",Tier_1_Gold,None,37.28737,-80.324459,2086.0,154,0.472759,-0.881192,Piedmont_Granite_Flatrocks,data/raw_vouchers/NCU00040579.jpg
v0005606WIS,WIS,Packera paupercula var. savannarum R.R.Kowal,"Mahoney, Alison",Tier_1_Gold,None,43.30245,-90.338221,285.0,161,0.363482,-0.931601,Interior_Prairie_Midwest,data/raw_vouchers/v0005606WIS.jpg
v0005611WIS,WIS,Packera paupercula var. savannarum R.R.Kowal,"Mahoney, Alison",Tier_1_Gold,None,42.547061,-89.041265,1138.0,154,0.472759,-0.881192,Interior_Prairie_Midwest,data/raw_vouchers/v0005611WIS.jpg
v0005776WIS,WIS,Packera paupercula var. savannarum R.R.Kowal,"Mahoney, Alison",Tier_1_Gold,None,42.651951,-89.132902,285.0,153,0.487847,-0.872929,Interior_Prairie_Midwest,data/raw_vouchers/v0005776WIS.jpg
v0005790WIS,WIS,Packera paupercula var. pseudotomentosa (Mack. & Bush) R.R.Kowal,"Mahoney, Alison",Tier_1_Gold,None,43.978675,-90.741034,1138.0,154,0.472759,-0.881192,Interior_Prairie_Midwest,data/raw_vouchers/v0005790WIS.jpg
3118039,NY,Packera paupercula (Michx.) Á.Löve & D.Löve,H. A. Stephens,Tier_3_Bronze,None,43.987031,-103.814798,186.95,218,-0.571667,-0.820486,Interior_Prairie_Midwest,data/raw_vouchers/3118039.jpg
NCU00040592,NCU,Packera paupercula var. appalachiana A.M.Mahoney,"Mahoney, Alison McKenzie",Tier_1_Gold,None,37.191285,-80.367167,1022.0,152,0.502791,-0.864408,Piedmont_Granite_Flatrocks,data/raw_vouchers/NCU00040592.jpg
607200,MIN,Packera paupercula (Michx.) Á.Löve & D.Löve,Alison Mahoney & Sarah Soderholm,Tier_1_Gold,None,45.979065,-92.558797,800.0,169,0.232243,-0.972658,Interior_Prairie_Midwest,data/raw_vouchers/607200.jpg
v0005603WIS,WIS,Packera paupercula var. savannarum R.R.Kowal,"Mahoney, Alison",Tier_1_Gold,None,43.30629,-90.328329,285.0,153,0.487847,-0.872929,Interior_Prairie_Midwest,data/raw_vouchers/v0005603WIS.jpg
v0005619WIS,WIS,Packera paupercula var. savannarum R.R.Kowal,"Mahoney, Alison",Tier_1_Gold,None,43.288697,-90.88791,569.0,190,-0.126528,-0.991963,Interior_Prairie_Midwest,data/raw_vouchers/v0005619WIS.jpg
CSCN-V-0012035,CSCN,Packera paupercula (Michx.) Á.Löve & D.Löve,Steven B. Rolfsmeier,Tier_3_Bronze,None,47.1308949,-113.9015026,1.0,193,-0.177529,-0.984116,Other_US,data/raw_vouchers/CSCN-V-0012035.jpg
v0005780WIS,WIS,Packera paupercula var. savannarum R.R.Kowal,"Mahoney, Alison",Tier_1_Gold,None,42.647957,-89.396987,1138.0,146,0.589176,-0.808005,Interior_Prairie_Midwest,data/raw_vouchers/v0005780WIS.jpg
KHD00028778,DBG,Packera paupercula (Michx.) Á.Löve & D.Löve,Nomenclatural Adjustment,Tier_3_Bronze,None,45.85335,-84.721489,1010.0,177,0.096613,-0.995322,Interior_Prairie_Midwest,data/raw_vouchers/KHD00028778.jpg
v0005733WIS,WIS,Packera paupercula var. paupercula,"Mahoney, Alison",Tier_1_Gold,None,44.004239,-89.25715,1138.0,174,0.147827,-0.989013,Interior_Prairie_Midwest,data/raw_vouchers/v0005733WIS.jpg
UAM_Herb_68196,UAM,Packera paupercula (Michx.) Á.Löve & D.Löve,Debra K. Trock,Tier_1_Gold,None,65.58,-144.25,3615.0,194,-0.194431,-0.980916,Other_US,data/raw_vouchers/UAM_Herb_68196.jpg
KHD00028779,DBG,Packera paupercula (Michx.) Á.Löve & D.Löve,Nomenclatural Adjustment,Tier_3_Bronze,None,47.244827,-96.126041,4831.0,175,0.130793,-0.99141,Interior_Prairie_Midwest,data/raw_vouchers/KHD00028779.jpg
v0005784WIS,WIS,Packera paupercula var. savannarum R.R.Kowal,"Mahoney, Alison",Tier_1_Gold,None,43.358393,-89.630423,1138.0,154,0.472759,-0.881192,Coastal_Plain_Sandhills,data/raw_vouchers/v0005784WIS.jpg
v0065949WIS,WIS,Packera paupercula var. savannarum R.R.Kowal,"Mahoney, Alison",Tier_1_Gold,None,42.588855,-89.411532,569.0,155,0.457531,-0.889193,Interior_Prairie_Midwest,data/raw_vouchers/v0065949WIS.jpg
v0005762WIS,WIS,Packera paupercula var. savannarum R.R.Kowal,"Mahoney, Alison",Tier_1_Gold,None,43.288705,-90.897385,569.0,166,0.282108,-0.959383,Interior_Prairie_Midwest,data/raw_vouchers/v0005762WIS.jpg
v0005744WIS,WIS,Packera paupercula var. paupercula,"Mahoney, Alison",Tier_1_Gold,None,46.234682,-90.164427,1138.0,184,-0.023651,-0.99972,Interior_Prairie_Midwest,data/raw_vouchers/v0005744WIS.jpg
NCU00080289,NCU,Packera paupercula (Michx.) Á.Löve & D.Löve,"Mahoney, Alison McKenzie",Tier_1_Gold,None,36.368185,-84.705579,3036.0,161,0.363482,-0.931601,Interior_Prairie_Midwest,data/raw_vouchers/NCU00080289.jpg
NCU00080290,NCU,Packera paupercula (Michx.) Á.Löve & D.Löve,"Mahoney, Alison McKenzie",Tier_1_Gold,None,36.120631,-84.653831,3036.0,161,0.363482,-0.931601,Interior_Prairie_Midwest,data/raw_vouchers/NCU00080290.jpg
UAM_Herb_68195,UAM,Packera paupercula (Michx.) Á.Löve & D.Löve,Debra K. Trock,Tier_1_Gold,None,62.96,-141.66,3615.0,211,-0.468965,-0.883217,Other_US,data/raw_vouchers/UAM_Herb_68195.jpg
v0005730WIS,WIS,Packera paupercula var. paupercula,"Kowal, Robert R.",Tier_1_Gold,None,43.407479,-89.034876,1138.0,145,0.602988,-0.79775,Interior_Prairie_Midwest,data/raw_vouchers/v0005730WIS.jpg
v0005813WIS,WIS,Packera paupercula var. savannarum R.R.Kowal,"Mahoney, Alison",Tier_1_Gold,None,43.034146,-88.978857,569.0,144,0.616621,-0.78726,Interior_Prairie_Midwest,data/raw_vouchers/v0005813WIS.jpg
v0005608WIS,WIS,Packera paupercula var. paupercula,"Kowal, Robert R.",Tier_1_Gold,None,42.535831,-89.316825,1138.0,140,0.66929,-0.743001,Interior_Prairie_Midwest,data/raw_vouchers/v0005608WIS.jpg
v0005614WIS,WIS,Packera paupercula var. savannarum R.R.Kowal,"Mahoney, Alison",Tier_1_Gold,None,42.898359,-89.042716,1138.0,147,0.57519,-0.81802,Interior_Prairie_Midwest,data/raw_vouchers/v0005614WIS.jpg
v0005786WIS,WIS,Packera paupercula var. paupercula,"Mahoney, Alison",Tier_1_Gold,None,45.905552,-89.456554,1138.0,178,0.079477,-0.996837,Interior_Prairie_Midwest,data/raw_vouchers/v0005786WIS.jpg
v0065935WIS,WIS,Packera paupercula var. paupercula,"Mahoney, Alison",Tier_1_Gold,None,45.882728,-89.456552,1138.0,172,0.18176,-0.983343,Interior_Prairie_Midwest,data/raw_vouchers/v0065935WIS.jpg
HUDC00004847,HUDC,Senecio pauperculus Michx.,H. David Hammond,Tier_3_Bronze,None,39.055042,-77.034669,1495.0,187,-0.07519,-0.997169,Appalachian_Highlands,data/raw_vouchers/HUDC00004847.jpg
v0065940WIS,WIS,Packera paupercula var. savannarum R.R.Kowal,"Mahoney, Alison & Soderholm, Sarah",Tier_1_Gold,None,42.922751,-89.848226,1138.0,146,0.589176,-0.808005,Interior_Prairie_Midwest,data/raw_vouchers/v0065940WIS.jpg
v0005788WIS,WIS,Packera paupercula var. savannarum R.R.Kowal,"Mahoney, Alison",Tier_1_Gold,None,42.908368,-90.005308,1138.0,148,0.561034,-0.827793,Interior_Prairie_Midwest,data/raw_vouchers/v0005788WIS.jpg
v0005785WIS,WIS,Packera paupercula var. savannarum R.R.Kowal,"Mahoney, Alison",Tier_1_Gold,None,43.10308,-89.041515,1138.0,146,0.589176,-0.808005,Interior_Prairie_Midwest,data/raw_vouchers/v0005785WIS.jpg
v0005737WIS,WIS,Packera paupercula var. savannarum R.R.Kowal,"Mahoney, Alison",Tier_1_Gold,None,42.908368,-90.005308,1138.0,148,0.561034,-0.827793,Interior_Prairie_Midwest,data/raw_vouchers/v0005737WIS.jpg
v0005735WIS,WIS,Packera paupercula var. savannarum R.R.Kowal,"Mahoney, Alison",Tier_1_Gold,None,42.937546,-89.828807,1138.0,146,0.589176,-0.808005,Interior_Prairie_Midwest,data/raw_vouchers/v0005735WIS.jpg
v0005745WIS,WIS,Packera paupercula var. savannarum R.R.Kowal,"Mahoney, Alison",Tier_1_Gold,None,42.680958,-90.841966,285.0,155,0.457531,-0.889193,Interior_Prairie_Midwest,data/raw_vouchers/v0005745WIS.jpg
v0005741WIS,WIS,Packera paupercula var. paupercula,"Mahoney, Alison",Tier_1_Gold,None,42.505679,-87.811457,285.0,147,0.57519,-0.81802,Interior_Prairie_Midwest,data/raw_vouchers/v0005741WIS.jpg
v0005738WIS,WIS,Packera paupercula var. savannarum R.R.Kowal,"Mahoney, Alison",Tier_1_Gold,None,43.591255,-90.083391,1138.0,143,0.630072,-0.776537,Interior_Prairie_Midwest,data/raw_vouchers/v0005738WIS.jpg
v0005740WIS,WIS,Packera paupercula var. paupercula,"Mahoney, Alison",Tier_1_Gold,None,42.543906,-87.824898,1138.0,147,0.57519,-0.81802,Interior_Prairie_Midwest,data/raw_vouchers/v0005740WIS.jpg
594215,MIN,Packera paupercula (Michx.) Á.Löve & D.Löve,Alison Mahoney & Sarah Soderholm,Tier_1_Gold,None,47.217521,-95.201495,1000.0,174,0.147827,-0.989013,Interior_Prairie_Midwest,data/raw_vouchers/594215.jpg
DEK000096096,DEK,Packera paupercula (Michx.) Á.Löve & D.Löve,Michael G. Van Buer,Tier_3_Bronze,None,44.177191,-89.788256,969.0,167,0.265563,-0.964094,Interior_Prairie_Midwest,data/raw_vouchers/DEK000096096.jpg
v0005742WIS,WIS,Packera paupercula var. paupercula,"Mahoney, Alison",Tier_1_Gold,None,44.177199,-89.788262,1138.0,167,0.265563,-0.964094,Interior_Prairie_Midwest,data/raw_vouchers/v0005742WIS.jpg
v0005731WIS,WIS,Packera paupercula var. paupercula,"Mahoney, Alison",Tier_1_Gold,None,46.08466,-89.64243,400.0,179,0.062318,-0.998056,Interior_Prairie_Midwest,data/raw_vouchers/v0005731WIS.jpg
v0005607WIS,WIS,Packera paupercula var. pseudotomentosa (Mack. & Bush) R.R.Kowal,"Mahoney, Alison",Tier_1_Gold,None,44.255953,-89.795481,1138.0,164,0.314942,-0.949111,Interior_Prairie_Midwest,data/raw_vouchers/v0005607WIS.jpg
UAM_Herb_68193,UAM,Packera paupercula (Michx.) Á.Löve & D.Löve,Debra K. Trock,Tier_1_Gold,None,65.25,-148.16,3615.0,185,-0.040844,-0.999166,Other_US,data/raw_vouchers/UAM_Herb_68193.jpg
590059,MIN,Packera paupercula (Michx.) Á.Löve & D.Löve,Alison Mahoney & Sarah Soderholm,Tier_1_Gold,None,47.157704,-95.878954,800.0,235,-0.783934,-0.620844,Interior_Prairie_Midwest,data/raw_vouchers/590059.jpg
v0065936WIS,WIS,Packera paupercula var. savannarum R.R.Kowal,"Mahoney, Alison",Tier_1_Gold,None,43.441983,-89.038039,285.0,143,0.630072,-0.776537,Interior_Prairie_Midwest,data/raw_vouchers/v0065936WIS.jpg
UVMVT105699,VT,Packera paupercula (Michx.) Á.Löve & D.Löve,,Tier_3_Bronze,None,44.49492,-73.18447,1538.0,162,0.347403,-0.937716,Appalachian_Highlands,data/raw_vouchers/UVMVT105699.jpg
v0004053WIS,WIS,Packera paupercula var. paupercula,"Mahoney, Alison",Tier_1_Gold,None,44.29825,-89.716328,1138.0,174,0.147827,-0.989013,Interior_Prairie_Midwest,data/raw_vouchers/v0004053WIS.jpg
v0005743WIS,WIS,Packera paupercula var. paupercula,"Kowal, Robert R.",Tier_1_Gold,None,43.448185,-89.314643,1138.0,156,0.442168,-0.896932,Interior_Prairie_Midwest,data/raw_vouchers/v0005743WIS.jpg
v0065933WIS,WIS,Packera paupercula var. paupercula,"Mahoney, Alison M.",Tier_1_Gold,None,46.381209,-91.520277,1138.0,183,-0.006451,-0.999979,Interior_Prairie_Midwest,data/raw_vouchers/v0065933WIS.jpg
NCU00040584,NCU,Packera paupercula var. appalachiana A.M.Mahoney,"Mahoney, Alison McKenzie",Tier_1_Gold,None,37.246071,-80.597838,1599.0,120,0.880683,-0.473706,Piedmont_Granite_Flatrocks,data/raw_vouchers/NCU00040584.jpg
NCU00040581,NCU,Packera paupercula var. appalachiana A.M.Mahoney,"Mahoney, Alison McKenzie",Tier_1_Gold,None,37.209848,-80.508261,1651.0,145,0.602988,-0.79775,Piedmont_Granite_Flatrocks,data/raw_vouchers/NCU00040581.jpg
NCU00040588,NCU,Packera paupercula var. appalachiana A.M.Mahoney,"Mahoney, Alison McKenzie",Tier_1_Gold,None,37.171009,-80.340972,1868.0,146,0.589176,-0.808005,Piedmont_Granite_Flatrocks,data/raw_vouchers/NCU00040588.jpg
DEK000096064,DEK,Packera paupercula (Michx.) Á.Löve & D.Löve,Michael G. Van Buer,Tier_3_Bronze,None,42.016696,-89.333439,2129.0,138,0.694452,-0.719539,Interior_Prairie_Midwest,data/raw_vouchers/DEK000096064.jpg
DEK000096095,DEK,Packera paupercula (Michx.) Á.Löve & D.Löve,Michael G. Van Buer,Tier_3_Bronze,None,41.620856,-87.082268,2180.0,150,0.532227,-0.846602,Interior_Prairie_Midwest,data/raw_vouchers/DEK000096095.jpg
v0005811WIS,WIS,Packera paupercula var. savannarum R.R.Kowal,"Mahoney, Alison",Tier_1_Gold,None,43.081963,-89.887245,1138.0,145,0.602988,-0.79775,Interior_Prairie_Midwest,data/raw_vouchers/v0005811WIS.jpg
v0005818WIS,WIS,Packera paupercula var. savannarum R.R.Kowal,"Kowal, Robert R.",Tier_1_Gold,None,42.762044,-90.633126,1138.0,144,0.616621,-0.78726,Interior_Prairie_Midwest,data/raw_vouchers/v0005818WIS.jpg
576815,MIN,Packera paupercula (Michx.) Á.Löve & D.Löve,Alison Mahoney & Sarah Soderholm,Tier_1_Gold,None,45.454991,-93.05143,2000.0,169,0.232243,-0.972658,Interior_Prairie_Midwest,data/raw_vouchers/576815.jpg
MCA0031302,MCA,Senecio pauperculus Michx.,"R. L. Schaeffer, Jr.",Tier_3_Bronze,None,40.747657,-75.638013,3086.0,171,0.198648,-0.980071,Appalachian_Highlands,data/raw_vouchers/MCA0031302.jpg
IND-0138439,IND,Packera paupercula (Michx.) Á.Löve & D.Löve,H. R. Bennett,Tier_3_Bronze,None,42.147632,-88.291999,600.0,164,0.314942,-0.949111,Interior_Prairie_Midwest,data/raw_vouchers/IND-0138439.jpg
v0005805WIS,WIS,Packera paupercula var. pseudotomentosa (Mack. & Bush) R.R.Kowal,"Mahoney, Alison",Tier_1_Gold,None,44.589964,-91.216475,1138.0,153,0.487847,-0.872929,Interior_Prairie_Midwest,data/raw_vouchers/v0005805WIS.jpg
v0005840WIS,WIS,Packera paupercula var. paupercula,"Mahoney, Alison",Tier_1_Gold,None,44.148494,-89.648159,1138.0,173,0.164818,-0.986324,Interior_Prairie_Midwest,data/raw_vouchers/v0005840WIS.jpg
v0004075WIS,WIS,Packera paupercula var. pseudotomentosa (Mack. & Bush) R.R.Kowal,"Mahoney, Alison",Tier_1_Gold,None,44.017372,-90.045251,1138.0,157,0.426674,-0.904405,Interior_Prairie_Midwest,data/raw_vouchers/v0004075WIS.jpg
v0004077WIS,WIS,Packera paupercula var. pseudotomentosa (Mack. & Bush) R.R.Kowal,"Mahoney, Alison",Tier_1_Gold,None,44.017372,-90.045251,1138.0,157,0.426674,-0.904405,Interior_Prairie_Midwest,data/raw_vouchers/v0004077WIS.jpg
00116772,COLO,Packera paupercula (Michx.) Á.Löve & D.Löve,Richard Walter,Tier_3_Bronze,None,39.41868,-105.88579,2000.0,198,-0.261414,-0.965227,Other_US,data/raw_vouchers/00116772.jpg
00116764,COLO,Packera paupercula (Michx.) Á.Löve & D.Löve,Richard Walter,Tier_3_Bronze,None,39.41868,-105.88579,2000.0,198,-0.261414,-0.965227,Other_US,data/raw_vouchers/00116764.jpg
v0005842WIS,WIS,Packera paupercula var. paupercula,"Mahoney, Alison",Tier_1_Gold,None,46.68647,-91.19449,2271.0,187,-0.07519,-0.997169,Interior_Prairie_Midwest,data/raw_vouchers/v0005842WIS.jpg
NCU00369170,NCU,Packera paupercula (Michx.) Á.Löve & D.Löve,"Mahoney, Alison McKenzie",Tier_1_Gold,None,32.686464,-88.165275,4522.0,101,0.986146,-0.165878,Interior_Prairie_Midwest,data/raw_vouchers/NCU00369170.jpg
NCU00369172,NCU,Packera paupercula var. appalachiana A.M.Mahoney,"Brock, Mason",Tier_2_Silver,None,35.671006,-83.716383,1033.0,108,0.959079,-0.283139,Appalachian_Highlands,data/raw_vouchers/NCU00369172.jpg
v0005808WIS,WIS,Packera paupercula var. savannarum R.R.Kowal,"Mahoney, Alison",Tier_1_Gold,None,42.810192,-90.318482,1138.0,150,0.532227,-0.846602,Interior_Prairie_Midwest,data/raw_vouchers/v0005808WIS.jpg
v0005768WIS,WIS,Packera paupercula var. savannarum R.R.Kowal,"Mahoney, Alison",Tier_1_Gold,None,43.010762,-90.1228,1138.0,151,0.517586,-0.855631,Interior_Prairie_Midwest,data/raw_vouchers/v0005768WIS.jpg
v0005817WIS,WIS,Packera paupercula var. savannarum R.R.Kowal,"Mahoney, Alison",Tier_1_Gold,None,42.73386,-89.907075,1138.0,143,0.630072,-0.776537,Interior_Prairie_Midwest,data/raw_vouchers/v0005817WIS.jpg
v0004284WIS,WIS,Packera paupercula var. paupercula,"Kowal, Robert R.",Tier_1_Gold,None,43.039285,-90.025078,1138.0,146,0.589176,-0.808005,Interior_Prairie_Midwest,data/raw_vouchers/v0004284WIS.jpg
v0005815WIS,WIS,Packera paupercula var. savannarum R.R.Kowal,"Mahoney, Alison",Tier_1_Gold,None,42.73386,-89.907075,1138.0,146,0.589176,-0.808005,Interior_Prairie_Midwest,data/raw_vouchers/v0005815WIS.jpg
v0004285WIS,WIS,Packera paupercula var. paupercula,"Kowal, Robert R.",Tier_1_Gold,None,43.039285,-90.025078,1138.0,146,0.589176,-0.808005,Interior_Prairie_Midwest,data/raw_vouchers/v0004285WIS.jpg
PH00184844,ANSP,Packera paupercula (Michx.) Á.Löve & D.Löve,Robert R. Kowal,Tier_1_Gold,None,40.451542,-76.112165,2156.0,169,0.232243,-0.972658,Appalachian_Highlands,data/raw_vouchers/PH00184844.jpg
v0005819WIS,WIS,Packera paupercula var. paupercula,"Mahoney, Alison",Tier_1_Gold,None,46.034283,-92.207,1138.0,172,0.18176,-0.983343,Interior_Prairie_Midwest,data/raw_vouchers/v0005819WIS.jpg
v0004034WIS,WIS,Packera paupercula var. paupercula,"Mahoney, Alison",Tier_1_Gold,None,46.120913,-91.354552,1138.0,175,0.130793,-0.99141,Interior_Prairie_Midwest,data/raw_vouchers/v0004034WIS.jpg
v0005739WIS,WIS,Packera paupercula var. paupercula,"Mahoney, Alison",Tier_1_Gold,None,45.442633,-91.348941,1138.0,178,0.079477,-0.996837,Interior_Prairie_Midwest,data/raw_vouchers/v0005739WIS.jpg
v0020843WIS,WIS,Packera paupercula var. paupercula,"Mahoney, Alison",Tier_1_Gold,None,45.94909,-91.203904,1138.0,175,0.130793,-0.99141,Interior_Prairie_Midwest,data/raw_vouchers/v0020843WIS.jpg
00116780,COLO,Packera paupercula (Michx.) Á.Löve & D.Löve,Richard Walter,Tier_3_Bronze,None,39.3787,-105.84316,1500.0,204,-0.359472,-0.933156,Other_US,data/raw_vouchers/00116780.jpg
v0004303WIS,WIS,Packera paupercula var. paupercula,"Mahoney, Alison",Tier_1_Gold,None,45.989654,-88.881139,1138.0,185,-0.040844,-0.999166,Interior_Prairie_Midwest,data/raw_vouchers/v0004303WIS.jpg
v0005771WIS,WIS,Packera paupercula var. savannarum R.R.Kowal,"Mahoney, Alison",Tier_1_Gold,None,42.5213,-89.316981,1138.0,140,0.66929,-0.743001,Interior_Prairie_Midwest,data/raw_vouchers/v0005771WIS.jpg
v0004047WIS,WIS,Packera paupercula var. savannarum R.R.Kowal,"Mahoney, Alison",Tier_1_Gold,None,42.5213,-89.316981,1138.0,140,0.66929,-0.743001,Interior_Prairie_Midwest,data/raw_vouchers/v0004047WIS.jpg
v0065939WIS,WIS,Packera paupercula var. savannarum R.R.Kowal,"Mahoney, Alison",Tier_1_Gold,None,43.082739,-89.730124,1138.0,142,0.643337,-0.765584,Interior_Prairie_Midwest,data/raw_vouchers/v0065939WIS.jpg
1202223,MICH,Packera paupercula (Michx.) Á.Löve & D.Löve,Robert R. Kowal,Tier_1_Gold,None,43.865395,-83.346701,592.0,171,0.198648,-0.980071,Appalachian_Highlands,data/raw_vouchers/1202223.jpg
v0005729WIS,WIS,Packera paupercula var. paupercula,"Mahoney, Alison",Tier_1_Gold,None,43.883502,-89.827277,1138.0,176,0.11372,-0.993513,Interior_Prairie_Midwest,data/raw_vouchers/v0005729WIS.jpg
v0005734WIS,WIS,Packera paupercula var. savannarum R.R.Kowal,"Mahoney, Alison",Tier_1_Gold,None,43.010762,-90.1228,1138.0,180,0.045141,-0.998981,Interior_Prairie_Midwest,data/raw_vouchers/v0005734WIS.jpg
v0005761WIS,WIS,Packera paupercula var. paupercula,"Mahoney, Alison",Tier_1_Gold,None,44.581417,-87.490434,1138.0,177,0.096613,-0.995322,Interior_Prairie_Midwest,data/raw_vouchers/v0005761WIS.jpg
v0005801WIS,WIS,Packera paupercula var. savannarum R.R.Kowal,"Mahoney, Alison",Tier_1_Gold,None,43.082739,-89.730124,1138.0,155,0.457531,-0.889193,Interior_Prairie_Midwest,data/raw_vouchers/v0005801WIS.jpg
1202331,MICH,Packera paupercula var. paupercula,Robert R. Kowal,Tier_1_Gold,None,44.692329,-86.250462,283.0,183,-0.006451,-0.999979,Coastal_Plain_Sandhills,data/raw_vouchers/1202331.jpg
v0005746WIS,WIS,Packera paupercula var. paupercula,"Mahoney, Alison",Tier_1_Gold,None,45.886129,-89.832736,569.0,186,-0.058026,-0.998315,Interior_Prairie_Midwest,data/raw_vouchers/v0005746WIS.jpg
v0004298WIS,WIS,Packera paupercula var. paupercula,"Mahoney, Alison",Tier_1_Gold,None,45.886129,-89.832736,569.0,186,-0.058026,-0.998315,Interior_Prairie_Midwest,data/raw_vouchers/v0004298WIS.jpg
v0005835WIS,WIS,Packera paupercula var. paupercula,"Mahoney, Alison",Tier_1_Gold,None,46.30726,-91.187762,1138.0,190,-0.126528,-0.991963,Interior_Prairie_Midwest,data/raw_vouchers/v0005835WIS.jpg
1202283,MICH,Packera paupercula var. paupercula,Robert R. Kowal,Tier_1_Gold,None,45.811228,-85.610415,499.0,214,-0.513901,-0.857849,Interior_Prairie_Midwest,data/raw_vouchers/1202283.jpg
MISSA005234,MISSA,Packera paupercula (Michx.) Á.Löve & D.Löve,John Kees,Tier_3_Bronze,None,33.268991,-88.605143,2330.0,89,0.999209,0.03977,Interior_Prairie_Midwest,data/raw_vouchers/MISSA005234.jpg
1202207,MICH,Packera paupercula var. pseudotomentosa (Mack. & Bush) R.R.Kowal,Robert R. Kowal,Tier_1_Gold,None,43.493608,-85.577162,401.0,149,0.546711,-0.837321,Interior_Prairie_Midwest,data/raw_vouchers/1202207.jpg
MCA0031299,MCA,Senecio pauperculus Michx.,"R. L. Schaeffer, Jr.; Harold W. Pretz",Tier_3_Bronze,None,40.99916,-75.621393,3504.0,139,0.681972,-0.731378,Appalachian_Highlands,data/raw_vouchers/MCA0031299.jpg
v0005754WIS,WIS,Packera paupercula var. savannarum R.R.Kowal,"Mahoney, Alison",Tier_1_Gold,None,43.125809,-89.610491,1138.0,148,0.561034,-0.827793,Interior_Prairie_Midwest,data/raw_vouchers/v0005754WIS.jpg
v0004048WIS,WIS,Packera paupercula var. savannarum R.R.Kowal,"Mahoney, Alison",Tier_1_Gold,None,42.520487,-89.277507,1138.0,144,0.616621,-0.78726,Interior_Prairie_Midwest,data/raw_vouchers/v0004048WIS.jpg
v0004046WIS,WIS,Packera paupercula var. savannarum R.R.Kowal,"Mahoney, Alison",Tier_1_Gold,None,42.520237,-89.25777,1138.0,145,0.602988,-0.79775,Interior_Prairie_Midwest,data/raw_vouchers/v0004046WIS.jpg
v0005797WIS,WIS,Packera paupercula var. savannarum R.R.Kowal,"Mahoney, Alison",Tier_1_Gold,None,42.953558,-89.338302,1138.0,148,0.561034,-0.827793,Interior_Prairie_Midwest,data/raw_vouchers/v0005797WIS.jpg
v0004049WIS,WIS,Packera paupercula var. savannarum R.R.Kowal,"Mahoney, Alison",Tier_1_Gold,None,42.579497,-89.356643,1138.0,135,0.730644,-0.682758,Interior_Prairie_Midwest,data/raw_vouchers/v0004049WIS.jpg
v0065943WIS,WIS,Packera paupercula var. savannarum R.R.Kowal,"Mahoney, Alison",Tier_1_Gold,None,42.850251,-89.729836,1138.0,162,0.347403,-0.937716,Interior_Prairie_Midwest,data/raw_vouchers/v0065943WIS.jpg
v0065956WIS,WIS,Packera paupercula var. paupercula,"Mahoney, Alison",Tier_1_Gold,None,44.254602,-91.195984,1138.0,168,0.24894,-0.968519,Interior_Prairie_Midwest,data/raw_vouchers/v0065956WIS.jpg
v0004068WIS,WIS,Packera paupercula var. savannarum R.R.Kowal,"Mahoney, Alison",Tier_1_Gold,None,42.520237,-89.25777,1138.0,160,0.379453,-0.925211,Interior_Prairie_Midwest,data/raw_vouchers/v0004068WIS.jpg
v0005795WIS,WIS,Packera paupercula var. savannarum R.R.Kowal,"Mahoney, Alison",Tier_1_Gold,None,43.10308,-89.041515,1138.0,154,0.472759,-0.881192,Interior_Prairie_Midwest,data/raw_vouchers/v0005795WIS.jpg
v0004302WIS,WIS,Packera paupercula var. savannarum R.R.Kowal,"Mahoney, Alison",Tier_1_Gold,None,42.953558,-89.338302,1138.0,155,0.457531,-0.889193,Interior_Prairie_Midwest,data/raw_vouchers/v0004302WIS.jpg
v0005832WIS,WIS,Packera paupercula var. savannarum R.R.Kowal,"Mahoney, Alison",Tier_1_Gold,None,43.402165,-90.241954,1138.0,152,0.502791,-0.864408,Interior_Prairie_Midwest,data/raw_vouchers/v0005832WIS.jpg
v0005798WIS,WIS,Packera paupercula var. savannarum R.R.Kowal,"Mahoney, Alison",Tier_1_Gold,None,43.10308,-89.041515,1138.0,161,0.363482,-0.931601,Interior_Prairie_Midwest,data/raw_vouchers/v0005798WIS.jpg
v0004067WIS,WIS,Packera paupercula var. paupercula,"Mahoney, Alison",Tier_1_Gold,None,45.516476,-90.935816,1138.0,172,0.18176,-0.983343,Interior_Prairie_Midwest,data/raw_vouchers/v0004067WIS.jpg
v0004288WIS,WIS,Packera paupercula var. paupercula,"Mahoney, Alison",Tier_1_Gold,None,45.964503,-88.710245,569.0,177,0.096613,-0.995322,Interior_Prairie_Midwest,data/raw_vouchers/v0004288WIS.jpg
v0065948WIS,WIS,Packera paupercula var. savannarum R.R.Kowal,"Mahoney, Alison",Tier_1_Gold,None,42.85073,-89.671785,1138.0,161,0.363482,-0.931601,Interior_Prairie_Midwest,data/raw_vouchers/v0065948WIS.jpg
v0005820WIS,WIS,Packera paupercula var. savannarum R.R.Kowal,"Mahoney, Alison",Tier_1_Gold,None,43.082508,-90.005339,1138.0,157,0.426674,-0.904405,Interior_Prairie_Midwest,data/raw_vouchers/v0005820WIS.jpg
v0004050WIS,WIS,Packera paupercula var. paupercula,"Mahoney, Alison",Tier_1_Gold,None,46.105045,-89.482846,1138.0,177,0.096613,-0.995322,Interior_Prairie_Midwest,data/raw_vouchers/v0004050WIS.jpg
v0004292WIS,WIS,Packera paupercula var. paupercula,"Mahoney, Alison",Tier_1_Gold,None,46.193049,-91.22863,1138.0,172,0.18176,-0.983343,Interior_Prairie_Midwest,data/raw_vouchers/v0004292WIS.jpg
v0005802WIS,WIS,Packera paupercula var. savannarum R.R.Kowal,"Mahoney, Alison",Tier_1_Gold,None,43.125809,-89.610491,1138.0,155,0.457531,-0.889193,Interior_Prairie_Midwest,data/raw_vouchers/v0005802WIS.jpg
v0004299WIS,WIS,Packera paupercula var. paupercula,"Mahoney, Alison",Tier_1_Gold,None,45.868545,-89.847671,1138.0,169,0.232243,-0.972658,Interior_Prairie_Midwest,data/raw_vouchers/v0004299WIS.jpg
v0004055WIS,WIS,Packera paupercula var. paupercula,"Mahoney, Alison",Tier_1_Gold,None,45.798154,-89.964861,285.0,176,0.11372,-0.993513,Interior_Prairie_Midwest,data/raw_vouchers/v0004055WIS.jpg
UAM_Herb_2491,UAM,Packera paupercula (Michx.) Á.Löve & D.Löve,Debra K. Trock,Tier_1_Gold,None,62.96,-141.93,3615.0,191,-0.143572,-0.98964,Other_US,data/raw_vouchers/UAM_Herb_2491.jpg
UAM_Herb_67655,UAM,Packera paupercula (Michx.) Á.Löve & D.Löve,Debra K. Trock,Tier_1_Gold,None,62.96,-141.93,3615.0,191,-0.143572,-0.98964,Other_US,data/raw_vouchers/UAM_Herb_67655.jpg
UAM_Herb_69341,UAM,Packera paupercula (Michx.) Á.Löve & D.Löve,Debra K. Trock,Tier_1_Gold,None,63.33,-142.98,3615.0,189,-0.109446,-0.993993,Other_US,data/raw_vouchers/UAM_Herb_69341.jpg
UAM_Herb_68216,UAM,Packera paupercula (Michx.) Á.Löve & D.Löve,Debra K. Trock,Tier_1_Gold,None,67.38,-143.83,3615.0,215,-0.528581,-0.848883,Other_US,data/raw_vouchers/UAM_Herb_68216.jpg
