catalogNumber,split,is_negative,num_instances,image_path,label_path
LSU00083068,train,False,16,data\yolo_dataset\images\train\LSU00083068.jpg,data\yolo_dataset\labels\train\LSU00083068.txt
LSU00216634,train,False,21,data\yolo_dataset\images\train\LSU00216634.jpg,data\yolo_dataset\labels\train\LSU00216634.txt
LSU00083069,train,False,12,data\yolo_dataset\images\train\LSU00083069.jpg,data\yolo_dataset\labels\train\LSU00083069.txt
LSU00223874,train,False,22,data\yolo_dataset\images\train\LSU00223874.jpg,data\yolo_dataset\labels\train\LSU00223874.txt
LSU00217047,train,False,18,data\yolo_dataset\images\train\LSU00217047.jpg,data\yolo_dataset\labels\train\LSU00217047.txt
LSU00117615,train,False,28,data\yolo_dataset\images\train\LSU00117615.jpg,data\yolo_dataset\labels\train\LSU00117615.txt
NLU0061144,train,False,24,data\yolo_dataset\images\train\NLU0061144.jpg,data\yolo_dataset\labels\train\NLU0061144.txt
LSU00183753,train,False,43,data\yolo_dataset\images\train\LSU00183753.jpg,data\yolo_dataset\labels\train\LSU00183753.txt
LSU00216344,train,False,26,data\yolo_dataset\images\train\LSU00216344.jpg,data\yolo_dataset\labels\train\LSU00216344.txt
LSU00217732,train,False,17,data\yolo_dataset\images\train\LSU00217732.jpg,data\yolo_dataset\labels\train\LSU00217732.txt
LSU00054239,train,False,21,data\yolo_dataset\images\train\LSU00054239.jpg,data\yolo_dataset\labels\train\LSU00054239.txt
LSU00117614,train,False,16,data\yolo_dataset\images\train\LSU00117614.jpg,data\yolo_dataset\labels\train\LSU00117614.txt
LSU00028800,train,False,12,data\yolo_dataset\images\train\LSU00028800.jpg,data\yolo_dataset\labels\train\LSU00028800.txt
LSU00224003,train,False,25,data\yolo_dataset\images\train\LSU00224003.jpg,data\yolo_dataset\labels\train\LSU00224003.txt
LSU00055563,train,False,15,data\yolo_dataset\images\train\LSU00055563.jpg,data\yolo_dataset\labels\train\LSU00055563.txt
LSU00183756,train,False,25,data\yolo_dataset\images\train\LSU00183756.jpg,data\yolo_dataset\labels\train\LSU00183756.txt
LSU00216144,train,False,15,data\yolo_dataset\images\train\LSU00216144.jpg,data\yolo_dataset\labels\train\LSU00216144.txt
LSU00221223,train,False,30,data\yolo_dataset\images\train\LSU00221223.jpg,data\yolo_dataset\labels\train\LSU00221223.txt
LSU00183757,train,False,21,data\yolo_dataset\images\train\LSU00183757.jpg,data\yolo_dataset\labels\train\LSU00183757.txt
LSU00057263,train,False,19,data\yolo_dataset\images\train\LSU00057263.jpg,data\yolo_dataset\labels\train\LSU00057263.txt
LSU00183759,train,False,23,data\yolo_dataset\images\train\LSU00183759.jpg,data\yolo_dataset\labels\train\LSU00183759.txt
NLU0453434,train,False,28,data\yolo_dataset\images\train\NLU0453434.jpg,data\yolo_dataset\labels\train\NLU0453434.txt
LSU00029026,train,False,25,data\yolo_dataset\images\train\LSU00029026.jpg,data\yolo_dataset\labels\train\LSU00029026.txt
LSU00183758,train,False,19,data\yolo_dataset\images\train\LSU00183758.jpg,data\yolo_dataset\labels\train\LSU00183758.txt
LSU00017604,train,False,2,data\yolo_dataset\images\train\LSU00017604.jpg,data\yolo_dataset\labels\train\LSU00017604.txt
LSU00220854,train,False,21,data\yolo_dataset\images\train\LSU00220854.jpg,data\yolo_dataset\labels\train\LSU00220854.txt
LSU00117616,train,False,21,data\yolo_dataset\images\train\LSU00117616.jpg,data\yolo_dataset\labels\train\LSU00117616.txt
LSU00083067,train,False,26,data\yolo_dataset\images\train\LSU00083067.jpg,data\yolo_dataset\labels\train\LSU00083067.txt
LSU00106988,train,False,20,data\yolo_dataset\images\train\LSU00106988.jpg,data\yolo_dataset\labels\train\LSU00106988.txt
LSU00223868,train,False,10,data\yolo_dataset\images\train\LSU00223868.jpg,data\yolo_dataset\labels\train\LSU00223868.txt
LSU00031207,train,False,9,data\yolo_dataset\images\train\LSU00031207.jpg,data\yolo_dataset\labels\train\LSU00031207.txt
NCU00449731,train,False,20,data\yolo_dataset\images\train\NCU00449731.jpg,data\yolo_dataset\labels\train\NCU00449731.txt
NCU00377936,train,False,23,data\yolo_dataset\images\train\NCU00377936.jpg,data\yolo_dataset\labels\train\NCU00377936.txt
NCU00434832,train,False,28,data\yolo_dataset\images\train\NCU00434832.jpg,data\yolo_dataset\labels\train\NCU00434832.txt
NCU00444347,train,False,13,data\yolo_dataset\images\train\NCU00444347.jpg,data\yolo_dataset\labels\train\NCU00444347.txt
NCU00094222,train,False,3,data\yolo_dataset\images\train\NCU00094222.jpg,data\yolo_dataset\labels\train\NCU00094222.txt
NCU00449148,train,False,36,data\yolo_dataset\images\train\NCU00449148.jpg,data\yolo_dataset\labels\train\NCU00449148.txt
NCU00442051,train,False,25,data\yolo_dataset\images\train\NCU00442051.jpg,data\yolo_dataset\labels\train\NCU00442051.txt
NCU00445769,train,False,17,data\yolo_dataset\images\train\NCU00445769.jpg,data\yolo_dataset\labels\train\NCU00445769.txt
NCU00451574,train,False,22,data\yolo_dataset\images\train\NCU00451574.jpg,data\yolo_dataset\labels\train\NCU00451574.txt
NCU00447408,train,False,16,data\yolo_dataset\images\train\NCU00447408.jpg,data\yolo_dataset\labels\train\NCU00447408.txt
NCU00377918,train,False,25,data\yolo_dataset\images\train\NCU00377918.jpg,data\yolo_dataset\labels\train\NCU00377918.txt
NCU00377791,train,False,14,data\yolo_dataset\images\train\NCU00377791.jpg,data\yolo_dataset\labels\train\NCU00377791.txt
NCU00438235,train,False,21,data\yolo_dataset\images\train\NCU00438235.jpg,data\yolo_dataset\labels\train\NCU00438235.txt
NCU00385179,train,False,12,data\yolo_dataset\images\train\NCU00385179.jpg,data\yolo_dataset\labels\train\NCU00385179.txt
NCU00385172,train,False,18,data\yolo_dataset\images\train\NCU00385172.jpg,data\yolo_dataset\labels\train\NCU00385172.txt
NCU00091068,train,False,1,data\yolo_dataset\images\train\NCU00091068.jpg,data\yolo_dataset\labels\train\NCU00091068.txt
NCU00027974,train,False,1,data\yolo_dataset\images\train\NCU00027974.jpg,data\yolo_dataset\labels\train\NCU00027974.txt
NCU00377922,train,False,24,data\yolo_dataset\images\train\NCU00377922.jpg,data\yolo_dataset\labels\train\NCU00377922.txt
NCU00385142,train,False,14,data\yolo_dataset\images\train\NCU00385142.jpg,data\yolo_dataset\labels\train\NCU00385142.txt
NCU00431166,train,False,12,data\yolo_dataset\images\train\NCU00431166.jpg,data\yolo_dataset\labels\train\NCU00431166.txt
NCU00377778,train,False,3,data\yolo_dataset\images\train\NCU00377778.jpg,data\yolo_dataset\labels\train\NCU00377778.txt
NCU00438246,train,False,9,data\yolo_dataset\images\train\NCU00438246.jpg,data\yolo_dataset\labels\train\NCU00438246.txt
NCU00438215,train,False,13,data\yolo_dataset\images\train\NCU00438215.jpg,data\yolo_dataset\labels\train\NCU00438215.txt
NCU00385181,train,False,2,data\yolo_dataset\images\train\NCU00385181.jpg,data\yolo_dataset\labels\train\NCU00385181.txt
NCU00385200,train,False,2,data\yolo_dataset\images\train\NCU00385200.jpg,data\yolo_dataset\labels\train\NCU00385200.txt
NCU00385168,train,False,2,data\yolo_dataset\images\train\NCU00385168.jpg,data\yolo_dataset\labels\train\NCU00385168.txt
NCU00438241,train,False,16,data\yolo_dataset\images\train\NCU00438241.jpg,data\yolo_dataset\labels\train\NCU00438241.txt
NCU00384961,train,False,2,data\yolo_dataset\images\train\NCU00384961.jpg,data\yolo_dataset\labels\train\NCU00384961.txt
NCU00438217,train,False,13,data\yolo_dataset\images\train\NCU00438217.jpg,data\yolo_dataset\labels\train\NCU00438217.txt
NCU00377777,train,False,25,data\yolo_dataset\images\train\NCU00377777.jpg,data\yolo_dataset\labels\train\NCU00377777.txt
NCU00385183,train,False,25,data\yolo_dataset\images\train\NCU00385183.jpg,data\yolo_dataset\labels\train\NCU00385183.txt
NCU00377788,train,False,16,data\yolo_dataset\images\train\NCU00377788.jpg,data\yolo_dataset\labels\train\NCU00377788.txt
NCU00377926,train,False,10,data\yolo_dataset\images\train\NCU00377926.jpg,data\yolo_dataset\labels\train\NCU00377926.txt
NCU00377787,train,False,24,data\yolo_dataset\images\train\NCU00377787.jpg,data\yolo_dataset\labels\train\NCU00377787.txt
NCU00377779,train,False,3,data\yolo_dataset\images\train\NCU00377779.jpg,data\yolo_dataset\labels\train\NCU00377779.txt
NCU00438232,train,False,16,data\yolo_dataset\images\train\NCU00438232.jpg,data\yolo_dataset\labels\train\NCU00438232.txt
NCU00385184,train,False,11,data\yolo_dataset\images\train\NCU00385184.jpg,data\yolo_dataset\labels\train\NCU00385184.txt
NCU00385173,train,False,12,data\yolo_dataset\images\train\NCU00385173.jpg,data\yolo_dataset\labels\train\NCU00385173.txt
NCU00119626,train,False,2,data\yolo_dataset\images\train\NCU00119626.jpg,data\yolo_dataset\labels\train\NCU00119626.txt
NCU00377776,train,False,15,data\yolo_dataset\images\train\NCU00377776.jpg,data\yolo_dataset\labels\train\NCU00377776.txt
NCU00385164,train,False,15,data\yolo_dataset\images\train\NCU00385164.jpg,data\yolo_dataset\labels\train\NCU00385164.txt
NCU00385187,train,False,9,data\yolo_dataset\images\train\NCU00385187.jpg,data\yolo_dataset\labels\train\NCU00385187.txt
NCU00385166,train,False,19,data\yolo_dataset\images\train\NCU00385166.jpg,data\yolo_dataset\labels\train\NCU00385166.txt
NCU00384962,train,False,2,data\yolo_dataset\images\train\NCU00384962.jpg,data\yolo_dataset\labels\train\NCU00384962.txt
NCU00438214,train,False,11,data\yolo_dataset\images\train\NCU00438214.jpg,data\yolo_dataset\labels\train\NCU00438214.txt
NCU00377794,train,False,19,data\yolo_dataset\images\train\NCU00377794.jpg,data\yolo_dataset\labels\train\NCU00377794.txt
NCU00385153,train,False,1,data\yolo_dataset\images\train\NCU00385153.jpg,data\yolo_dataset\labels\train\NCU00385153.txt
NCU00438238,train,False,19,data\yolo_dataset\images\train\NCU00438238.jpg,data\yolo_dataset\labels\train\NCU00438238.txt
NCU00385191,train,False,9,data\yolo_dataset\images\train\NCU00385191.jpg,data\yolo_dataset\labels\train\NCU00385191.txt
NCU00385188,train,False,2,data\yolo_dataset\images\train\NCU00385188.jpg,data\yolo_dataset\labels\train\NCU00385188.txt
NCU00377932,train,False,11,data\yolo_dataset\images\train\NCU00377932.jpg,data\yolo_dataset\labels\train\NCU00377932.txt
NCU00438220,train,False,14,data\yolo_dataset\images\train\NCU00438220.jpg,data\yolo_dataset\labels\train\NCU00438220.txt
NCU00385195,train,False,2,data\yolo_dataset\images\train\NCU00385195.jpg,data\yolo_dataset\labels\train\NCU00385195.txt
NCU00438237,train,False,24,data\yolo_dataset\images\train\NCU00438237.jpg,data\yolo_dataset\labels\train\NCU00438237.txt
NCU00076963,train,False,3,data\yolo_dataset\images\train\NCU00076963.jpg,data\yolo_dataset\labels\train\NCU00076963.txt
NCU00384959,train,False,1,data\yolo_dataset\images\train\NCU00384959.jpg,data\yolo_dataset\labels\train\NCU00384959.txt
NCU00377774,train,False,20,data\yolo_dataset\images\train\NCU00377774.jpg,data\yolo_dataset\labels\train\NCU00377774.txt
NCU00385149,train,False,2,data\yolo_dataset\images\train\NCU00385149.jpg,data\yolo_dataset\labels\train\NCU00385149.txt
NCU00438234,train,False,27,data\yolo_dataset\images\train\NCU00438234.jpg,data\yolo_dataset\labels\train\NCU00438234.txt
NCU00227517,train,False,23,data\yolo_dataset\images\train\NCU00227517.jpg,data\yolo_dataset\labels\train\NCU00227517.txt
NCU00377800,train,False,3,data\yolo_dataset\images\train\NCU00377800.jpg,data\yolo_dataset\labels\train\NCU00377800.txt
NCU00385190,train,False,9,data\yolo_dataset\images\train\NCU00385190.jpg,data\yolo_dataset\labels\train\NCU00385190.txt
NCU00438236,train,False,32,data\yolo_dataset\images\train\NCU00438236.jpg,data\yolo_dataset\labels\train\NCU00438236.txt
NCU00377930,train,False,19,data\yolo_dataset\images\train\NCU00377930.jpg,data\yolo_dataset\labels\train\NCU00377930.txt
NCU00384965,train,False,1,data\yolo_dataset\images\train\NCU00384965.jpg,data\yolo_dataset\labels\train\NCU00384965.txt
NCU00457404,train,False,12,data\yolo_dataset\images\train\NCU00457404.jpg,data\yolo_dataset\labels\train\NCU00457404.txt
NCU00445859,train,False,27,data\yolo_dataset\images\train\NCU00445859.jpg,data\yolo_dataset\labels\train\NCU00445859.txt
NCU00385177,train,False,2,data\yolo_dataset\images\train\NCU00385177.jpg,data\yolo_dataset\labels\train\NCU00385177.txt
NCU00377917,train,False,6,data\yolo_dataset\images\train\NCU00377917.jpg,data\yolo_dataset\labels\train\NCU00377917.txt
NCU00385163,train,False,11,data\yolo_dataset\images\train\NCU00385163.jpg,data\yolo_dataset\labels\train\NCU00385163.txt
NCU00385159,train,False,2,data\yolo_dataset\images\train\NCU00385159.jpg,data\yolo_dataset\labels\train\NCU00385159.txt
NCU00438216,train,False,15,data\yolo_dataset\images\train\NCU00438216.jpg,data\yolo_dataset\labels\train\NCU00438216.txt
NCU00385189,train,False,13,data\yolo_dataset\images\train\NCU00385189.jpg,data\yolo_dataset\labels\train\NCU00385189.txt
NCU00384963,train,False,2,data\yolo_dataset\images\train\NCU00384963.jpg,data\yolo_dataset\labels\train\NCU00384963.txt
NCU00451271,train,False,13,data\yolo_dataset\images\train\NCU00451271.jpg,data\yolo_dataset\labels\train\NCU00451271.txt
NCU00385151,train,False,2,data\yolo_dataset\images\train\NCU00385151.jpg,data\yolo_dataset\labels\train\NCU00385151.txt
NCU00385192,train,False,17,data\yolo_dataset\images\train\NCU00385192.jpg,data\yolo_dataset\labels\train\NCU00385192.txt
NCU00385146,train,False,10,data\yolo_dataset\images\train\NCU00385146.jpg,data\yolo_dataset\labels\train\NCU00385146.txt
NCU00385152,train,False,21,data\yolo_dataset\images\train\NCU00385152.jpg,data\yolo_dataset\labels\train\NCU00385152.txt
NCU00377785,train,False,37,data\yolo_dataset\images\train\NCU00377785.jpg,data\yolo_dataset\labels\train\NCU00377785.txt
NCU00377768,train,False,22,data\yolo_dataset\images\train\NCU00377768.jpg,data\yolo_dataset\labels\train\NCU00377768.txt
NCU00097021,train,False,2,data\yolo_dataset\images\train\NCU00097021.jpg,data\yolo_dataset\labels\train\NCU00097021.txt
NCU00385155,train,False,2,data\yolo_dataset\images\train\NCU00385155.jpg,data\yolo_dataset\labels\train\NCU00385155.txt
NCU00385147,train,False,2,data\yolo_dataset\images\train\NCU00385147.jpg,data\yolo_dataset\labels\train\NCU00385147.txt
NCU00385198,train,False,2,data\yolo_dataset\images\train\NCU00385198.jpg,data\yolo_dataset\labels\train\NCU00385198.txt
NCU00143995,train,False,20,data\yolo_dataset\images\train\NCU00143995.jpg,data\yolo_dataset\labels\train\NCU00143995.txt
NCU00438244,train,False,14,data\yolo_dataset\images\train\NCU00438244.jpg,data\yolo_dataset\labels\train\NCU00438244.txt
NCU00097020,train,False,20,data\yolo_dataset\images\train\NCU00097020.jpg,data\yolo_dataset\labels\train\NCU00097020.txt
NCU00438218,train,False,14,data\yolo_dataset\images\train\NCU00438218.jpg,data\yolo_dataset\labels\train\NCU00438218.txt
NCU00377925,train,False,8,data\yolo_dataset\images\train\NCU00377925.jpg,data\yolo_dataset\labels\train\NCU00377925.txt
NCU00227518,train,False,14,data\yolo_dataset\images\train\NCU00227518.jpg,data\yolo_dataset\labels\train\NCU00227518.txt
NCU00438248,train,False,13,data\yolo_dataset\images\train\NCU00438248.jpg,data\yolo_dataset\labels\train\NCU00438248.txt
NCU00377782,train,False,17,data\yolo_dataset\images\train\NCU00377782.jpg,data\yolo_dataset\labels\train\NCU00377782.txt
NCU00385182,train,False,1,data\yolo_dataset\images\train\NCU00385182.jpg,data\yolo_dataset\labels\train\NCU00385182.txt
NCU00006859,train,False,2,data\yolo_dataset\images\train\NCU00006859.jpg,data\yolo_dataset\labels\train\NCU00006859.txt
NCU00143989,train,False,10,data\yolo_dataset\images\train\NCU00143989.jpg,data\yolo_dataset\labels\train\NCU00143989.txt
NCU00377767,train,False,21,data\yolo_dataset\images\train\NCU00377767.jpg,data\yolo_dataset\labels\train\NCU00377767.txt
NCU00377783,train,False,3,data\yolo_dataset\images\train\NCU00377783.jpg,data\yolo_dataset\labels\train\NCU00377783.txt
NCU00385199,train,False,2,data\yolo_dataset\images\train\NCU00385199.jpg,data\yolo_dataset\labels\train\NCU00385199.txt
NCU00438253,train,False,33,data\yolo_dataset\images\train\NCU00438253.jpg,data\yolo_dataset\labels\train\NCU00438253.txt
NCU00377920,train,False,14,data\yolo_dataset\images\train\NCU00377920.jpg,data\yolo_dataset\labels\train\NCU00377920.txt
NCU00377927,train,False,17,data\yolo_dataset\images\train\NCU00377927.jpg,data\yolo_dataset\labels\train\NCU00377927.txt
NCU00385180,train,False,13,data\yolo_dataset\images\train\NCU00385180.jpg,data\yolo_dataset\labels\train\NCU00385180.txt
NCU00384964,train,False,2,data\yolo_dataset\images\train\NCU00384964.jpg,data\yolo_dataset\labels\train\NCU00384964.txt
NCU00384960,train,False,2,data\yolo_dataset\images\train\NCU00384960.jpg,data\yolo_dataset\labels\train\NCU00384960.txt
NCU00451272,train,False,15,data\yolo_dataset\images\train\NCU00451272.jpg,data\yolo_dataset\labels\train\NCU00451272.txt
NCU00385167,train,False,1,data\yolo_dataset\images\train\NCU00385167.jpg,data\yolo_dataset\labels\train\NCU00385167.txt
NCU00445952,train,False,21,data\yolo_dataset\images\train\NCU00445952.jpg,data\yolo_dataset\labels\train\NCU00445952.txt
NCU00377775,train,False,3,data\yolo_dataset\images\train\NCU00377775.jpg,data\yolo_dataset\labels\train\NCU00377775.txt
NCU00256114,train,False,17,data\yolo_dataset\images\train\NCU00256114.jpg,data\yolo_dataset\labels\train\NCU00256114.txt
NCU00377801,train,False,18,data\yolo_dataset\images\train\NCU00377801.jpg,data\yolo_dataset\labels\train\NCU00377801.txt
NCU00385174,train,False,10,data\yolo_dataset\images\train\NCU00385174.jpg,data\yolo_dataset\labels\train\NCU00385174.txt
NCU00383908,train,False,34,data\yolo_dataset\images\train\NCU00383908.jpg,data\yolo_dataset\labels\train\NCU00383908.txt
NCU00372529,train,False,15,data\yolo_dataset\images\train\NCU00372529.jpg,data\yolo_dataset\labels\train\NCU00372529.txt
NCU00385175,train,False,13,data\yolo_dataset\images\train\NCU00385175.jpg,data\yolo_dataset\labels\train\NCU00385175.txt
NCU00385157,train,False,2,data\yolo_dataset\images\train\NCU00385157.jpg,data\yolo_dataset\labels\train\NCU00385157.txt
NCU00385196,train,False,17,data\yolo_dataset\images\train\NCU00385196.jpg,data\yolo_dataset\labels\train\NCU00385196.txt
NCU00377796,train,False,32,data\yolo_dataset\images\train\NCU00377796.jpg,data\yolo_dataset\labels\train\NCU00377796.txt
NCU00385161,train,False,9,data\yolo_dataset\images\train\NCU00385161.jpg,data\yolo_dataset\labels\train\NCU00385161.txt
NCU00006853,train,False,20,data\yolo_dataset\images\train\NCU00006853.jpg,data\yolo_dataset\labels\train\NCU00006853.txt
NCU00438222,train,False,14,data\yolo_dataset\images\train\NCU00438222.jpg,data\yolo_dataset\labels\train\NCU00438222.txt
NCU00377784,train,False,3,data\yolo_dataset\images\train\NCU00377784.jpg,data\yolo_dataset\labels\train\NCU00377784.txt
NCU00377915,train,False,28,data\yolo_dataset\images\train\NCU00377915.jpg,data\yolo_dataset\labels\train\NCU00377915.txt
NCU00438221,train,False,19,data\yolo_dataset\images\train\NCU00438221.jpg,data\yolo_dataset\labels\train\NCU00438221.txt
NCU00385193,train,False,16,data\yolo_dataset\images\train\NCU00385193.jpg,data\yolo_dataset\labels\train\NCU00385193.txt
NCU00063300,train,False,3,data\yolo_dataset\images\train\NCU00063300.jpg,data\yolo_dataset\labels\train\NCU00063300.txt
NCU00377781,train,False,36,data\yolo_dataset\images\train\NCU00377781.jpg,data\yolo_dataset\labels\train\NCU00377781.txt
NCU00377921,train,False,13,data\yolo_dataset\images\train\NCU00377921.jpg,data\yolo_dataset\labels\train\NCU00377921.txt
NCU00063298,train,False,34,data\yolo_dataset\images\train\NCU00063298.jpg,data\yolo_dataset\labels\train\NCU00063298.txt
NCU00438247,train,False,20,data\yolo_dataset\images\train\NCU00438247.jpg,data\yolo_dataset\labels\train\NCU00438247.txt
NCU00097019,train,False,2,data\yolo_dataset\images\train\NCU00097019.jpg,data\yolo_dataset\labels\train\NCU00097019.txt
NCU00385156,train,False,20,data\yolo_dataset\images\train\NCU00385156.jpg,data\yolo_dataset\labels\train\NCU00385156.txt
HXC005766,train,False,1,data\yolo_dataset\images\train\HXC005766.jpg,data\yolo_dataset\labels\train\HXC005766.txt
HXC006286,train,False,1,data\yolo_dataset\images\train\HXC006286.jpg,data\yolo_dataset\labels\train\HXC006286.txt
HXC006589,train,False,0,data\yolo_dataset\images\train\HXC006589.jpg,data\yolo_dataset\labels\train\HXC006589.txt
HXC006350,train,False,2,data\yolo_dataset\images\train\HXC006350.jpg,data\yolo_dataset\labels\train\HXC006350.txt
HXC001260,train,False,19,data\yolo_dataset\images\train\HXC001260.jpg,data\yolo_dataset\labels\train\HXC001260.txt
SALK0000534,train,False,20,data\yolo_dataset\images\train\SALK0000534.jpg,data\yolo_dataset\labels\train\SALK0000534.txt
SALK0000535,train,False,14,data\yolo_dataset\images\train\SALK0000535.jpg,data\yolo_dataset\labels\train\SALK0000535.txt
SALK0001014,train,False,28,data\yolo_dataset\images\train\SALK0001014.jpg,data\yolo_dataset\labels\train\SALK0001014.txt
SALK0001055,train,False,32,data\yolo_dataset\images\train\SALK0001055.jpg,data\yolo_dataset\labels\train\SALK0001055.txt
BRIT01032,train,False,3,data\yolo_dataset\images\train\BRIT01032.jpg,data\yolo_dataset\labels\train\BRIT01032.txt
BRIT01034,train,False,2,data\yolo_dataset\images\train\BRIT01034.jpg,data\yolo_dataset\labels\train\BRIT01034.txt
BRIT914157,train,False,12,data\yolo_dataset\images\train\BRIT914157.jpg,data\yolo_dataset\labels\train\BRIT914157.txt
BRIT442814,train,False,10,data\yolo_dataset\images\train\BRIT442814.jpg,data\yolo_dataset\labels\train\BRIT442814.txt
BRIT331660,train,False,2,data\yolo_dataset\images\train\BRIT331660.jpg,data\yolo_dataset\labels\train\BRIT331660.txt
BRIT559541,train,False,13,data\yolo_dataset\images\train\BRIT559541.jpg,data\yolo_dataset\labels\train\BRIT559541.txt
BRIT01033,train,False,2,data\yolo_dataset\images\train\BRIT01033.jpg,data\yolo_dataset\labels\train\BRIT01033.txt
BRIT418355,train,False,2,data\yolo_dataset\images\train\BRIT418355.jpg,data\yolo_dataset\labels\train\BRIT418355.txt
BRIT1142029,train,False,2,data\yolo_dataset\images\train\BRIT1142029.jpg,data\yolo_dataset\labels\train\BRIT1142029.txt
BRIT559543,train,False,21,data\yolo_dataset\images\train\BRIT559543.jpg,data\yolo_dataset\labels\train\BRIT559543.txt
UNCC_51762,train,False,1,data\yolo_dataset\images\train\UNCC_51762.jpg,data\yolo_dataset\labels\train\UNCC_51762.txt
UNCC_49308,train,False,2,data\yolo_dataset\images\train\UNCC_49308.jpg,data\yolo_dataset\labels\train\UNCC_49308.txt
UNCC_42070,train,False,2,data\yolo_dataset\images\train\UNCC_42070.jpg,data\yolo_dataset\labels\train\UNCC_42070.txt
UNCC_51735,train,False,1,data\yolo_dataset\images\train\UNCC_51735.jpg,data\yolo_dataset\labels\train\UNCC_51735.txt
UNCC_51806,train,False,1,data\yolo_dataset\images\train\UNCC_51806.jpg,data\yolo_dataset\labels\train\UNCC_51806.txt
ANHC009976,train,False,2,data\yolo_dataset\images\train\ANHC009976.jpg,data\yolo_dataset\labels\train\ANHC009976.txt
ANHC001159,train,False,2,data\yolo_dataset\images\train\ANHC001159.jpg,data\yolo_dataset\labels\train\ANHC001159.txt
ANHC010906,train,False,2,data\yolo_dataset\images\train\ANHC010906.jpg,data\yolo_dataset\labels\train\ANHC010906.txt
ANHC001158,train,False,2,data\yolo_dataset\images\train\ANHC001158.jpg,data\yolo_dataset\labels\train\ANHC001158.txt
ANHC018788,train,False,2,data\yolo_dataset\images\train\ANHC018788.jpg,data\yolo_dataset\labels\train\ANHC018788.txt
ANHC009977,train,False,2,data\yolo_dataset\images\train\ANHC009977.jpg,data\yolo_dataset\labels\train\ANHC009977.txt
ANHC001156,train,False,2,data\yolo_dataset\images\train\ANHC001156.jpg,data\yolo_dataset\labels\train\ANHC001156.txt
ANHC018923,train,False,14,data\yolo_dataset\images\train\ANHC018923.jpg,data\yolo_dataset\labels\train\ANHC018923.txt
USCH0012965,train,False,21,data\yolo_dataset\images\train\USCH0012965.jpg,data\yolo_dataset\labels\train\USCH0012965.txt
USCH0080288,train,False,11,data\yolo_dataset\images\train\USCH0080288.jpg,data\yolo_dataset\labels\train\USCH0080288.txt
USCH0100060,train,False,2,data\yolo_dataset\images\train\USCH0100060.jpg,data\yolo_dataset\labels\train\USCH0100060.txt
USCH0100179,train,False,1,data\yolo_dataset\images\train\USCH0100179.jpg,data\yolo_dataset\labels\train\USCH0100179.txt
USCH0012972,train,False,5,data\yolo_dataset\images\train\USCH0012972.jpg,data\yolo_dataset\labels\train\USCH0012972.txt
USCH0013217,train,False,10,data\yolo_dataset\images\train\USCH0013217.jpg,data\yolo_dataset\labels\train\USCH0013217.txt
USCH0012947,train,False,2,data\yolo_dataset\images\train\USCH0012947.jpg,data\yolo_dataset\labels\train\USCH0012947.txt
USCH0012951,train,False,20,data\yolo_dataset\images\train\USCH0012951.jpg,data\yolo_dataset\labels\train\USCH0012951.txt
USCH0012950,train,False,23,data\yolo_dataset\images\train\USCH0012950.jpg,data\yolo_dataset\labels\train\USCH0012950.txt
USCH0013211,train,False,16,data\yolo_dataset\images\train\USCH0013211.jpg,data\yolo_dataset\labels\train\USCH0013211.txt
USCH0100064,train,False,2,data\yolo_dataset\images\train\USCH0100064.jpg,data\yolo_dataset\labels\train\USCH0100064.txt
USCH0012907,train,False,4,data\yolo_dataset\images\train\USCH0012907.jpg,data\yolo_dataset\labels\train\USCH0012907.txt
USCH0013130,train,False,1,data\yolo_dataset\images\train\USCH0013130.jpg,data\yolo_dataset\labels\train\USCH0013130.txt
USCH0013032,train,False,2,data\yolo_dataset\images\train\USCH0013032.jpg,data\yolo_dataset\labels\train\USCH0013032.txt
USCH0013207,train,False,26,data\yolo_dataset\images\train\USCH0013207.jpg,data\yolo_dataset\labels\train\USCH0013207.txt
USCH0012944_1,train,False,2,data\yolo_dataset\images\train\USCH0012944_1.jpg,data\yolo_dataset\labels\train\USCH0012944_1.txt
USCH0012963,train,False,4,data\yolo_dataset\images\train\USCH0012963.jpg,data\yolo_dataset\labels\train\USCH0012963.txt
USCH0013033,train,False,2,data\yolo_dataset\images\train\USCH0013033.jpg,data\yolo_dataset\labels\train\USCH0013033.txt
USCH0012958,train,False,2,data\yolo_dataset\images\train\USCH0012958.jpg,data\yolo_dataset\labels\train\USCH0012958.txt
USCH0012964,train,False,5,data\yolo_dataset\images\train\USCH0012964.jpg,data\yolo_dataset\labels\train\USCH0012964.txt
USCH0102810,train,False,1,data\yolo_dataset\images\train\USCH0102810.jpg,data\yolo_dataset\labels\train\USCH0102810.txt
USCH0012895,train,False,3,data\yolo_dataset\images\train\USCH0012895.jpg,data\yolo_dataset\labels\train\USCH0012895.txt
USCH0012929,train,False,2,data\yolo_dataset\images\train\USCH0012929.jpg,data\yolo_dataset\labels\train\USCH0012929.txt
USCH0012946,train,False,2,data\yolo_dataset\images\train\USCH0012946.jpg,data\yolo_dataset\labels\train\USCH0012946.txt
USCH0012961,train,False,6,data\yolo_dataset\images\train\USCH0012961.jpg,data\yolo_dataset\labels\train\USCH0012961.txt
USCH0012930,train,False,2,data\yolo_dataset\images\train\USCH0012930.jpg,data\yolo_dataset\labels\train\USCH0012930.txt
USCH0040850,train,False,2,data\yolo_dataset\images\train\USCH0040850.jpg,data\yolo_dataset\labels\train\USCH0040850.txt
USCH0012909,train,False,25,data\yolo_dataset\images\train\USCH0012909.jpg,data\yolo_dataset\labels\train\USCH0012909.txt
USCH0012892,train,False,2,data\yolo_dataset\images\train\USCH0012892.jpg,data\yolo_dataset\labels\train\USCH0012892.txt
USCH0076368,train,False,10,data\yolo_dataset\images\train\USCH0076368.jpg,data\yolo_dataset\labels\train\USCH0076368.txt
USCH0013131,train,False,2,data\yolo_dataset\images\train\USCH0013131.jpg,data\yolo_dataset\labels\train\USCH0013131.txt
USCH0012931,train,False,2,data\yolo_dataset\images\train\USCH0012931.jpg,data\yolo_dataset\labels\train\USCH0012931.txt
USCH0013209,train,False,2,data\yolo_dataset\images\train\USCH0013209.jpg,data\yolo_dataset\labels\train\USCH0013209.txt
USCH0013210,train,False,2,data\yolo_dataset\images\train\USCH0013210.jpg,data\yolo_dataset\labels\train\USCH0013210.txt
USCH0012953,train,False,2,data\yolo_dataset\images\train\USCH0012953.jpg,data\yolo_dataset\labels\train\USCH0012953.txt
USCH0012967,train,False,2,data\yolo_dataset\images\train\USCH0012967.jpg,data\yolo_dataset\labels\train\USCH0012967.txt
USCH0013148,train,False,2,data\yolo_dataset\images\train\USCH0013148.jpg,data\yolo_dataset\labels\train\USCH0013148.txt
280307,train,False,19,data\yolo_dataset\images\train\280307.jpg,data\yolo_dataset\labels\train\280307.txt
204382,train,False,14,data\yolo_dataset\images\train\204382.jpg,data\yolo_dataset\labels\train\204382.txt
MARY1052500,train,False,2,data\yolo_dataset\images\train\MARY1052500.jpg,data\yolo_dataset\labels\train\MARY1052500.txt
MARY1005221,train,False,18,data\yolo_dataset\images\train\MARY1005221.jpg,data\yolo_dataset\labels\train\MARY1005221.txt
MARY1052506,train,False,2,data\yolo_dataset\images\train\MARY1052506.jpg,data\yolo_dataset\labels\train\MARY1052506.txt
MARY1013847,train,False,5,data\yolo_dataset\images\train\MARY1013847.jpg,data\yolo_dataset\labels\train\MARY1013847.txt
MARY1052499,train,False,2,data\yolo_dataset\images\train\MARY1052499.jpg,data\yolo_dataset\labels\train\MARY1052499.txt
MARY1052501,train,False,2,data\yolo_dataset\images\train\MARY1052501.jpg,data\yolo_dataset\labels\train\MARY1052501.txt
MARY1052503,train,False,2,data\yolo_dataset\images\train\MARY1052503.jpg,data\yolo_dataset\labels\train\MARY1052503.txt
MARY1052409,train,False,6,data\yolo_dataset\images\train\MARY1052409.jpg,data\yolo_dataset\labels\train\MARY1052409.txt
MARY1017200,train,False,21,data\yolo_dataset\images\train\MARY1017200.jpg,data\yolo_dataset\labels\train\MARY1017200.txt
74648,train,False,18,data\yolo_dataset\images\train\74648.jpg,data\yolo_dataset\labels\train\74648.txt
82182,train,False,23,data\yolo_dataset\images\train\82182.jpg,data\yolo_dataset\labels\train\82182.txt
80073,train,False,30,data\yolo_dataset\images\train\80073.jpg,data\yolo_dataset\labels\train\80073.txt
72300,train,False,15,data\yolo_dataset\images\train\72300.jpg,data\yolo_dataset\labels\train\72300.txt
80045,train,False,18,data\yolo_dataset\images\train\80045.jpg,data\yolo_dataset\labels\train\80045.txt
70494,train,False,23,data\yolo_dataset\images\train\70494.jpg,data\yolo_dataset\labels\train\70494.txt
79159,train,False,17,data\yolo_dataset\images\train\79159.jpg,data\yolo_dataset\labels\train\79159.txt
71894,train,False,23,data\yolo_dataset\images\train\71894.jpg,data\yolo_dataset\labels\train\71894.txt
74427,train,False,20,data\yolo_dataset\images\train\74427.jpg,data\yolo_dataset\labels\train\74427.txt
82170,train,False,39,data\yolo_dataset\images\train\82170.jpg,data\yolo_dataset\labels\train\82170.txt
79093,train,False,23,data\yolo_dataset\images\train\79093.jpg,data\yolo_dataset\labels\train\79093.txt
80462,train,False,12,data\yolo_dataset\images\train\80462.jpg,data\yolo_dataset\labels\train\80462.txt
78182,train,False,18,data\yolo_dataset\images\train\78182.jpg,data\yolo_dataset\labels\train\78182.txt
80102,train,False,9,data\yolo_dataset\images\train\80102.jpg,data\yolo_dataset\labels\train\80102.txt
83560,train,False,11,data\yolo_dataset\images\train\83560.jpg,data\yolo_dataset\labels\train\83560.txt
60020,train,False,14,data\yolo_dataset\images\train\60020.jpg,data\yolo_dataset\labels\train\60020.txt
75999,train,False,22,data\yolo_dataset\images\train\75999.jpg,data\yolo_dataset\labels\train\75999.txt
59358,train,False,16,data\yolo_dataset\images\train\59358.jpg,data\yolo_dataset\labels\train\59358.txt
79479,train,False,20,data\yolo_dataset\images\train\79479.jpg,data\yolo_dataset\labels\train\79479.txt
80078,train,False,13,data\yolo_dataset\images\train\80078.jpg,data\yolo_dataset\labels\train\80078.txt
69633,train,False,12,data\yolo_dataset\images\train\69633.jpg,data\yolo_dataset\labels\train\69633.txt
75951,train,False,17,data\yolo_dataset\images\train\75951.jpg,data\yolo_dataset\labels\train\75951.txt
75943,train,False,21,data\yolo_dataset\images\train\75943.jpg,data\yolo_dataset\labels\train\75943.txt
70605,train,False,12,data\yolo_dataset\images\train\70605.jpg,data\yolo_dataset\labels\train\70605.txt
DOV0006719,train,False,1,data\yolo_dataset\images\train\DOV0006719.jpg,data\yolo_dataset\labels\train\DOV0006719.txt
DOV0006729,train,False,1,data\yolo_dataset\images\train\DOV0006729.jpg,data\yolo_dataset\labels\train\DOV0006729.txt
DOV0006743,train,False,1,data\yolo_dataset\images\train\DOV0006743.jpg,data\yolo_dataset\labels\train\DOV0006743.txt
DOV0006751,train,False,2,data\yolo_dataset\images\train\DOV0006751.jpg,data\yolo_dataset\labels\train\DOV0006751.txt
DOV0007943,train,False,2,data\yolo_dataset\images\train\DOV0007943.jpg,data\yolo_dataset\labels\train\DOV0007943.txt
DOV0006746,train,False,2,data\yolo_dataset\images\train\DOV0006746.jpg,data\yolo_dataset\labels\train\DOV0006746.txt
DOV0006715,train,False,1,data\yolo_dataset\images\train\DOV0006715.jpg,data\yolo_dataset\labels\train\DOV0006715.txt
DOV0065283,train,False,1,data\yolo_dataset\images\train\DOV0065283.jpg,data\yolo_dataset\labels\train\DOV0065283.txt
DOV0006744,train,False,1,data\yolo_dataset\images\train\DOV0006744.jpg,data\yolo_dataset\labels\train\DOV0006744.txt
DOV0006716,train,False,2,data\yolo_dataset\images\train\DOV0006716.jpg,data\yolo_dataset\labels\train\DOV0006716.txt
DOV0006739,train,False,2,data\yolo_dataset\images\train\DOV0006739.jpg,data\yolo_dataset\labels\train\DOV0006739.txt
DOV0006731,train,False,2,data\yolo_dataset\images\train\DOV0006731.jpg,data\yolo_dataset\labels\train\DOV0006731.txt
DOV0006740,train,False,2,data\yolo_dataset\images\train\DOV0006740.jpg,data\yolo_dataset\labels\train\DOV0006740.txt
DOV0006711,train,False,1,data\yolo_dataset\images\train\DOV0006711.jpg,data\yolo_dataset\labels\train\DOV0006711.txt
DOV0006724,train,False,1,data\yolo_dataset\images\train\DOV0006724.jpg,data\yolo_dataset\labels\train\DOV0006724.txt
DOV0006742,train,False,2,data\yolo_dataset\images\train\DOV0006742.jpg,data\yolo_dataset\labels\train\DOV0006742.txt
DOV0006713,train,False,2,data\yolo_dataset\images\train\DOV0006713.jpg,data\yolo_dataset\labels\train\DOV0006713.txt
DOV0006732,train,False,1,data\yolo_dataset\images\train\DOV0006732.jpg,data\yolo_dataset\labels\train\DOV0006732.txt
DOV0006706,train,False,2,data\yolo_dataset\images\train\DOV0006706.jpg,data\yolo_dataset\labels\train\DOV0006706.txt
DOV0006752,train,False,1,data\yolo_dataset\images\train\DOV0006752.jpg,data\yolo_dataset\labels\train\DOV0006752.txt
DOV0007950,train,False,2,data\yolo_dataset\images\train\DOV0007950.jpg,data\yolo_dataset\labels\train\DOV0007950.txt
DOV0006722,train,False,1,data\yolo_dataset\images\train\DOV0006722.jpg,data\yolo_dataset\labels\train\DOV0006722.txt
DOV0006723,train,False,1,data\yolo_dataset\images\train\DOV0006723.jpg,data\yolo_dataset\labels\train\DOV0006723.txt
DOV0006721,train,False,1,data\yolo_dataset\images\train\DOV0006721.jpg,data\yolo_dataset\labels\train\DOV0006721.txt
DOV0006735,train,False,1,data\yolo_dataset\images\train\DOV0006735.jpg,data\yolo_dataset\labels\train\DOV0006735.txt
DOV0065425,train,False,2,data\yolo_dataset\images\train\DOV0065425.jpg,data\yolo_dataset\labels\train\DOV0065425.txt
DOV0006753,train,False,2,data\yolo_dataset\images\train\DOV0006753.jpg,data\yolo_dataset\labels\train\DOV0006753.txt
DOV0006737,train,False,2,data\yolo_dataset\images\train\DOV0006737.jpg,data\yolo_dataset\labels\train\DOV0006737.txt
DOV0006754,train,False,1,data\yolo_dataset\images\train\DOV0006754.jpg,data\yolo_dataset\labels\train\DOV0006754.txt
DOV0065282,train,False,1,data\yolo_dataset\images\train\DOV0065282.jpg,data\yolo_dataset\labels\train\DOV0065282.txt
DOV0006699,train,False,1,data\yolo_dataset\images\train\DOV0006699.jpg,data\yolo_dataset\labels\train\DOV0006699.txt
DOV0006717,train,False,2,data\yolo_dataset\images\train\DOV0006717.jpg,data\yolo_dataset\labels\train\DOV0006717.txt
DOV0006707,train,False,2,data\yolo_dataset\images\train\DOV0006707.jpg,data\yolo_dataset\labels\train\DOV0006707.txt
DOV0006725,train,False,2,data\yolo_dataset\images\train\DOV0006725.jpg,data\yolo_dataset\labels\train\DOV0006725.txt
DOV0006738,train,False,2,data\yolo_dataset\images\train\DOV0006738.jpg,data\yolo_dataset\labels\train\DOV0006738.txt
DOV0006703,train,False,2,data\yolo_dataset\images\train\DOV0006703.jpg,data\yolo_dataset\labels\train\DOV0006703.txt
DOV0006726,train,False,1,data\yolo_dataset\images\train\DOV0006726.jpg,data\yolo_dataset\labels\train\DOV0006726.txt
DOV0006741,train,False,1,data\yolo_dataset\images\train\DOV0006741.jpg,data\yolo_dataset\labels\train\DOV0006741.txt
DOV0006736,train,False,2,data\yolo_dataset\images\train\DOV0006736.jpg,data\yolo_dataset\labels\train\DOV0006736.txt
DOV0006733,train,False,2,data\yolo_dataset\images\train\DOV0006733.jpg,data\yolo_dataset\labels\train\DOV0006733.txt
DOV0006709,train,False,2,data\yolo_dataset\images\train\DOV0006709.jpg,data\yolo_dataset\labels\train\DOV0006709.txt
DOV0007944,train,False,1,data\yolo_dataset\images\train\DOV0007944.jpg,data\yolo_dataset\labels\train\DOV0007944.txt
DOV0065422,train,False,2,data\yolo_dataset\images\train\DOV0065422.jpg,data\yolo_dataset\labels\train\DOV0065422.txt
DOV0065420,train,False,2,data\yolo_dataset\images\train\DOV0065420.jpg,data\yolo_dataset\labels\train\DOV0065420.txt
DOV0006749,train,False,1,data\yolo_dataset\images\train\DOV0006749.jpg,data\yolo_dataset\labels\train\DOV0006749.txt
DOV0006756,train,False,2,data\yolo_dataset\images\train\DOV0006756.jpg,data\yolo_dataset\labels\train\DOV0006756.txt
DOV0007949,train,False,2,data\yolo_dataset\images\train\DOV0007949.jpg,data\yolo_dataset\labels\train\DOV0007949.txt
DOV0006710,train,False,1,data\yolo_dataset\images\train\DOV0006710.jpg,data\yolo_dataset\labels\train\DOV0006710.txt
MISS0069162,train,False,28,data\yolo_dataset\images\train\MISS0069162.jpg,data\yolo_dataset\labels\train\MISS0069162.txt
MISS0069049,train,False,22,data\yolo_dataset\images\train\MISS0069049.jpg,data\yolo_dataset\labels\train\MISS0069049.txt
MISS0069036,train,False,9,data\yolo_dataset\images\train\MISS0069036.jpg,data\yolo_dataset\labels\train\MISS0069036.txt
MISS0069001,train,False,16,data\yolo_dataset\images\train\MISS0069001.jpg,data\yolo_dataset\labels\train\MISS0069001.txt
MISS0069002,train,False,15,data\yolo_dataset\images\train\MISS0069002.jpg,data\yolo_dataset\labels\train\MISS0069002.txt
MISS0069165,train,False,20,data\yolo_dataset\images\train\MISS0069165.jpg,data\yolo_dataset\labels\train\MISS0069165.txt
MISS0069164,train,False,17,data\yolo_dataset\images\train\MISS0069164.jpg,data\yolo_dataset\labels\train\MISS0069164.txt
MISS0072753,train,False,30,data\yolo_dataset\images\train\MISS0072753.jpg,data\yolo_dataset\labels\train\MISS0072753.txt
MISS0069035,train,False,16,data\yolo_dataset\images\train\MISS0069035.jpg,data\yolo_dataset\labels\train\MISS0069035.txt
MISS0069037,train,False,24,data\yolo_dataset\images\train\MISS0069037.jpg,data\yolo_dataset\labels\train\MISS0069037.txt
637119,train,False,9,data\yolo_dataset\images\train\637119.jpg,data\yolo_dataset\labels\train\637119.txt
637093,train,False,9,data\yolo_dataset\images\train\637093.jpg,data\yolo_dataset\labels\train\637093.txt
637123,train,False,11,data\yolo_dataset\images\train\637123.jpg,data\yolo_dataset\labels\train\637123.txt
637113,train,False,17,data\yolo_dataset\images\train\637113.jpg,data\yolo_dataset\labels\train\637113.txt
637104,train,False,13,data\yolo_dataset\images\train\637104.jpg,data\yolo_dataset\labels\train\637104.txt
319861,train,False,8,data\yolo_dataset\images\train\319861.jpg,data\yolo_dataset\labels\train\319861.txt
637120,train,False,12,data\yolo_dataset\images\train\637120.jpg,data\yolo_dataset\labels\train\637120.txt
452710,train,False,9,data\yolo_dataset\images\train\452710.jpg,data\yolo_dataset\labels\train\452710.txt
637108,train,False,10,data\yolo_dataset\images\train\637108.jpg,data\yolo_dataset\labels\train\637108.txt
637086,train,False,7,data\yolo_dataset\images\train\637086.jpg,data\yolo_dataset\labels\train\637086.txt
637105,train,False,10,data\yolo_dataset\images\train\637105.jpg,data\yolo_dataset\labels\train\637105.txt
637094,train,False,9,data\yolo_dataset\images\train\637094.jpg,data\yolo_dataset\labels\train\637094.txt
637121,train,False,9,data\yolo_dataset\images\train\637121.jpg,data\yolo_dataset\labels\train\637121.txt
319862,train,False,11,data\yolo_dataset\images\train\319862.jpg,data\yolo_dataset\labels\train\319862.txt
319855,train,False,8,data\yolo_dataset\images\train\319855.jpg,data\yolo_dataset\labels\train\319855.txt
637107,train,False,17,data\yolo_dataset\images\train\637107.jpg,data\yolo_dataset\labels\train\637107.txt
637116,train,False,10,data\yolo_dataset\images\train\637116.jpg,data\yolo_dataset\labels\train\637116.txt
637102,train,False,9,data\yolo_dataset\images\train\637102.jpg,data\yolo_dataset\labels\train\637102.txt
637122,train,False,15,data\yolo_dataset\images\train\637122.jpg,data\yolo_dataset\labels\train\637122.txt
637103,train,False,7,data\yolo_dataset\images\train\637103.jpg,data\yolo_dataset\labels\train\637103.txt
637099,train,False,7,data\yolo_dataset\images\train\637099.jpg,data\yolo_dataset\labels\train\637099.txt
637092,train,False,7,data\yolo_dataset\images\train\637092.jpg,data\yolo_dataset\labels\train\637092.txt
637091,train,False,8,data\yolo_dataset\images\train\637091.jpg,data\yolo_dataset\labels\train\637091.txt
637090,train,False,8,data\yolo_dataset\images\train\637090.jpg,data\yolo_dataset\labels\train\637090.txt
637110,train,False,7,data\yolo_dataset\images\train\637110.jpg,data\yolo_dataset\labels\train\637110.txt
BRIT278733,train,False,22,data\yolo_dataset\images\train\BRIT278733.jpg,data\yolo_dataset\labels\train\BRIT278733.txt
BRIT693722,train,False,19,data\yolo_dataset\images\train\BRIT693722.jpg,data\yolo_dataset\labels\train\BRIT693722.txt
BRIT278734,train,False,22,data\yolo_dataset\images\train\BRIT278734.jpg,data\yolo_dataset\labels\train\BRIT278734.txt
BRIT693721,train,False,6,data\yolo_dataset\images\train\BRIT693721.jpg,data\yolo_dataset\labels\train\BRIT693721.txt
US_3455575,train,False,39,data\yolo_dataset\images\train\US_3455575.jpg,data\yolo_dataset\labels\train\US_3455575.txt
US_1275676,train,False,24,data\yolo_dataset\images\train\US_1275676.jpg,data\yolo_dataset\labels\train\US_1275676.txt
US_3189868,train,False,34,data\yolo_dataset\images\train\US_3189868.jpg,data\yolo_dataset\labels\train\US_3189868.txt
US_646837,train,False,17,data\yolo_dataset\images\train\US_646837.jpg,data\yolo_dataset\labels\train\US_646837.txt
US_3242011,train,False,35,data\yolo_dataset\images\train\US_3242011.jpg,data\yolo_dataset\labels\train\US_3242011.txt
US_1624782,train,False,46,data\yolo_dataset\images\train\US_1624782.jpg,data\yolo_dataset\labels\train\US_1624782.txt
US_355678,train,False,29,data\yolo_dataset\images\train\US_355678.jpg,data\yolo_dataset\labels\train\US_355678.txt
US_3337842,train,False,30,data\yolo_dataset\images\train\US_3337842.jpg,data\yolo_dataset\labels\train\US_3337842.txt
US_3633546,train,False,35,data\yolo_dataset\images\train\US_3633546.jpg,data\yolo_dataset\labels\train\US_3633546.txt
US_3633547,train,False,24,data\yolo_dataset\images\train\US_3633547.jpg,data\yolo_dataset\labels\train\US_3633547.txt
US_1927977,train,False,33,data\yolo_dataset\images\train\US_1927977.jpg,data\yolo_dataset\labels\train\US_1927977.txt
US_3609870,train,False,39,data\yolo_dataset\images\train\US_3609870.jpg,data\yolo_dataset\labels\train\US_3609870.txt
US_3612730,train,False,24,data\yolo_dataset\images\train\US_3612730.jpg,data\yolo_dataset\labels\train\US_3612730.txt
US_355662,train,False,27,data\yolo_dataset\images\train\US_355662.jpg,data\yolo_dataset\labels\train\US_355662.txt
US_49331,train,False,37,data\yolo_dataset\images\train\US_49331.jpg,data\yolo_dataset\labels\train\US_49331.txt
US_3028099,train,False,37,data\yolo_dataset\images\train\US_3028099.jpg,data\yolo_dataset\labels\train\US_3028099.txt
US_3633530,train,False,32,data\yolo_dataset\images\train\US_3633530.jpg,data\yolo_dataset\labels\train\US_3633530.txt
US_3406927,train,False,20,data\yolo_dataset\images\train\US_3406927.jpg,data\yolo_dataset\labels\train\US_3406927.txt
US_1928642,train,False,31,data\yolo_dataset\images\train\US_1928642.jpg,data\yolo_dataset\labels\train\US_1928642.txt
US_2005823,train,False,16,data\yolo_dataset\images\train\US_2005823.jpg,data\yolo_dataset\labels\train\US_2005823.txt
US_1567562,train,False,22,data\yolo_dataset\images\train\US_1567562.jpg,data\yolo_dataset\labels\train\US_1567562.txt
US_1811458,train,False,26,data\yolo_dataset\images\train\US_1811458.jpg,data\yolo_dataset\labels\train\US_1811458.txt
US_1731585,train,False,34,data\yolo_dataset\images\train\US_1731585.jpg,data\yolo_dataset\labels\train\US_1731585.txt
US_1928869,train,False,34,data\yolo_dataset\images\train\US_1928869.jpg,data\yolo_dataset\labels\train\US_1928869.txt
US_2386919,train,False,41,data\yolo_dataset\images\train\US_2386919.jpg,data\yolo_dataset\labels\train\US_2386919.txt
US_2588573,train,False,15,data\yolo_dataset\images\train\US_2588573.jpg,data\yolo_dataset\labels\train\US_2588573.txt
US_3759557,train,False,1,data\yolo_dataset\images\train\US_3759557.jpg,data\yolo_dataset\labels\train\US_3759557.txt
US_1104592,train,False,20,data\yolo_dataset\images\train\US_1104592.jpg,data\yolo_dataset\labels\train\US_1104592.txt
US_394664,train,False,35,data\yolo_dataset\images\train\US_394664.jpg,data\yolo_dataset\labels\train\US_394664.txt
US_2344268,train,False,11,data\yolo_dataset\images\train\US_2344268.jpg,data\yolo_dataset\labels\train\US_2344268.txt
US_3352870,train,False,54,data\yolo_dataset\images\train\US_3352870.jpg,data\yolo_dataset\labels\train\US_3352870.txt
US_3632703,train,False,24,data\yolo_dataset\images\train\US_3632703.jpg,data\yolo_dataset\labels\train\US_3632703.txt
US_49332,train,False,32,data\yolo_dataset\images\train\US_49332.jpg,data\yolo_dataset\labels\train\US_49332.txt
US_3633545,train,False,24,data\yolo_dataset\images\train\US_3633545.jpg,data\yolo_dataset\labels\train\US_3633545.txt
US_1403410,train,False,21,data\yolo_dataset\images\train\US_1403410.jpg,data\yolo_dataset\labels\train\US_1403410.txt
US_2588572,train,False,22,data\yolo_dataset\images\train\US_2588572.jpg,data\yolo_dataset\labels\train\US_2588572.txt
US_2420797,train,False,35,data\yolo_dataset\images\train\US_2420797.jpg,data\yolo_dataset\labels\train\US_2420797.txt
US_1767108,train,False,30,data\yolo_dataset\images\train\US_1767108.jpg,data\yolo_dataset\labels\train\US_1767108.txt
US_143217,train,False,38,data\yolo_dataset\images\train\US_143217.jpg,data\yolo_dataset\labels\train\US_143217.txt
US_2175693,train,False,32,data\yolo_dataset\images\train\US_2175693.jpg,data\yolo_dataset\labels\train\US_2175693.txt
US_3242010,train,False,42,data\yolo_dataset\images\train\US_3242010.jpg,data\yolo_dataset\labels\train\US_3242010.txt
UARK012537,train,False,1,data\yolo_dataset\images\train\UARK012537.jpg,data\yolo_dataset\labels\train\UARK012537.txt
UARK012488,train,False,1,data\yolo_dataset\images\train\UARK012488.jpg,data\yolo_dataset\labels\train\UARK012488.txt
UARK012519,train,False,1,data\yolo_dataset\images\train\UARK012519.jpg,data\yolo_dataset\labels\train\UARK012519.txt
UARK012550,train,False,2,data\yolo_dataset\images\train\UARK012550.jpg,data\yolo_dataset\labels\train\UARK012550.txt
UARK012541,train,False,0,data\yolo_dataset\images\train\UARK012541.jpg,data\yolo_dataset\labels\train\UARK012541.txt
UARK012546,train,False,1,data\yolo_dataset\images\train\UARK012546.jpg,data\yolo_dataset\labels\train\UARK012546.txt
UARK012487,train,False,2,data\yolo_dataset\images\train\UARK012487.jpg,data\yolo_dataset\labels\train\UARK012487.txt
UARK012520,train,False,1,data\yolo_dataset\images\train\UARK012520.jpg,data\yolo_dataset\labels\train\UARK012520.txt
UARK012563,train,False,1,data\yolo_dataset\images\train\UARK012563.jpg,data\yolo_dataset\labels\train\UARK012563.txt
UARK012547,train,False,0,data\yolo_dataset\images\train\UARK012547.jpg,data\yolo_dataset\labels\train\UARK012547.txt
UARK012529,train,False,1,data\yolo_dataset\images\train\UARK012529.jpg,data\yolo_dataset\labels\train\UARK012529.txt
UARK012545,train,False,1,data\yolo_dataset\images\train\UARK012545.jpg,data\yolo_dataset\labels\train\UARK012545.txt
UARK012538,train,False,1,data\yolo_dataset\images\train\UARK012538.jpg,data\yolo_dataset\labels\train\UARK012538.txt
UARK012555,train,False,1,data\yolo_dataset\images\train\UARK012555.jpg,data\yolo_dataset\labels\train\UARK012555.txt
UARK012548,train,False,22,data\yolo_dataset\images\train\UARK012548.jpg,data\yolo_dataset\labels\train\UARK012548.txt
UARK012514,train,False,2,data\yolo_dataset\images\train\UARK012514.jpg,data\yolo_dataset\labels\train\UARK012514.txt
UARK012570,train,False,1,data\yolo_dataset\images\train\UARK012570.jpg,data\yolo_dataset\labels\train\UARK012570.txt
UARK012549,train,False,1,data\yolo_dataset\images\train\UARK012549.jpg,data\yolo_dataset\labels\train\UARK012549.txt
UARK012556,train,False,1,data\yolo_dataset\images\train\UARK012556.jpg,data\yolo_dataset\labels\train\UARK012556.txt
UARK012552,train,False,0,data\yolo_dataset\images\train\UARK012552.jpg,data\yolo_dataset\labels\train\UARK012552.txt
UARK012494,train,False,2,data\yolo_dataset\images\train\UARK012494.jpg,data\yolo_dataset\labels\train\UARK012494.txt
UARK012509,train,False,24,data\yolo_dataset\images\train\UARK012509.jpg,data\yolo_dataset\labels\train\UARK012509.txt
UARK012523,train,False,2,data\yolo_dataset\images\train\UARK012523.jpg,data\yolo_dataset\labels\train\UARK012523.txt
UARK012558,train,False,1,data\yolo_dataset\images\train\UARK012558.jpg,data\yolo_dataset\labels\train\UARK012558.txt
UARK012535,train,False,1,data\yolo_dataset\images\train\UARK012535.jpg,data\yolo_dataset\labels\train\UARK012535.txt
UARK012543,train,False,1,data\yolo_dataset\images\train\UARK012543.jpg,data\yolo_dataset\labels\train\UARK012543.txt
UARK012536,train,False,1,data\yolo_dataset\images\train\UARK012536.jpg,data\yolo_dataset\labels\train\UARK012536.txt
UARK012525,train,False,2,data\yolo_dataset\images\train\UARK012525.jpg,data\yolo_dataset\labels\train\UARK012525.txt
2019-0006761,train,False,1,data\yolo_dataset\images\train\2019-0006761.jpg,data\yolo_dataset\labels\train\2019-0006761.txt
637080,train,False,13,data\yolo_dataset\images\train\637080.jpg,data\yolo_dataset\labels\train\637080.txt
637083,train,False,4,data\yolo_dataset\images\train\637083.jpg,data\yolo_dataset\labels\train\637083.txt
637082,train,False,7,data\yolo_dataset\images\train\637082.jpg,data\yolo_dataset\labels\train\637082.txt
637081,train,False,7,data\yolo_dataset\images\train\637081.jpg,data\yolo_dataset\labels\train\637081.txt
UNA00074063,train,False,3,data\yolo_dataset\images\train\UNA00074063.jpg,data\yolo_dataset\labels\train\UNA00074063.txt
UNA00066648,train,False,3,data\yolo_dataset\images\train\UNA00066648.jpg,data\yolo_dataset\labels\train\UNA00066648.txt
UNA00058675,train,False,21,data\yolo_dataset\images\train\UNA00058675.jpg,data\yolo_dataset\labels\train\UNA00058675.txt
UNA00066877,train,False,16,data\yolo_dataset\images\train\UNA00066877.jpg,data\yolo_dataset\labels\train\UNA00066877.txt
PH00249826,train,False,24,data\yolo_dataset\images\train\PH00249826.jpg,data\yolo_dataset\labels\train\PH00249826.txt
PH00249813,train,False,2,data\yolo_dataset\images\train\PH00249813.jpg,data\yolo_dataset\labels\train\PH00249813.txt
PH00249816,train,False,2,data\yolo_dataset\images\train\PH00249816.jpg,data\yolo_dataset\labels\train\PH00249816.txt
PH00820795,train,False,29,data\yolo_dataset\images\train\PH00820795.jpg,data\yolo_dataset\labels\train\PH00820795.txt
PH00249810,train,False,2,data\yolo_dataset\images\train\PH00249810.jpg,data\yolo_dataset\labels\train\PH00249810.txt
PH00249801,train,False,6,data\yolo_dataset\images\train\PH00249801.jpg,data\yolo_dataset\labels\train\PH00249801.txt
PH00249823,train,False,2,data\yolo_dataset\images\train\PH00249823.jpg,data\yolo_dataset\labels\train\PH00249823.txt
PH00249802,train,False,8,data\yolo_dataset\images\train\PH00249802.jpg,data\yolo_dataset\labels\train\PH00249802.txt
PH00249814,train,False,2,data\yolo_dataset\images\train\PH00249814.jpg,data\yolo_dataset\labels\train\PH00249814.txt
PH00249824,train,False,12,data\yolo_dataset\images\train\PH00249824.jpg,data\yolo_dataset\labels\train\PH00249824.txt
PH00249805,train,False,2,data\yolo_dataset\images\train\PH00249805.jpg,data\yolo_dataset\labels\train\PH00249805.txt
PH00802326,train,False,1,data\yolo_dataset\images\train\PH00802326.jpg,data\yolo_dataset\labels\train\PH00802326.txt
PH00249811,train,False,2,data\yolo_dataset\images\train\PH00249811.jpg,data\yolo_dataset\labels\train\PH00249811.txt
PH00249806,train,False,2,data\yolo_dataset\images\train\PH00249806.jpg,data\yolo_dataset\labels\train\PH00249806.txt
PH00249817,train,False,8,data\yolo_dataset\images\train\PH00249817.jpg,data\yolo_dataset\labels\train\PH00249817.txt
LL00412877,train,False,30,data\yolo_dataset\images\train\LL00412877.jpg,data\yolo_dataset\labels\train\LL00412877.txt
TEX00412878,train,False,1,data\yolo_dataset\images\train\TEX00412878.jpg,data\yolo_dataset\labels\train\TEX00412878.txt
TEX00412876,train,False,2,data\yolo_dataset\images\train\TEX00412876.jpg,data\yolo_dataset\labels\train\TEX00412876.txt
TEX00007225,train,False,26,data\yolo_dataset\images\train\TEX00007225.jpg,data\yolo_dataset\labels\train\TEX00007225.txt
TEX00007227,train,False,2,data\yolo_dataset\images\train\TEX00007227.jpg,data\yolo_dataset\labels\train\TEX00007227.txt
LL00183982,train,False,2,data\yolo_dataset\images\train\LL00183982.jpg,data\yolo_dataset\labels\train\LL00183982.txt
LL00007229,train,False,1,data\yolo_dataset\images\train\LL00007229.jpg,data\yolo_dataset\labels\train\LL00007229.txt
TEX00412875,train,False,2,data\yolo_dataset\images\train\TEX00412875.jpg,data\yolo_dataset\labels\train\TEX00412875.txt
TEX00445597,train,False,1,data\yolo_dataset\images\train\TEX00445597.jpg,data\yolo_dataset\labels\train\TEX00445597.txt
CLEMS0035060,train,False,2,data\yolo_dataset\images\train\CLEMS0035060.jpg,data\yolo_dataset\labels\train\CLEMS0035060.txt
CLEMS0035041,train,False,2,data\yolo_dataset\images\train\CLEMS0035041.jpg,data\yolo_dataset\labels\train\CLEMS0035041.txt
CLEMS0035058,train,False,1,data\yolo_dataset\images\train\CLEMS0035058.jpg,data\yolo_dataset\labels\train\CLEMS0035058.txt
CLEMS0035023,train,False,2,data\yolo_dataset\images\train\CLEMS0035023.jpg,data\yolo_dataset\labels\train\CLEMS0035023.txt
CLEMS0035135,train,False,1,data\yolo_dataset\images\train\CLEMS0035135.jpg,data\yolo_dataset\labels\train\CLEMS0035135.txt
CLEMS0035944,train,False,1,data\yolo_dataset\images\train\CLEMS0035944.jpg,data\yolo_dataset\labels\train\CLEMS0035944.txt
CLEMS0035044,train,False,2,data\yolo_dataset\images\train\CLEMS0035044.jpg,data\yolo_dataset\labels\train\CLEMS0035044.txt
CLEMS0035040,train,False,1,data\yolo_dataset\images\train\CLEMS0035040.jpg,data\yolo_dataset\labels\train\CLEMS0035040.txt
CLEMS0035055,train,False,2,data\yolo_dataset\images\train\CLEMS0035055.jpg,data\yolo_dataset\labels\train\CLEMS0035055.txt
CLEMS0035025,train,False,1,data\yolo_dataset\images\train\CLEMS0035025.jpg,data\yolo_dataset\labels\train\CLEMS0035025.txt
CLEMS0035022,train,False,2,data\yolo_dataset\images\train\CLEMS0035022.jpg,data\yolo_dataset\labels\train\CLEMS0035022.txt
CLEMS0035053,train,False,1,data\yolo_dataset\images\train\CLEMS0035053.jpg,data\yolo_dataset\labels\train\CLEMS0035053.txt
ODU00011124,train,False,13,data\yolo_dataset\images\train\ODU00011124.jpg,data\yolo_dataset\labels\train\ODU00011124.txt
ODU00011118,train,False,17,data\yolo_dataset\images\train\ODU00011118.jpg,data\yolo_dataset\labels\train\ODU00011118.txt
ODU00011151,train,False,15,data\yolo_dataset\images\train\ODU00011151.jpg,data\yolo_dataset\labels\train\ODU00011151.txt
ODU00011114,train,False,16,data\yolo_dataset\images\train\ODU00011114.jpg,data\yolo_dataset\labels\train\ODU00011114.txt
ODU00011126,train,False,19,data\yolo_dataset\images\train\ODU00011126.jpg,data\yolo_dataset\labels\train\ODU00011126.txt
ODU00011111,train,False,20,data\yolo_dataset\images\train\ODU00011111.jpg,data\yolo_dataset\labels\train\ODU00011111.txt
ODU00011146,train,False,19,data\yolo_dataset\images\train\ODU00011146.jpg,data\yolo_dataset\labels\train\ODU00011146.txt
ODU00011054,train,False,14,data\yolo_dataset\images\train\ODU00011054.jpg,data\yolo_dataset\labels\train\ODU00011054.txt
ODU00011113,train,False,10,data\yolo_dataset\images\train\ODU00011113.jpg,data\yolo_dataset\labels\train\ODU00011113.txt
ODU00011125,train,False,11,data\yolo_dataset\images\train\ODU00011125.jpg,data\yolo_dataset\labels\train\ODU00011125.txt
ODU00011157,train,False,13,data\yolo_dataset\images\train\ODU00011157.jpg,data\yolo_dataset\labels\train\ODU00011157.txt
ODU00011155,train,False,14,data\yolo_dataset\images\train\ODU00011155.jpg,data\yolo_dataset\labels\train\ODU00011155.txt
ODU00011149,train,False,11,data\yolo_dataset\images\train\ODU00011149.jpg,data\yolo_dataset\labels\train\ODU00011149.txt
ODU00011122,train,False,20,data\yolo_dataset\images\train\ODU00011122.jpg,data\yolo_dataset\labels\train\ODU00011122.txt
ODU00011148,train,False,13,data\yolo_dataset\images\train\ODU00011148.jpg,data\yolo_dataset\labels\train\ODU00011148.txt
ODU00011119,train,False,30,data\yolo_dataset\images\train\ODU00011119.jpg,data\yolo_dataset\labels\train\ODU00011119.txt
ODU00011147,train,False,23,data\yolo_dataset\images\train\ODU00011147.jpg,data\yolo_dataset\labels\train\ODU00011147.txt
ODU00011150,train,False,10,data\yolo_dataset\images\train\ODU00011150.jpg,data\yolo_dataset\labels\train\ODU00011150.txt
ODU00011156,train,False,6,data\yolo_dataset\images\train\ODU00011156.jpg,data\yolo_dataset\labels\train\ODU00011156.txt
ODU00011145,train,False,23,data\yolo_dataset\images\train\ODU00011145.jpg,data\yolo_dataset\labels\train\ODU00011145.txt
ODU00011154,train,False,8,data\yolo_dataset\images\train\ODU00011154.jpg,data\yolo_dataset\labels\train\ODU00011154.txt
ODU00011127,train,False,14,data\yolo_dataset\images\train\ODU00011127.jpg,data\yolo_dataset\labels\train\ODU00011127.txt
UT0000757,train,False,19,data\yolo_dataset\images\train\UT0000757.jpg,data\yolo_dataset\labels\train\UT0000757.txt
CM554402,train,False,2,data\yolo_dataset\images\train\CM554402.jpg,data\yolo_dataset\labels\train\CM554402.txt
CLEMS0035212,train,False,1,data\yolo_dataset\images\train\CLEMS0035212.jpg,data\yolo_dataset\labels\train\CLEMS0035212.txt
CLEMS0035159,train,False,1,data\yolo_dataset\images\train\CLEMS0035159.jpg,data\yolo_dataset\labels\train\CLEMS0035159.txt
CLEMS0035134,train,False,2,data\yolo_dataset\images\train\CLEMS0035134.jpg,data\yolo_dataset\labels\train\CLEMS0035134.txt
CLEMS0035131,train,False,14,data\yolo_dataset\images\train\CLEMS0035131.jpg,data\yolo_dataset\labels\train\CLEMS0035131.txt
CLEMS0035142,train,False,2,data\yolo_dataset\images\train\CLEMS0035142.jpg,data\yolo_dataset\labels\train\CLEMS0035142.txt
CLEMS0035156,train,False,2,data\yolo_dataset\images\train\CLEMS0035156.jpg,data\yolo_dataset\labels\train\CLEMS0035156.txt
CLEMS0035130,train,False,2,data\yolo_dataset\images\train\CLEMS0035130.jpg,data\yolo_dataset\labels\train\CLEMS0035130.txt
CLEMS0035137,train,False,2,data\yolo_dataset\images\train\CLEMS0035137.jpg,data\yolo_dataset\labels\train\CLEMS0035137.txt
CLEMS0035133,train,False,2,data\yolo_dataset\images\train\CLEMS0035133.jpg,data\yolo_dataset\labels\train\CLEMS0035133.txt
CLEMS0035030,train,False,1,data\yolo_dataset\images\train\CLEMS0035030.jpg,data\yolo_dataset\labels\train\CLEMS0035030.txt
CLEMS0035138,train,False,2,data\yolo_dataset\images\train\CLEMS0035138.jpg,data\yolo_dataset\labels\train\CLEMS0035138.txt
CLEMS0035132,train,False,2,data\yolo_dataset\images\train\CLEMS0035132.jpg,data\yolo_dataset\labels\train\CLEMS0035132.txt
CLEMS0035125,train,False,2,data\yolo_dataset\images\train\CLEMS0035125.jpg,data\yolo_dataset\labels\train\CLEMS0035125.txt
CLEMS0035151,train,False,2,data\yolo_dataset\images\train\CLEMS0035151.jpg,data\yolo_dataset\labels\train\CLEMS0035151.txt
CLEMS0035136,train,False,11,data\yolo_dataset\images\train\CLEMS0035136.jpg,data\yolo_dataset\labels\train\CLEMS0035136.txt
CLEMS0035213,train,False,2,data\yolo_dataset\images\train\CLEMS0035213.jpg,data\yolo_dataset\labels\train\CLEMS0035213.txt
CLEMS0035207,train,False,2,data\yolo_dataset\images\train\CLEMS0035207.jpg,data\yolo_dataset\labels\train\CLEMS0035207.txt
CLEMS0035143,train,False,2,data\yolo_dataset\images\train\CLEMS0035143.jpg,data\yolo_dataset\labels\train\CLEMS0035143.txt
CLEMS0035161,train,False,2,data\yolo_dataset\images\train\CLEMS0035161.jpg,data\yolo_dataset\labels\train\CLEMS0035161.txt
CLEMS0035033,train,False,2,data\yolo_dataset\images\train\CLEMS0035033.jpg,data\yolo_dataset\labels\train\CLEMS0035033.txt
CLEMS0035054,train,False,1,data\yolo_dataset\images\train\CLEMS0035054.jpg,data\yolo_dataset\labels\train\CLEMS0035054.txt
CLEMS0035056,train,False,2,data\yolo_dataset\images\train\CLEMS0035056.jpg,data\yolo_dataset\labels\train\CLEMS0035056.txt
GA079605,train,False,28,data\yolo_dataset\images\train\GA079605.jpg,data\yolo_dataset\labels\train\GA079605.txt
GA079377,train,False,9,data\yolo_dataset\images\train\GA079377.jpg,data\yolo_dataset\labels\train\GA079377.txt
GA079366,train,False,13,data\yolo_dataset\images\train\GA079366.jpg,data\yolo_dataset\labels\train\GA079366.txt
GA079578,train,False,17,data\yolo_dataset\images\train\GA079578.jpg,data\yolo_dataset\labels\train\GA079578.txt
GA079547,train,False,16,data\yolo_dataset\images\train\GA079547.jpg,data\yolo_dataset\labels\train\GA079547.txt
GA079418,train,False,6,data\yolo_dataset\images\train\GA079418.jpg,data\yolo_dataset\labels\train\GA079418.txt
GA079572,train,False,24,data\yolo_dataset\images\train\GA079572.jpg,data\yolo_dataset\labels\train\GA079572.txt
GA193218,train,False,16,data\yolo_dataset\images\train\GA193218.jpg,data\yolo_dataset\labels\train\GA193218.txt
GA079552,train,False,29,data\yolo_dataset\images\train\GA079552.jpg,data\yolo_dataset\labels\train\GA079552.txt
GA079403,train,False,28,data\yolo_dataset\images\train\GA079403.jpg,data\yolo_dataset\labels\train\GA079403.txt
GA079591,train,False,2,data\yolo_dataset\images\train\GA079591.jpg,data\yolo_dataset\labels\train\GA079591.txt
GA079554,train,False,2,data\yolo_dataset\images\train\GA079554.jpg,data\yolo_dataset\labels\train\GA079554.txt
GA079342,train,False,2,data\yolo_dataset\images\train\GA079342.jpg,data\yolo_dataset\labels\train\GA079342.txt
GA079426,train,False,25,data\yolo_dataset\images\train\GA079426.jpg,data\yolo_dataset\labels\train\GA079426.txt
GA079573,train,False,2,data\yolo_dataset\images\train\GA079573.jpg,data\yolo_dataset\labels\train\GA079573.txt
GA079321,train,False,2,data\yolo_dataset\images\train\GA079321.jpg,data\yolo_dataset\labels\train\GA079321.txt
GA079421,train,False,6,data\yolo_dataset\images\train\GA079421.jpg,data\yolo_dataset\labels\train\GA079421.txt
GA079544,train,False,2,data\yolo_dataset\images\train\GA079544.jpg,data\yolo_dataset\labels\train\GA079544.txt
GA079347,train,False,17,data\yolo_dataset\images\train\GA079347.jpg,data\yolo_dataset\labels\train\GA079347.txt
GA079574,train,False,15,data\yolo_dataset\images\train\GA079574.jpg,data\yolo_dataset\labels\train\GA079574.txt
GA079568,train,False,34,data\yolo_dataset\images\train\GA079568.jpg,data\yolo_dataset\labels\train\GA079568.txt
GA272922,train,False,13,data\yolo_dataset\images\train\GA272922.jpg,data\yolo_dataset\labels\train\GA272922.txt
GA079549,train,False,22,data\yolo_dataset\images\train\GA079549.jpg,data\yolo_dataset\labels\train\GA079549.txt
GA079579,train,False,2,data\yolo_dataset\images\train\GA079579.jpg,data\yolo_dataset\labels\train\GA079579.txt
GA079587,train,False,24,data\yolo_dataset\images\train\GA079587.jpg,data\yolo_dataset\labels\train\GA079587.txt
GA079541,train,False,2,data\yolo_dataset\images\train\GA079541.jpg,data\yolo_dataset\labels\train\GA079541.txt
GA079590,train,False,37,data\yolo_dataset\images\train\GA079590.jpg,data\yolo_dataset\labels\train\GA079590.txt
GA085015,train,False,2,data\yolo_dataset\images\train\GA085015.jpg,data\yolo_dataset\labels\train\GA085015.txt
GA079540,train,False,2,data\yolo_dataset\images\train\GA079540.jpg,data\yolo_dataset\labels\train\GA079540.txt
GA079563,train,False,13,data\yolo_dataset\images\train\GA079563.jpg,data\yolo_dataset\labels\train\GA079563.txt
GA079553,train,False,2,data\yolo_dataset\images\train\GA079553.jpg,data\yolo_dataset\labels\train\GA079553.txt
GA079442,train,False,12,data\yolo_dataset\images\train\GA079442.jpg,data\yolo_dataset\labels\train\GA079442.txt
GA079593,train,False,21,data\yolo_dataset\images\train\GA079593.jpg,data\yolo_dataset\labels\train\GA079593.txt
GA079571,train,False,24,data\yolo_dataset\images\train\GA079571.jpg,data\yolo_dataset\labels\train\GA079571.txt
GA079543,train,False,19,data\yolo_dataset\images\train\GA079543.jpg,data\yolo_dataset\labels\train\GA079543.txt
GA079600,train,False,7,data\yolo_dataset\images\train\GA079600.jpg,data\yolo_dataset\labels\train\GA079600.txt
GA079598,train,False,24,data\yolo_dataset\images\train\GA079598.jpg,data\yolo_dataset\labels\train\GA079598.txt
GA079584,train,False,32,data\yolo_dataset\images\train\GA079584.jpg,data\yolo_dataset\labels\train\GA079584.txt
GA079364,train,False,15,data\yolo_dataset\images\train\GA079364.jpg,data\yolo_dataset\labels\train\GA079364.txt
GA079597,train,False,29,data\yolo_dataset\images\train\GA079597.jpg,data\yolo_dataset\labels\train\GA079597.txt
GA202225,train,False,2,data\yolo_dataset\images\train\GA202225.jpg,data\yolo_dataset\labels\train\GA202225.txt
GA275039,train,False,2,data\yolo_dataset\images\train\GA275039.jpg,data\yolo_dataset\labels\train\GA275039.txt
GA079557,train,False,14,data\yolo_dataset\images\train\GA079557.jpg,data\yolo_dataset\labels\train\GA079557.txt
GA079604,train,False,2,data\yolo_dataset\images\train\GA079604.jpg,data\yolo_dataset\labels\train\GA079604.txt
GA079423,train,False,24,data\yolo_dataset\images\train\GA079423.jpg,data\yolo_dataset\labels\train\GA079423.txt
GA262377,train,False,3,data\yolo_dataset\images\train\GA262377.jpg,data\yolo_dataset\labels\train\GA262377.txt
GA079371,train,False,12,data\yolo_dataset\images\train\GA079371.jpg,data\yolo_dataset\labels\train\GA079371.txt
GA079588,train,False,20,data\yolo_dataset\images\train\GA079588.jpg,data\yolo_dataset\labels\train\GA079588.txt
GA079582,train,False,2,data\yolo_dataset\images\train\GA079582.jpg,data\yolo_dataset\labels\train\GA079582.txt
GA268339,train,False,12,data\yolo_dataset\images\train\GA268339.jpg,data\yolo_dataset\labels\train\GA268339.txt
GA079344,train,False,10,data\yolo_dataset\images\train\GA079344.jpg,data\yolo_dataset\labels\train\GA079344.txt
GA079560,train,False,2,data\yolo_dataset\images\train\GA079560.jpg,data\yolo_dataset\labels\train\GA079560.txt
GA268340,train,False,2,data\yolo_dataset\images\train\GA268340.jpg,data\yolo_dataset\labels\train\GA268340.txt
GA079372,train,False,2,data\yolo_dataset\images\train\GA079372.jpg,data\yolo_dataset\labels\train\GA079372.txt
GA079603,train,False,24,data\yolo_dataset\images\train\GA079603.jpg,data\yolo_dataset\labels\train\GA079603.txt
GA079595,train,False,2,data\yolo_dataset\images\train\GA079595.jpg,data\yolo_dataset\labels\train\GA079595.txt
GA079564,train,False,16,data\yolo_dataset\images\train\GA079564.jpg,data\yolo_dataset\labels\train\GA079564.txt
GA079592,train,False,2,data\yolo_dataset\images\train\GA079592.jpg,data\yolo_dataset\labels\train\GA079592.txt
GA079374,train,False,7,data\yolo_dataset\images\train\GA079374.jpg,data\yolo_dataset\labels\train\GA079374.txt
GA260381,train,False,2,data\yolo_dataset\images\train\GA260381.jpg,data\yolo_dataset\labels\train\GA260381.txt
GA160251,train,False,2,data\yolo_dataset\images\train\GA160251.jpg,data\yolo_dataset\labels\train\GA160251.txt
GA079350,train,False,2,data\yolo_dataset\images\train\GA079350.jpg,data\yolo_dataset\labels\train\GA079350.txt
GA079358,train,False,18,data\yolo_dataset\images\train\GA079358.jpg,data\yolo_dataset\labels\train\GA079358.txt
GA268341,train,False,2,data\yolo_dataset\images\train\GA268341.jpg,data\yolo_dataset\labels\train\GA268341.txt
GA271445,train,False,30,data\yolo_dataset\images\train\GA271445.jpg,data\yolo_dataset\labels\train\GA271445.txt
GA079369,train,False,2,data\yolo_dataset\images\train\GA079369.jpg,data\yolo_dataset\labels\train\GA079369.txt
GA079545,train,False,2,data\yolo_dataset\images\train\GA079545.jpg,data\yolo_dataset\labels\train\GA079545.txt
GA079569,train,False,19,data\yolo_dataset\images\train\GA079569.jpg,data\yolo_dataset\labels\train\GA079569.txt
GA079376,train,False,2,data\yolo_dataset\images\train\GA079376.jpg,data\yolo_dataset\labels\train\GA079376.txt
GA079599,train,False,18,data\yolo_dataset\images\train\GA079599.jpg,data\yolo_dataset\labels\train\GA079599.txt
GA079551,train,False,22,data\yolo_dataset\images\train\GA079551.jpg,data\yolo_dataset\labels\train\GA079551.txt
GA079570,train,False,18,data\yolo_dataset\images\train\GA079570.jpg,data\yolo_dataset\labels\train\GA079570.txt
GA193219,train,False,16,data\yolo_dataset\images\train\GA193219.jpg,data\yolo_dataset\labels\train\GA193219.txt
GA079548,train,False,2,data\yolo_dataset\images\train\GA079548.jpg,data\yolo_dataset\labels\train\GA079548.txt
GA079542,train,False,2,data\yolo_dataset\images\train\GA079542.jpg,data\yolo_dataset\labels\train\GA079542.txt
GA079576,train,False,26,data\yolo_dataset\images\train\GA079576.jpg,data\yolo_dataset\labels\train\GA079576.txt
GA079586,train,False,17,data\yolo_dataset\images\train\GA079586.jpg,data\yolo_dataset\labels\train\GA079586.txt
GA079375,train,False,2,data\yolo_dataset\images\train\GA079375.jpg,data\yolo_dataset\labels\train\GA079375.txt
GA079559,train,False,24,data\yolo_dataset\images\train\GA079559.jpg,data\yolo_dataset\labels\train\GA079559.txt
GA079596,train,False,2,data\yolo_dataset\images\train\GA079596.jpg,data\yolo_dataset\labels\train\GA079596.txt
GA079550,train,False,2,data\yolo_dataset\images\train\GA079550.jpg,data\yolo_dataset\labels\train\GA079550.txt
VSC0065711,train,False,17,data\yolo_dataset\images\train\VSC0065711.jpg,data\yolo_dataset\labels\train\VSC0065711.txt
VSC0061817,train,False,12,data\yolo_dataset\images\train\VSC0061817.jpg,data\yolo_dataset\labels\train\VSC0061817.txt
VSC0063913,train,False,12,data\yolo_dataset\images\train\VSC0063913.jpg,data\yolo_dataset\labels\train\VSC0063913.txt
VSC0059153,train,False,13,data\yolo_dataset\images\train\VSC0059153.jpg,data\yolo_dataset\labels\train\VSC0059153.txt
VSC0015459,train,False,16,data\yolo_dataset\images\train\VSC0015459.jpg,data\yolo_dataset\labels\train\VSC0015459.txt
VSC0067678,train,False,14,data\yolo_dataset\images\train\VSC0067678.jpg,data\yolo_dataset\labels\train\VSC0067678.txt
VSC0061904,train,False,18,data\yolo_dataset\images\train\VSC0061904.jpg,data\yolo_dataset\labels\train\VSC0061904.txt
VSC0015458,train,False,26,data\yolo_dataset\images\train\VSC0015458.jpg,data\yolo_dataset\labels\train\VSC0015458.txt
VSC0080243,train,False,16,data\yolo_dataset\images\train\VSC0080243.jpg,data\yolo_dataset\labels\train\VSC0080243.txt
VSC0004101,train,False,17,data\yolo_dataset\images\train\VSC0004101.jpg,data\yolo_dataset\labels\train\VSC0004101.txt
VSC0001194,train,False,19,data\yolo_dataset\images\train\VSC0001194.jpg,data\yolo_dataset\labels\train\VSC0001194.txt
VSC0086281,train,False,17,data\yolo_dataset\images\train\VSC0086281.jpg,data\yolo_dataset\labels\train\VSC0086281.txt
VSC0075762,train,False,11,data\yolo_dataset\images\train\VSC0075762.jpg,data\yolo_dataset\labels\train\VSC0075762.txt
VSC0078609,train,False,11,data\yolo_dataset\images\train\VSC0078609.jpg,data\yolo_dataset\labels\train\VSC0078609.txt
VSC0002453,train,False,17,data\yolo_dataset\images\train\VSC0002453.jpg,data\yolo_dataset\labels\train\VSC0002453.txt
VSC0066486,train,False,8,data\yolo_dataset\images\train\VSC0066486.jpg,data\yolo_dataset\labels\train\VSC0066486.txt
VSC0083502,train,False,14,data\yolo_dataset\images\train\VSC0083502.jpg,data\yolo_dataset\labels\train\VSC0083502.txt
VSC0059474,train,False,20,data\yolo_dataset\images\train\VSC0059474.jpg,data\yolo_dataset\labels\train\VSC0059474.txt
VSC0004380,train,False,17,data\yolo_dataset\images\train\VSC0004380.jpg,data\yolo_dataset\labels\train\VSC0004380.txt
VSC0067189,train,False,11,data\yolo_dataset\images\train\VSC0067189.jpg,data\yolo_dataset\labels\train\VSC0067189.txt
UNA00049306,train,False,2,data\yolo_dataset\images\train\UNA00049306.jpg,data\yolo_dataset\labels\train\UNA00049306.txt
UNA00049303,train,False,2,data\yolo_dataset\images\train\UNA00049303.jpg,data\yolo_dataset\labels\train\UNA00049303.txt
UNA00053791,train,False,9,data\yolo_dataset\images\train\UNA00053791.jpg,data\yolo_dataset\labels\train\UNA00053791.txt
UNA00063085,train,False,36,data\yolo_dataset\images\train\UNA00063085.jpg,data\yolo_dataset\labels\train\UNA00063085.txt
UNA00044210,train,False,2,data\yolo_dataset\images\train\UNA00044210.jpg,data\yolo_dataset\labels\train\UNA00044210.txt
UNA00049308,train,False,2,data\yolo_dataset\images\train\UNA00049308.jpg,data\yolo_dataset\labels\train\UNA00049308.txt
UNA00061001,train,False,7,data\yolo_dataset\images\train\UNA00061001.jpg,data\yolo_dataset\labels\train\UNA00061001.txt
UNA00049252,train,False,18,data\yolo_dataset\images\train\UNA00049252.jpg,data\yolo_dataset\labels\train\UNA00049252.txt
UNA00049254,train,False,17,data\yolo_dataset\images\train\UNA00049254.jpg,data\yolo_dataset\labels\train\UNA00049254.txt
UNA00049309,train,False,6,data\yolo_dataset\images\train\UNA00049309.jpg,data\yolo_dataset\labels\train\UNA00049309.txt
UNA00049305,train,False,2,data\yolo_dataset\images\train\UNA00049305.jpg,data\yolo_dataset\labels\train\UNA00049305.txt
UNA00055754,train,False,21,data\yolo_dataset\images\train\UNA00055754.jpg,data\yolo_dataset\labels\train\UNA00055754.txt
UNA00060391,train,False,3,data\yolo_dataset\images\train\UNA00060391.jpg,data\yolo_dataset\labels\train\UNA00060391.txt
UNA00025470,train,False,22,data\yolo_dataset\images\train\UNA00025470.jpg,data\yolo_dataset\labels\train\UNA00025470.txt
UNA00049253,train,False,25,data\yolo_dataset\images\train\UNA00049253.jpg,data\yolo_dataset\labels\train\UNA00049253.txt
UNA00057161,train,False,5,data\yolo_dataset\images\train\UNA00057161.jpg,data\yolo_dataset\labels\train\UNA00057161.txt
UNA00049302,train,False,11,data\yolo_dataset\images\train\UNA00049302.jpg,data\yolo_dataset\labels\train\UNA00049302.txt
UNA00058938,train,False,22,data\yolo_dataset\images\train\UNA00058938.jpg,data\yolo_dataset\labels\train\UNA00058938.txt
UNA00055909,train,False,23,data\yolo_dataset\images\train\UNA00055909.jpg,data\yolo_dataset\labels\train\UNA00055909.txt
UNA00058842,train,False,3,data\yolo_dataset\images\train\UNA00058842.jpg,data\yolo_dataset\labels\train\UNA00058842.txt
191812,train,False,39,data\yolo_dataset\images\train\191812.jpg,data\yolo_dataset\labels\train\191812.txt
77035,train,False,26,data\yolo_dataset\images\train\77035.jpg,data\yolo_dataset\labels\train\77035.txt
293908,train,False,28,data\yolo_dataset\images\train\293908.jpg,data\yolo_dataset\labels\train\293908.txt
238346,train,False,58,data\yolo_dataset\images\train\238346.jpg,data\yolo_dataset\labels\train\238346.txt
238350,train,False,49,data\yolo_dataset\images\train\238350.jpg,data\yolo_dataset\labels\train\238350.txt
81524,train,False,49,data\yolo_dataset\images\train\81524.jpg,data\yolo_dataset\labels\train\81524.txt
275613,train,False,32,data\yolo_dataset\images\train\275613.jpg,data\yolo_dataset\labels\train\275613.txt
301679,train,False,18,data\yolo_dataset\images\train\301679.jpg,data\yolo_dataset\labels\train\301679.txt
86290,train,False,10,data\yolo_dataset\images\train\86290.jpg,data\yolo_dataset\labels\train\86290.txt
293240,train,False,25,data\yolo_dataset\images\train\293240.jpg,data\yolo_dataset\labels\train\293240.txt
269035,train,False,36,data\yolo_dataset\images\train\269035.jpg,data\yolo_dataset\labels\train\269035.txt
UCA003568,train,False,18,data\yolo_dataset\images\train\UCA003568.jpg,data\yolo_dataset\labels\train\UCA003568.txt
UCA003559,train,False,3,data\yolo_dataset\images\train\UCA003559.jpg,data\yolo_dataset\labels\train\UCA003559.txt
UCA003562,train,False,3,data\yolo_dataset\images\train\UCA003562.jpg,data\yolo_dataset\labels\train\UCA003562.txt
UCA003556,train,False,9,data\yolo_dataset\images\train\UCA003556.jpg,data\yolo_dataset\labels\train\UCA003556.txt
UCA003602,train,False,3,data\yolo_dataset\images\train\UCA003602.jpg,data\yolo_dataset\labels\train\UCA003602.txt
UCA003575,train,False,10,data\yolo_dataset\images\train\UCA003575.jpg,data\yolo_dataset\labels\train\UCA003575.txt
UCA003576,train,False,3,data\yolo_dataset\images\train\UCA003576.jpg,data\yolo_dataset\labels\train\UCA003576.txt
UCA003561,train,False,3,data\yolo_dataset\images\train\UCA003561.jpg,data\yolo_dataset\labels\train\UCA003561.txt
UCA003558,train,False,3,data\yolo_dataset\images\train\UCA003558.jpg,data\yolo_dataset\labels\train\UCA003558.txt
UCA003600,train,False,35,data\yolo_dataset\images\train\UCA003600.jpg,data\yolo_dataset\labels\train\UCA003600.txt
UCA003570,train,False,5,data\yolo_dataset\images\train\UCA003570.jpg,data\yolo_dataset\labels\train\UCA003570.txt
UCA003604,train,False,3,data\yolo_dataset\images\train\UCA003604.jpg,data\yolo_dataset\labels\train\UCA003604.txt
UCA003574,train,False,2,data\yolo_dataset\images\train\UCA003574.jpg,data\yolo_dataset\labels\train\UCA003574.txt
UCA016978,train,False,4,data\yolo_dataset\images\train\UCA016978.jpg,data\yolo_dataset\labels\train\UCA016978.txt
UCA003572,train,False,3,data\yolo_dataset\images\train\UCA003572.jpg,data\yolo_dataset\labels\train\UCA003572.txt
UCA003566,train,False,8,data\yolo_dataset\images\train\UCA003566.jpg,data\yolo_dataset\labels\train\UCA003566.txt
UCA003557,train,False,6,data\yolo_dataset\images\train\UCA003557.jpg,data\yolo_dataset\labels\train\UCA003557.txt
UCA003564,train,False,3,data\yolo_dataset\images\train\UCA003564.jpg,data\yolo_dataset\labels\train\UCA003564.txt
UCA003601,train,False,6,data\yolo_dataset\images\train\UCA003601.jpg,data\yolo_dataset\labels\train\UCA003601.txt
UCA003571,train,False,2,data\yolo_dataset\images\train\UCA003571.jpg,data\yolo_dataset\labels\train\UCA003571.txt
NO0022739,train,False,23,data\yolo_dataset\images\train\NO0022739.jpg,data\yolo_dataset\labels\train\NO0022739.txt
NO0022740,train,False,25,data\yolo_dataset\images\train\NO0022740.jpg,data\yolo_dataset\labels\train\NO0022740.txt
NO0022944,train,False,24,data\yolo_dataset\images\train\NO0022944.jpg,data\yolo_dataset\labels\train\NO0022944.txt
NO0022948,train,False,22,data\yolo_dataset\images\train\NO0022948.jpg,data\yolo_dataset\labels\train\NO0022948.txt
NO0022815,train,False,47,data\yolo_dataset\images\train\NO0022815.jpg,data\yolo_dataset\labels\train\NO0022815.txt
NO0022727,train,False,28,data\yolo_dataset\images\train\NO0022727.jpg,data\yolo_dataset\labels\train\NO0022727.txt
NO0022949,train,False,36,data\yolo_dataset\images\train\NO0022949.jpg,data\yolo_dataset\labels\train\NO0022949.txt
NO0022738,train,False,18,data\yolo_dataset\images\train\NO0022738.jpg,data\yolo_dataset\labels\train\NO0022738.txt
NO0022736,train,False,21,data\yolo_dataset\images\train\NO0022736.jpg,data\yolo_dataset\labels\train\NO0022736.txt
NO0022946,train,False,30,data\yolo_dataset\images\train\NO0022946.jpg,data\yolo_dataset\labels\train\NO0022946.txt
NO0022741,train,False,30,data\yolo_dataset\images\train\NO0022741.jpg,data\yolo_dataset\labels\train\NO0022741.txt
NO0022947,train,False,25,data\yolo_dataset\images\train\NO0022947.jpg,data\yolo_dataset\labels\train\NO0022947.txt
2424,train,False,14,data\yolo_dataset\images\train\2424.jpg,data\yolo_dataset\labels\train\2424.txt
USCH0013214,train,False,2,data\yolo_dataset\images\train\USCH0013214.jpg,data\yolo_dataset\labels\train\USCH0013214.txt
USCH0013213,train,False,2,data\yolo_dataset\images\train\USCH0013213.jpg,data\yolo_dataset\labels\train\USCH0013213.txt
USCH0013204,train,False,7,data\yolo_dataset\images\train\USCH0013204.jpg,data\yolo_dataset\labels\train\USCH0013204.txt
USCH0013212,train,False,2,data\yolo_dataset\images\train\USCH0013212.jpg,data\yolo_dataset\labels\train\USCH0013212.txt
USCH0013161,train,False,2,data\yolo_dataset\images\train\USCH0013161.jpg,data\yolo_dataset\labels\train\USCH0013161.txt
USCH0013159,train,False,2,data\yolo_dataset\images\train\USCH0013159.jpg,data\yolo_dataset\labels\train\USCH0013159.txt
1045,train,False,11,data\yolo_dataset\images\train\1045.jpg,data\yolo_dataset\labels\train\1045.txt
BRIT290398,train,False,2,data\yolo_dataset\images\train\BRIT290398.jpg,data\yolo_dataset\labels\train\BRIT290398.txt
BRIT00257,train,False,2,data\yolo_dataset\images\train\BRIT00257.jpg,data\yolo_dataset\labels\train\BRIT00257.txt
NLU0083657,train,False,18,data\yolo_dataset\images\train\NLU0083657.jpg,data\yolo_dataset\labels\train\NLU0083657.txt
BRIT290395,train,False,22,data\yolo_dataset\images\train\BRIT290395.jpg,data\yolo_dataset\labels\train\BRIT290395.txt
BRIT00254,train,False,2,data\yolo_dataset\images\train\BRIT00254.jpg,data\yolo_dataset\labels\train\BRIT00254.txt
BRIT00251,train,False,2,data\yolo_dataset\images\train\BRIT00251.jpg,data\yolo_dataset\labels\train\BRIT00251.txt
BRIT00267,train,False,2,data\yolo_dataset\images\train\BRIT00267.jpg,data\yolo_dataset\labels\train\BRIT00267.txt
BRIT331659,train,False,17,data\yolo_dataset\images\train\BRIT331659.jpg,data\yolo_dataset\labels\train\BRIT331659.txt
BRIT559544,train,False,19,data\yolo_dataset\images\train\BRIT559544.jpg,data\yolo_dataset\labels\train\BRIT559544.txt
BRIT00247,train,False,24,data\yolo_dataset\images\train\BRIT00247.jpg,data\yolo_dataset\labels\train\BRIT00247.txt
BRIT00253,train,False,2,data\yolo_dataset\images\train\BRIT00253.jpg,data\yolo_dataset\labels\train\BRIT00253.txt
BRIT00250,train,False,15,data\yolo_dataset\images\train\BRIT00250.jpg,data\yolo_dataset\labels\train\BRIT00250.txt
NLU0083658,train,False,30,data\yolo_dataset\images\train\NLU0083658.jpg,data\yolo_dataset\labels\train\NLU0083658.txt
BRIT00265,train,False,2,data\yolo_dataset\images\train\BRIT00265.jpg,data\yolo_dataset\labels\train\BRIT00265.txt
BRIT00264,train,False,2,data\yolo_dataset\images\train\BRIT00264.jpg,data\yolo_dataset\labels\train\BRIT00264.txt
BRIT00256,train,False,2,data\yolo_dataset\images\train\BRIT00256.jpg,data\yolo_dataset\labels\train\BRIT00256.txt
BRIT00248,train,False,2,data\yolo_dataset\images\train\BRIT00248.jpg,data\yolo_dataset\labels\train\BRIT00248.txt
BRIT00258,train,False,15,data\yolo_dataset\images\train\BRIT00258.jpg,data\yolo_dataset\labels\train\BRIT00258.txt
BRIT00252,train,False,23,data\yolo_dataset\images\train\BRIT00252.jpg,data\yolo_dataset\labels\train\BRIT00252.txt
NLU0061153,train,False,25,data\yolo_dataset\images\train\NLU0061153.jpg,data\yolo_dataset\labels\train\NLU0061153.txt
BRIT00260,train,False,15,data\yolo_dataset\images\train\BRIT00260.jpg,data\yolo_dataset\labels\train\BRIT00260.txt
BRIT00246,train,False,31,data\yolo_dataset\images\train\BRIT00246.jpg,data\yolo_dataset\labels\train\BRIT00246.txt
BRIT00263,train,False,2,data\yolo_dataset\images\train\BRIT00263.jpg,data\yolo_dataset\labels\train\BRIT00263.txt
BAYLU034197,train,False,2,data\yolo_dataset\images\train\BAYLU034197.jpg,data\yolo_dataset\labels\train\BAYLU034197.txt
BAYLU034196,train,False,2,data\yolo_dataset\images\train\BAYLU034196.jpg,data\yolo_dataset\labels\train\BAYLU034196.txt
BAYLU034247,train,False,1,data\yolo_dataset\images\train\BAYLU034247.jpg,data\yolo_dataset\labels\train\BAYLU034247.txt
BAYLU034249,train,False,1,data\yolo_dataset\images\train\BAYLU034249.jpg,data\yolo_dataset\labels\train\BAYLU034249.txt
305300,train,False,2,data\yolo_dataset\images\train\305300.jpg,data\yolo_dataset\labels\train\305300.txt
LSU00066451,train,False,21,data\yolo_dataset\images\train\LSU00066451.jpg,data\yolo_dataset\labels\train\LSU00066451.txt
LSU00017681,train,False,13,data\yolo_dataset\images\train\LSU00017681.jpg,data\yolo_dataset\labels\train\LSU00017681.txt
LSU00066450,train,False,14,data\yolo_dataset\images\train\LSU00066450.jpg,data\yolo_dataset\labels\train\LSU00066450.txt
LSU00017686,train,False,28,data\yolo_dataset\images\train\LSU00017686.jpg,data\yolo_dataset\labels\train\LSU00017686.txt
LSU00017688,train,False,21,data\yolo_dataset\images\train\LSU00017688.jpg,data\yolo_dataset\labels\train\LSU00017688.txt
LSU00017690,train,False,16,data\yolo_dataset\images\train\LSU00017690.jpg,data\yolo_dataset\labels\train\LSU00017690.txt
NLU0061183,train,False,21,data\yolo_dataset\images\train\NLU0061183.jpg,data\yolo_dataset\labels\train\NLU0061183.txt
LSU00017685,train,False,24,data\yolo_dataset\images\train\LSU00017685.jpg,data\yolo_dataset\labels\train\LSU00017685.txt
NLU0060529,train,False,31,data\yolo_dataset\images\train\NLU0060529.jpg,data\yolo_dataset\labels\train\NLU0060529.txt
NLU0061168,train,False,26,data\yolo_dataset\images\train\NLU0061168.jpg,data\yolo_dataset\labels\train\NLU0061168.txt
LSU00017605,train,False,19,data\yolo_dataset\images\train\LSU00017605.jpg,data\yolo_dataset\labels\train\LSU00017605.txt
LSU00017684,train,False,18,data\yolo_dataset\images\train\LSU00017684.jpg,data\yolo_dataset\labels\train\LSU00017684.txt
LSU00027909,train,False,20,data\yolo_dataset\images\train\LSU00027909.jpg,data\yolo_dataset\labels\train\LSU00027909.txt
NLU0061173,train,False,15,data\yolo_dataset\images\train\NLU0061173.jpg,data\yolo_dataset\labels\train\NLU0061173.txt
LSU00017692,train,False,13,data\yolo_dataset\images\train\LSU00017692.jpg,data\yolo_dataset\labels\train\LSU00017692.txt
LSU00017682,train,False,21,data\yolo_dataset\images\train\LSU00017682.jpg,data\yolo_dataset\labels\train\LSU00017682.txt
LSU00017699,train,False,17,data\yolo_dataset\images\train\LSU00017699.jpg,data\yolo_dataset\labels\train\LSU00017699.txt
NLU0061169,train,False,25,data\yolo_dataset\images\train\NLU0061169.jpg,data\yolo_dataset\labels\train\NLU0061169.txt
NLU0061150,train,False,32,data\yolo_dataset\images\train\NLU0061150.jpg,data\yolo_dataset\labels\train\NLU0061150.txt
NLU0061229,train,False,28,data\yolo_dataset\images\train\NLU0061229.jpg,data\yolo_dataset\labels\train\NLU0061229.txt
NLU0060527,train,False,24,data\yolo_dataset\images\train\NLU0060527.jpg,data\yolo_dataset\labels\train\NLU0060527.txt
LSU00017698,train,False,13,data\yolo_dataset\images\train\LSU00017698.jpg,data\yolo_dataset\labels\train\LSU00017698.txt
LSU00027962,train,False,19,data\yolo_dataset\images\train\LSU00027962.jpg,data\yolo_dataset\labels\train\LSU00027962.txt
LSU00017687,train,False,19,data\yolo_dataset\images\train\LSU00017687.jpg,data\yolo_dataset\labels\train\LSU00017687.txt
LSU00017683,train,False,15,data\yolo_dataset\images\train\LSU00017683.jpg,data\yolo_dataset\labels\train\LSU00017683.txt
LSU00017697,train,False,15,data\yolo_dataset\images\train\LSU00017697.jpg,data\yolo_dataset\labels\train\LSU00017697.txt
LSU00017694,train,False,15,data\yolo_dataset\images\train\LSU00017694.jpg,data\yolo_dataset\labels\train\LSU00017694.txt
NLU0061154,train,False,13,data\yolo_dataset\images\train\NLU0061154.jpg,data\yolo_dataset\labels\train\NLU0061154.txt
NLU0061247,train,False,22,data\yolo_dataset\images\train\NLU0061247.jpg,data\yolo_dataset\labels\train\NLU0061247.txt
NLU0061170,train,False,21,data\yolo_dataset\images\train\NLU0061170.jpg,data\yolo_dataset\labels\train\NLU0061170.txt
LSU00017695,train,False,19,data\yolo_dataset\images\train\LSU00017695.jpg,data\yolo_dataset\labels\train\LSU00017695.txt
NLU0061138,train,False,21,data\yolo_dataset\images\train\NLU0061138.jpg,data\yolo_dataset\labels\train\NLU0061138.txt
LSU00017701,train,False,24,data\yolo_dataset\images\train\LSU00017701.jpg,data\yolo_dataset\labels\train\LSU00017701.txt
NLU0061249,train,False,19,data\yolo_dataset\images\train\NLU0061249.jpg,data\yolo_dataset\labels\train\NLU0061249.txt
NLU0061246,train,False,14,data\yolo_dataset\images\train\NLU0061246.jpg,data\yolo_dataset\labels\train\NLU0061246.txt
NLU0061175,train,False,16,data\yolo_dataset\images\train\NLU0061175.jpg,data\yolo_dataset\labels\train\NLU0061175.txt
LSU00017700,train,False,13,data\yolo_dataset\images\train\LSU00017700.jpg,data\yolo_dataset\labels\train\LSU00017700.txt
NLU0061158,train,False,28,data\yolo_dataset\images\train\NLU0061158.jpg,data\yolo_dataset\labels\train\NLU0061158.txt
103588755,train,False,27,data\yolo_dataset\images\train\103588755.jpg,data\yolo_dataset\labels\train\103588755.txt
15205,train,False,14,data\yolo_dataset\images\train\15205.jpg,data\yolo_dataset\labels\train\15205.txt
93751,train,False,24,data\yolo_dataset\images\train\93751.jpg,data\yolo_dataset\labels\train\93751.txt
9719,train,False,20,data\yolo_dataset\images\train\9719.jpg,data\yolo_dataset\labels\train\9719.txt
37843,train,False,20,data\yolo_dataset\images\train\37843.jpg,data\yolo_dataset\labels\train\37843.txt
43359,train,False,12,data\yolo_dataset\images\train\43359.jpg,data\yolo_dataset\labels\train\43359.txt
132430,train,False,23,data\yolo_dataset\images\train\132430.jpg,data\yolo_dataset\labels\train\132430.txt
103941,train,False,36,data\yolo_dataset\images\train\103941.jpg,data\yolo_dataset\labels\train\103941.txt
218491,train,False,19,data\yolo_dataset\images\train\218491.jpg,data\yolo_dataset\labels\train\218491.txt
219124,train,False,14,data\yolo_dataset\images\train\219124.jpg,data\yolo_dataset\labels\train\219124.txt
208430,train,False,25,data\yolo_dataset\images\train\208430.jpg,data\yolo_dataset\labels\train\208430.txt
36045,train,False,24,data\yolo_dataset\images\train\36045.jpg,data\yolo_dataset\labels\train\36045.txt
128841,train,False,20,data\yolo_dataset\images\train\128841.jpg,data\yolo_dataset\labels\train\128841.txt
218492,train,False,29,data\yolo_dataset\images\train\218492.jpg,data\yolo_dataset\labels\train\218492.txt
23003,train,False,22,data\yolo_dataset\images\train\23003.jpg,data\yolo_dataset\labels\train\23003.txt
GMUF-0033520,train,False,9,data\yolo_dataset\images\train\GMUF-0033520.jpg,data\yolo_dataset\labels\train\GMUF-0033520.txt
GMUF-0033619,train,False,8,data\yolo_dataset\images\train\GMUF-0033619.jpg,data\yolo_dataset\labels\train\GMUF-0033619.txt
GMUF-0033607,train,False,18,data\yolo_dataset\images\train\GMUF-0033607.jpg,data\yolo_dataset\labels\train\GMUF-0033607.txt
GMUF-0033599,train,False,3,data\yolo_dataset\images\train\GMUF-0033599.jpg,data\yolo_dataset\labels\train\GMUF-0033599.txt
GMUF-0033602,train,False,18,data\yolo_dataset\images\train\GMUF-0033602.jpg,data\yolo_dataset\labels\train\GMUF-0033602.txt
GMUF-0033523,train,False,6,data\yolo_dataset\images\train\GMUF-0033523.jpg,data\yolo_dataset\labels\train\GMUF-0033523.txt
GMUF-0033606,train,False,14,data\yolo_dataset\images\train\GMUF-0033606.jpg,data\yolo_dataset\labels\train\GMUF-0033606.txt
GMUF-0033600,train,False,6,data\yolo_dataset\images\train\GMUF-0033600.jpg,data\yolo_dataset\labels\train\GMUF-0033600.txt
GMUF-0033605,train,False,22,data\yolo_dataset\images\train\GMUF-0033605.jpg,data\yolo_dataset\labels\train\GMUF-0033605.txt
GMUF-0033521,train,False,6,data\yolo_dataset\images\train\GMUF-0033521.jpg,data\yolo_dataset\labels\train\GMUF-0033521.txt
GMUF-0046861,train,False,27,data\yolo_dataset\images\train\GMUF-0046861.jpg,data\yolo_dataset\labels\train\GMUF-0046861.txt
GMUF-0033503,train,False,13,data\yolo_dataset\images\train\GMUF-0033503.jpg,data\yolo_dataset\labels\train\GMUF-0033503.txt
GMUF-0033519,train,False,9,data\yolo_dataset\images\train\GMUF-0033519.jpg,data\yolo_dataset\labels\train\GMUF-0033519.txt
GMUF-0033513,train,False,9,data\yolo_dataset\images\train\GMUF-0033513.jpg,data\yolo_dataset\labels\train\GMUF-0033513.txt
GMUF-0033533,train,False,6,data\yolo_dataset\images\train\GMUF-0033533.jpg,data\yolo_dataset\labels\train\GMUF-0033533.txt
GMUF-0050347,train,False,11,data\yolo_dataset\images\train\GMUF-0050347.jpg,data\yolo_dataset\labels\train\GMUF-0050347.txt
GMUF-0033618,train,False,8,data\yolo_dataset\images\train\GMUF-0033618.jpg,data\yolo_dataset\labels\train\GMUF-0033618.txt
GMUF-0033491,train,False,19,data\yolo_dataset\images\train\GMUF-0033491.jpg,data\yolo_dataset\labels\train\GMUF-0033491.txt
VPI-V-0016680,train,False,33,data\yolo_dataset\images\train\VPI-V-0016680.jpg,data\yolo_dataset\labels\train\VPI-V-0016680.txt
VPI-V-0012864,train,False,17,data\yolo_dataset\images\train\VPI-V-0012864.jpg,data\yolo_dataset\labels\train\VPI-V-0012864.txt
VPI-V-0012743,train,False,22,data\yolo_dataset\images\train\VPI-V-0012743.jpg,data\yolo_dataset\labels\train\VPI-V-0012743.txt
VPI-V-0016670,train,False,27,data\yolo_dataset\images\train\VPI-V-0016670.jpg,data\yolo_dataset\labels\train\VPI-V-0016670.txt
VPI-V-0016675,train,False,20,data\yolo_dataset\images\train\VPI-V-0016675.jpg,data\yolo_dataset\labels\train\VPI-V-0016675.txt
VPI-V-0016676,train,False,34,data\yolo_dataset\images\train\VPI-V-0016676.jpg,data\yolo_dataset\labels\train\VPI-V-0016676.txt
VPI-V-0012855,train,False,29,data\yolo_dataset\images\train\VPI-V-0012855.jpg,data\yolo_dataset\labels\train\VPI-V-0012855.txt
VPI-V-0012747,train,False,25,data\yolo_dataset\images\train\VPI-V-0012747.jpg,data\yolo_dataset\labels\train\VPI-V-0012747.txt
VPI-V-0016678,train,False,21,data\yolo_dataset\images\train\VPI-V-0016678.jpg,data\yolo_dataset\labels\train\VPI-V-0016678.txt
VPI-V-0016672,train,False,20,data\yolo_dataset\images\train\VPI-V-0016672.jpg,data\yolo_dataset\labels\train\VPI-V-0016672.txt
VPI-V-0012728,train,False,40,data\yolo_dataset\images\train\VPI-V-0012728.jpg,data\yolo_dataset\labels\train\VPI-V-0012728.txt
VPI-V-0016664,train,False,26,data\yolo_dataset\images\train\VPI-V-0016664.jpg,data\yolo_dataset\labels\train\VPI-V-0016664.txt
VPI-V-0012861,train,False,17,data\yolo_dataset\images\train\VPI-V-0012861.jpg,data\yolo_dataset\labels\train\VPI-V-0012861.txt
VPI-V-0016677,train,False,18,data\yolo_dataset\images\train\VPI-V-0016677.jpg,data\yolo_dataset\labels\train\VPI-V-0016677.txt
VPI-V-0012857,train,False,24,data\yolo_dataset\images\train\VPI-V-0012857.jpg,data\yolo_dataset\labels\train\VPI-V-0012857.txt
VPI-V-0016659,train,False,26,data\yolo_dataset\images\train\VPI-V-0016659.jpg,data\yolo_dataset\labels\train\VPI-V-0016659.txt
VPI-V-0012734,train,False,20,data\yolo_dataset\images\train\VPI-V-0012734.jpg,data\yolo_dataset\labels\train\VPI-V-0012734.txt
VPI-V-0012746,train,False,19,data\yolo_dataset\images\train\VPI-V-0012746.jpg,data\yolo_dataset\labels\train\VPI-V-0012746.txt
VPI-V-0016666,train,False,27,data\yolo_dataset\images\train\VPI-V-0016666.jpg,data\yolo_dataset\labels\train\VPI-V-0016666.txt
VPI-V-0016665,train,False,15,data\yolo_dataset\images\train\VPI-V-0016665.jpg,data\yolo_dataset\labels\train\VPI-V-0016665.txt
VPI-V-0012722,train,False,10,data\yolo_dataset\images\train\VPI-V-0012722.jpg,data\yolo_dataset\labels\train\VPI-V-0012722.txt
VPI-V-0012862,train,False,8,data\yolo_dataset\images\train\VPI-V-0012862.jpg,data\yolo_dataset\labels\train\VPI-V-0012862.txt
VPI-V-0016660,train,False,15,data\yolo_dataset\images\train\VPI-V-0016660.jpg,data\yolo_dataset\labels\train\VPI-V-0016660.txt
VPI-V-0012866,train,False,13,data\yolo_dataset\images\train\VPI-V-0012866.jpg,data\yolo_dataset\labels\train\VPI-V-0012866.txt
VPI-V-0012867,train,False,9,data\yolo_dataset\images\train\VPI-V-0012867.jpg,data\yolo_dataset\labels\train\VPI-V-0012867.txt
VPI-V-0012863,train,False,15,data\yolo_dataset\images\train\VPI-V-0012863.jpg,data\yolo_dataset\labels\train\VPI-V-0012863.txt
VPI-V-0016668,train,False,37,data\yolo_dataset\images\train\VPI-V-0016668.jpg,data\yolo_dataset\labels\train\VPI-V-0016668.txt
VPI-V-0016657,train,False,23,data\yolo_dataset\images\train\VPI-V-0016657.jpg,data\yolo_dataset\labels\train\VPI-V-0016657.txt
SAT0031081,train,False,19,data\yolo_dataset\images\train\SAT0031081.jpg,data\yolo_dataset\labels\train\SAT0031081.txt
SAT0016523,train,False,15,data\yolo_dataset\images\train\SAT0016523.jpg,data\yolo_dataset\labels\train\SAT0016523.txt
SAT0026008,train,False,15,data\yolo_dataset\images\train\SAT0026008.jpg,data\yolo_dataset\labels\train\SAT0026008.txt
SAT0031210,train,False,21,data\yolo_dataset\images\train\SAT0031210.jpg,data\yolo_dataset\labels\train\SAT0031210.txt
SAT0054817,train,False,15,data\yolo_dataset\images\train\SAT0054817.jpg,data\yolo_dataset\labels\train\SAT0054817.txt
SAT0016522,train,False,29,data\yolo_dataset\images\train\SAT0016522.jpg,data\yolo_dataset\labels\train\SAT0016522.txt
SAT0031000,train,False,30,data\yolo_dataset\images\train\SAT0031000.jpg,data\yolo_dataset\labels\train\SAT0031000.txt
VSC0060894,train,False,14,data\yolo_dataset\images\train\VSC0060894.jpg,data\yolo_dataset\labels\train\VSC0060894.txt
VSC0060892,train,False,15,data\yolo_dataset\images\train\VSC0060892.jpg,data\yolo_dataset\labels\train\VSC0060892.txt
VSC0060893,train,False,12,data\yolo_dataset\images\train\VSC0060893.jpg,data\yolo_dataset\labels\train\VSC0060893.txt
VSC0061395,train,False,19,data\yolo_dataset\images\train\VSC0061395.jpg,data\yolo_dataset\labels\train\VSC0061395.txt
VSC0061396,train,False,27,data\yolo_dataset\images\train\VSC0061396.jpg,data\yolo_dataset\labels\train\VSC0061396.txt
VSC0060886,train,False,21,data\yolo_dataset\images\train\VSC0060886.jpg,data\yolo_dataset\labels\train\VSC0060886.txt
VSC0060874,train,False,12,data\yolo_dataset\images\train\VSC0060874.jpg,data\yolo_dataset\labels\train\VSC0060874.txt
VSC0060888,train,False,17,data\yolo_dataset\images\train\VSC0060888.jpg,data\yolo_dataset\labels\train\VSC0060888.txt
VSC0060891,train,False,11,data\yolo_dataset\images\train\VSC0060891.jpg,data\yolo_dataset\labels\train\VSC0060891.txt
VSC0061399,train,False,13,data\yolo_dataset\images\train\VSC0061399.jpg,data\yolo_dataset\labels\train\VSC0061399.txt
VSC0060889,train,False,15,data\yolo_dataset\images\train\VSC0060889.jpg,data\yolo_dataset\labels\train\VSC0060889.txt
VSC0060900,train,False,23,data\yolo_dataset\images\train\VSC0060900.jpg,data\yolo_dataset\labels\train\VSC0060900.txt
VSC0061400,train,False,17,data\yolo_dataset\images\train\VSC0061400.jpg,data\yolo_dataset\labels\train\VSC0061400.txt
6219,train,False,26,data\yolo_dataset\images\train\6219.jpg,data\yolo_dataset\labels\train\6219.txt
19400,train,False,13,data\yolo_dataset\images\train\19400.jpg,data\yolo_dataset\labels\train\19400.txt
29225,train,False,25,data\yolo_dataset\images\train\29225.jpg,data\yolo_dataset\labels\train\29225.txt
14505,train,False,18,data\yolo_dataset\images\train\14505.jpg,data\yolo_dataset\labels\train\14505.txt
44124,train,False,24,data\yolo_dataset\images\train\44124.jpg,data\yolo_dataset\labels\train\44124.txt
10869,train,False,10,data\yolo_dataset\images\train\10869.jpg,data\yolo_dataset\labels\train\10869.txt
56130,train,False,15,data\yolo_dataset\images\train\56130.jpg,data\yolo_dataset\labels\train\56130.txt
66815,train,False,14,data\yolo_dataset\images\train\66815.jpg,data\yolo_dataset\labels\train\66815.txt
15729,train,False,16,data\yolo_dataset\images\train\15729.jpg,data\yolo_dataset\labels\train\15729.txt
48243,train,False,15,data\yolo_dataset\images\train\48243.jpg,data\yolo_dataset\labels\train\48243.txt
4523,train,False,35,data\yolo_dataset\images\train\4523.jpg,data\yolo_dataset\labels\train\4523.txt
30342,train,False,12,data\yolo_dataset\images\train\30342.jpg,data\yolo_dataset\labels\train\30342.txt
3996,train,False,33,data\yolo_dataset\images\train\3996.jpg,data\yolo_dataset\labels\train\3996.txt
52033,train,False,17,data\yolo_dataset\images\train\52033.jpg,data\yolo_dataset\labels\train\52033.txt
32683,train,False,28,data\yolo_dataset\images\train\32683.jpg,data\yolo_dataset\labels\train\32683.txt
11135,train,False,17,data\yolo_dataset\images\train\11135.jpg,data\yolo_dataset\labels\train\11135.txt
13828,train,False,25,data\yolo_dataset\images\train\13828.jpg,data\yolo_dataset\labels\train\13828.txt
16774,train,False,18,data\yolo_dataset\images\train\16774.jpg,data\yolo_dataset\labels\train\16774.txt
5730,train,False,26,data\yolo_dataset\images\train\5730.jpg,data\yolo_dataset\labels\train\5730.txt
23847,train,False,24,data\yolo_dataset\images\train\23847.jpg,data\yolo_dataset\labels\train\23847.txt
47531,train,False,23,data\yolo_dataset\images\train\47531.jpg,data\yolo_dataset\labels\train\47531.txt
58218,train,False,16,data\yolo_dataset\images\train\58218.jpg,data\yolo_dataset\labels\train\58218.txt
23842,train,False,16,data\yolo_dataset\images\train\23842.jpg,data\yolo_dataset\labels\train\23842.txt
19398,train,False,6,data\yolo_dataset\images\train\19398.jpg,data\yolo_dataset\labels\train\19398.txt
57401,train,False,22,data\yolo_dataset\images\train\57401.jpg,data\yolo_dataset\labels\train\57401.txt
DUKE10121442,train,False,1,data\yolo_dataset\images\train\DUKE10121442.jpg,data\yolo_dataset\labels\train\DUKE10121442.txt
AUA000006079,train,False,2,data\yolo_dataset\images\train\AUA000006079.jpg,data\yolo_dataset\labels\train\AUA000006079.txt
AUA000006255,train,False,2,data\yolo_dataset\images\train\AUA000006255.jpg,data\yolo_dataset\labels\train\AUA000006255.txt
AUA000006182,train,False,2,data\yolo_dataset\images\train\AUA000006182.jpg,data\yolo_dataset\labels\train\AUA000006182.txt
AUA000006023,train,False,2,data\yolo_dataset\images\train\AUA000006023.jpg,data\yolo_dataset\labels\train\AUA000006023.txt
AUA000006052,train,False,2,data\yolo_dataset\images\train\AUA000006052.jpg,data\yolo_dataset\labels\train\AUA000006052.txt
AUA000006253,train,False,2,data\yolo_dataset\images\train\AUA000006253.jpg,data\yolo_dataset\labels\train\AUA000006253.txt
AUA000006014,train,False,3,data\yolo_dataset\images\train\AUA000006014.jpg,data\yolo_dataset\labels\train\AUA000006014.txt
AUA000006263,train,False,3,data\yolo_dataset\images\train\AUA000006263.jpg,data\yolo_dataset\labels\train\AUA000006263.txt
AUA000006175,train,False,3,data\yolo_dataset\images\train\AUA000006175.jpg,data\yolo_dataset\labels\train\AUA000006175.txt
AUA000006262,train,False,2,data\yolo_dataset\images\train\AUA000006262.jpg,data\yolo_dataset\labels\train\AUA000006262.txt
AUA000006184,train,False,2,data\yolo_dataset\images\train\AUA000006184.jpg,data\yolo_dataset\labels\train\AUA000006184.txt
AUA000006176,train,False,3,data\yolo_dataset\images\train\AUA000006176.jpg,data\yolo_dataset\labels\train\AUA000006176.txt
AUA000006259,train,False,2,data\yolo_dataset\images\train\AUA000006259.jpg,data\yolo_dataset\labels\train\AUA000006259.txt
AUA000006082,train,False,2,data\yolo_dataset\images\train\AUA000006082.jpg,data\yolo_dataset\labels\train\AUA000006082.txt
AUA000006181,train,False,2,data\yolo_dataset\images\train\AUA000006181.jpg,data\yolo_dataset\labels\train\AUA000006181.txt
AUA000006174,train,False,2,data\yolo_dataset\images\train\AUA000006174.jpg,data\yolo_dataset\labels\train\AUA000006174.txt
AUA000006254,train,False,2,data\yolo_dataset\images\train\AUA000006254.jpg,data\yolo_dataset\labels\train\AUA000006254.txt
AUA000006093,train,False,2,data\yolo_dataset\images\train\AUA000006093.jpg,data\yolo_dataset\labels\train\AUA000006093.txt
AUA000006177,train,False,2,data\yolo_dataset\images\train\AUA000006177.jpg,data\yolo_dataset\labels\train\AUA000006177.txt
AUA000006261,train,False,2,data\yolo_dataset\images\train\AUA000006261.jpg,data\yolo_dataset\labels\train\AUA000006261.txt
AUA000006062,train,False,2,data\yolo_dataset\images\train\AUA000006062.jpg,data\yolo_dataset\labels\train\AUA000006062.txt
AUA000006180,train,False,2,data\yolo_dataset\images\train\AUA000006180.jpg,data\yolo_dataset\labels\train\AUA000006180.txt
AUA000006264,train,False,2,data\yolo_dataset\images\train\AUA000006264.jpg,data\yolo_dataset\labels\train\AUA000006264.txt
AUA000006257,train,False,2,data\yolo_dataset\images\train\AUA000006257.jpg,data\yolo_dataset\labels\train\AUA000006257.txt
AUA000006042,train,False,3,data\yolo_dataset\images\train\AUA000006042.jpg,data\yolo_dataset\labels\train\AUA000006042.txt
AUA000006084,train,False,3,data\yolo_dataset\images\train\AUA000006084.jpg,data\yolo_dataset\labels\train\AUA000006084.txt
K002565190,train,False,13,data\yolo_dataset\images\train\K002565190.jpg,data\yolo_dataset\labels\train\K002565190.txt
K002565184,train,False,20,data\yolo_dataset\images\train\K002565184.jpg,data\yolo_dataset\labels\train\K002565184.txt
K002565175,train,False,7,data\yolo_dataset\images\train\K002565175.jpg,data\yolo_dataset\labels\train\K002565175.txt
K002565187,train,False,18,data\yolo_dataset\images\train\K002565187.jpg,data\yolo_dataset\labels\train\K002565187.txt
K002565188,train,False,12,data\yolo_dataset\images\train\K002565188.jpg,data\yolo_dataset\labels\train\K002565188.txt
K002565183,train,False,16,data\yolo_dataset\images\train\K002565183.jpg,data\yolo_dataset\labels\train\K002565183.txt
ASC00043485,train,False,1,data\yolo_dataset\images\train\ASC00043485.jpg,data\yolo_dataset\labels\train\ASC00043485.txt
31234100268844,train,False,33,data\yolo_dataset\images\train\31234100268844.jpg,data\yolo_dataset\labels\train\31234100268844.txt
31234100269065,train,False,39,data\yolo_dataset\images\train\31234100269065.jpg,data\yolo_dataset\labels\train\31234100269065.txt
31234100313657,train,False,35,data\yolo_dataset\images\train\31234100313657.jpg,data\yolo_dataset\labels\train\31234100313657.txt
31234100431236,train,False,23,data\yolo_dataset\images\train\31234100431236.jpg,data\yolo_dataset\labels\train\31234100431236.txt
31234100268711,train,False,38,data\yolo_dataset\images\train\31234100268711.jpg,data\yolo_dataset\labels\train\31234100268711.txt
31234100268737,train,False,52,data\yolo_dataset\images\train\31234100268737.jpg,data\yolo_dataset\labels\train\31234100268737.txt
31234100268836,train,False,47,data\yolo_dataset\images\train\31234100268836.jpg,data\yolo_dataset\labels\train\31234100268836.txt
238444,train,False,43,data\yolo_dataset\images\train\238444.jpg,data\yolo_dataset\labels\train\238444.txt
353425,train,False,14,data\yolo_dataset\images\train\353425.jpg,data\yolo_dataset\labels\train\353425.txt
177948,train,False,27,data\yolo_dataset\images\train\177948.jpg,data\yolo_dataset\labels\train\177948.txt
178000,train,False,27,data\yolo_dataset\images\train\178000.jpg,data\yolo_dataset\labels\train\178000.txt
131390,train,False,26,data\yolo_dataset\images\train\131390.jpg,data\yolo_dataset\labels\train\131390.txt
183187,train,False,22,data\yolo_dataset\images\train\183187.jpg,data\yolo_dataset\labels\train\183187.txt
342795,train,False,6,data\yolo_dataset\images\train\342795.jpg,data\yolo_dataset\labels\train\342795.txt
335048,train,False,8,data\yolo_dataset\images\train\335048.jpg,data\yolo_dataset\labels\train\335048.txt
246704,train,False,25,data\yolo_dataset\images\train\246704.jpg,data\yolo_dataset\labels\train\246704.txt
201298,train,False,23,data\yolo_dataset\images\train\201298.jpg,data\yolo_dataset\labels\train\201298.txt
L.3657984,train,False,19,data\yolo_dataset\images\train\L.3657984.jpg,data\yolo_dataset\labels\train\L.3657984.txt
WAG.1484997,train,False,35,data\yolo_dataset\images\train\WAG.1484997.jpg,data\yolo_dataset\labels\train\WAG.1484997.txt
L.3657985,train,False,21,data\yolo_dataset\images\train\L.3657985.jpg,data\yolo_dataset\labels\train\L.3657985.txt
L.3657988,train,False,20,data\yolo_dataset\images\train\L.3657988.jpg,data\yolo_dataset\labels\train\L.3657988.txt
L.3657987,train,False,13,data\yolo_dataset\images\train\L.3657987.jpg,data\yolo_dataset\labels\train\L.3657987.txt
U.1143053,train,False,19,data\yolo_dataset\images\train\U.1143053.jpg,data\yolo_dataset\labels\train\U.1143053.txt
U.1143057,train,False,22,data\yolo_dataset\images\train\U.1143057.jpg,data\yolo_dataset\labels\train\U.1143057.txt
CMC00017204,train,False,11,data\yolo_dataset\images\train\CMC00017204.jpg,data\yolo_dataset\labels\train\CMC00017204.txt
LSUS002434,train,False,32,data\yolo_dataset\images\train\LSUS002434.jpg,data\yolo_dataset\labels\train\LSUS002434.txt
LSUS008384,train,False,26,data\yolo_dataset\images\train\LSUS008384.jpg,data\yolo_dataset\labels\train\LSUS008384.txt
LSUS008386,train,False,25,data\yolo_dataset\images\train\LSUS008386.jpg,data\yolo_dataset\labels\train\LSUS008386.txt
LSUS008389,train,False,26,data\yolo_dataset\images\train\LSUS008389.jpg,data\yolo_dataset\labels\train\LSUS008389.txt
LFCC-0013686,train,False,27,data\yolo_dataset\images\train\LFCC-0013686.jpg,data\yolo_dataset\labels\train\LFCC-0013686.txt
LFCC-0006183,train,False,2,data\yolo_dataset\images\train\LFCC-0006183.jpg,data\yolo_dataset\labels\train\LFCC-0006183.txt
LFCC-0013841,train,False,25,data\yolo_dataset\images\train\LFCC-0013841.jpg,data\yolo_dataset\labels\train\LFCC-0013841.txt
BALT0036096,train,False,1,data\yolo_dataset\images\train\BALT0036096.jpg,data\yolo_dataset\labels\train\BALT0036096.txt
BALT0036097,train,False,2,data\yolo_dataset\images\train\BALT0036097.jpg,data\yolo_dataset\labels\train\BALT0036097.txt
BALT0036092,train,False,2,data\yolo_dataset\images\train\BALT0036092.jpg,data\yolo_dataset\labels\train\BALT0036092.txt
BALT0036091,train,False,6,data\yolo_dataset\images\train\BALT0036091.jpg,data\yolo_dataset\labels\train\BALT0036091.txt
BALT0036098,train,False,2,data\yolo_dataset\images\train\BALT0036098.jpg,data\yolo_dataset\labels\train\BALT0036098.txt
BALT0036095,train,False,2,data\yolo_dataset\images\train\BALT0036095.jpg,data\yolo_dataset\labels\train\BALT0036095.txt
NHA-563548,train,False,16,data\yolo_dataset\images\train\NHA-563548.jpg,data\yolo_dataset\labels\train\NHA-563548.txt
NHA-563550,train,False,19,data\yolo_dataset\images\train\NHA-563550.jpg,data\yolo_dataset\labels\train\NHA-563550.txt
KESC10833,train,False,25,data\yolo_dataset\images\train\KESC10833.jpg,data\yolo_dataset\labels\train\KESC10833.txt
DES00013904,train,False,29,data\yolo_dataset\images\train\DES00013904.jpg,data\yolo_dataset\labels\train\DES00013904.txt
34268,train,False,21,data\yolo_dataset\images\train\34268.jpg,data\yolo_dataset\labels\train\34268.txt
CSCN-V-0012136,train,False,2,data\yolo_dataset\images\train\CSCN-V-0012136.jpg,data\yolo_dataset\labels\train\CSCN-V-0012136.txt
BAYLU034320,train,False,1,data\yolo_dataset\images\train\BAYLU034320.jpg,data\yolo_dataset\labels\train\BAYLU034320.txt
GA269877,train,False,2,data\yolo_dataset\images\train\GA269877.jpg,data\yolo_dataset\labels\train\GA269877.txt
340657,train,False,40,data\yolo_dataset\images\train\340657.jpg,data\yolo_dataset\labels\train\340657.txt
CHRB0026279,train,False,1,data\yolo_dataset\images\train\CHRB0026279.jpg,data\yolo_dataset\labels\train\CHRB0026279.txt
CHRB0026278,train,False,2,data\yolo_dataset\images\train\CHRB0026278.jpg,data\yolo_dataset\labels\train\CHRB0026278.txt
CHRB0026274,train,False,2,data\yolo_dataset\images\train\CHRB0026274.jpg,data\yolo_dataset\labels\train\CHRB0026274.txt
WCUH0005815,train,False,16,data\yolo_dataset\images\train\WCUH0005815.jpg,data\yolo_dataset\labels\train\WCUH0005815.txt
WCUH0005616,train,False,16,data\yolo_dataset\images\train\WCUH0005616.jpg,data\yolo_dataset\labels\train\WCUH0005616.txt
WCUH0005602,train,False,28,data\yolo_dataset\images\train\WCUH0005602.jpg,data\yolo_dataset\labels\train\WCUH0005602.txt
USMS_000024066,train,False,17,data\yolo_dataset\images\train\USMS_000024066.jpg,data\yolo_dataset\labels\train\USMS_000024066.txt
USMS_000007726,train,False,2,data\yolo_dataset\images\train\USMS_000007726.jpg,data\yolo_dataset\labels\train\USMS_000007726.txt
USMS_000007728,train,False,2,data\yolo_dataset\images\train\USMS_000007728.jpg,data\yolo_dataset\labels\train\USMS_000007728.txt
USMS_000007762,train,False,2,data\yolo_dataset\images\train\USMS_000007762.jpg,data\yolo_dataset\labels\train\USMS_000007762.txt
IND-0156559,train,False,27,data\yolo_dataset\images\train\IND-0156559.jpg,data\yolo_dataset\labels\train\IND-0156559.txt
IND-0137729,train,False,29,data\yolo_dataset\images\train\IND-0137729.jpg,data\yolo_dataset\labels\train\IND-0137729.txt
IND-0137725,train,False,26,data\yolo_dataset\images\train\IND-0137725.jpg,data\yolo_dataset\labels\train\IND-0137725.txt
IND-0137727,train,False,29,data\yolo_dataset\images\train\IND-0137727.jpg,data\yolo_dataset\labels\train\IND-0137727.txt
OBI152856,train,False,17,data\yolo_dataset\images\train\OBI152856.jpg,data\yolo_dataset\labels\train\OBI152856.txt
408189,train,False,30,data\yolo_dataset\images\train\408189.jpg,data\yolo_dataset\labels\train\408189.txt
3588279,train,False,19,data\yolo_dataset\images\train\3588279.jpg,data\yolo_dataset\labels\train\3588279.txt
PH00249815,train,False,6,data\yolo_dataset\images\train\PH00249815.jpg,data\yolo_dataset\labels\train\PH00249815.txt
PH00249822,train,False,2,data\yolo_dataset\images\train\PH00249822.jpg,data\yolo_dataset\labels\train\PH00249822.txt
PH00184522,train,False,27,data\yolo_dataset\images\train\PH00184522.jpg,data\yolo_dataset\labels\train\PH00184522.txt
PH00249825,train,False,6,data\yolo_dataset\images\train\PH00249825.jpg,data\yolo_dataset\labels\train\PH00249825.txt
UNM0017788,train,False,10,data\yolo_dataset\images\train\UNM0017788.jpg,data\yolo_dataset\labels\train\UNM0017788.txt
KHD00029054,train,False,15,data\yolo_dataset\images\train\KHD00029054.jpg,data\yolo_dataset\labels\train\KHD00029054.txt
TTC010615,train,False,2,data\yolo_dataset\images\train\TTC010615.jpg,data\yolo_dataset\labels\train\TTC010615.txt
NMC036677,train,False,38,data\yolo_dataset\images\train\NMC036677.jpg,data\yolo_dataset\labels\train\NMC036677.txt
BCH002728,train,False,13,data\yolo_dataset\images\train\BCH002728.jpg,data\yolo_dataset\labels\train\BCH002728.txt
BCH002573,train,False,10,data\yolo_dataset\images\train\BCH002573.jpg,data\yolo_dataset\labels\train\BCH002573.txt
BCH002655,train,False,20,data\yolo_dataset\images\train\BCH002655.jpg,data\yolo_dataset\labels\train\BCH002655.txt
BCH000107,train,False,22,data\yolo_dataset\images\train\BCH000107.jpg,data\yolo_dataset\labels\train\BCH000107.txt
BCH002818,train,False,21,data\yolo_dataset\images\train\BCH002818.jpg,data\yolo_dataset\labels\train\BCH002818.txt
BCH000108,train,False,40,data\yolo_dataset\images\train\BCH000108.jpg,data\yolo_dataset\labels\train\BCH000108.txt
TENN-V-0244864,train,False,18,data\yolo_dataset\images\train\TENN-V-0244864.jpg,data\yolo_dataset\labels\train\TENN-V-0244864.txt
TENN-V-0255732,train,False,3,data\yolo_dataset\images\train\TENN-V-0255732.jpg,data\yolo_dataset\labels\train\TENN-V-0255732.txt
TENN-V-0236285,train,False,2,data\yolo_dataset\images\train\TENN-V-0236285.jpg,data\yolo_dataset\labels\train\TENN-V-0236285.txt
000331814,train,False,25,data\yolo_dataset\images\train\000331814.jpg,data\yolo_dataset\labels\train\000331814.txt
MOAR0026630,train,False,1,data\yolo_dataset\images\train\MOAR0026630.jpg,data\yolo_dataset\labels\train\MOAR0026630.txt
MOAR0025524,train,False,8,data\yolo_dataset\images\train\MOAR0025524.jpg,data\yolo_dataset\labels\train\MOAR0025524.txt
MOAR0000572,train,False,2,data\yolo_dataset\images\train\MOAR0000572.jpg,data\yolo_dataset\labels\train\MOAR0000572.txt
ERSK0002436,train,False,2,data\yolo_dataset\images\train\ERSK0002436.jpg,data\yolo_dataset\labels\train\ERSK0002436.txt
NBYC020185,train,False,2,data\yolo_dataset\images\train\NBYC020185.jpg,data\yolo_dataset\labels\train\NBYC020185.txt
ETSU012729,train,False,2,data\yolo_dataset\images\train\ETSU012729.jpg,data\yolo_dataset\labels\train\ETSU012729.txt
ETSU012747,train,False,2,data\yolo_dataset\images\train\ETSU012747.jpg,data\yolo_dataset\labels\train\ETSU012747.txt
ETSU007114,train,False,2,data\yolo_dataset\images\train\ETSU007114.jpg,data\yolo_dataset\labels\train\ETSU007114.txt
ETSU005473,train,False,3,data\yolo_dataset\images\train\ETSU005473.jpg,data\yolo_dataset\labels\train\ETSU005473.txt
ETSU012732,train,False,2,data\yolo_dataset\images\train\ETSU012732.jpg,data\yolo_dataset\labels\train\ETSU012732.txt
ETSU012733,train,False,3,data\yolo_dataset\images\train\ETSU012733.jpg,data\yolo_dataset\labels\train\ETSU012733.txt
ETSU009478,train,False,2,data\yolo_dataset\images\train\ETSU009478.jpg,data\yolo_dataset\labels\train\ETSU009478.txt
ETSU012723,train,False,16,data\yolo_dataset\images\train\ETSU012723.jpg,data\yolo_dataset\labels\train\ETSU012723.txt
ETSU005592,train,False,2,data\yolo_dataset\images\train\ETSU005592.jpg,data\yolo_dataset\labels\train\ETSU005592.txt
ETSU012748,train,False,37,data\yolo_dataset\images\train\ETSU012748.jpg,data\yolo_dataset\labels\train\ETSU012748.txt
ETSU012730,train,False,2,data\yolo_dataset\images\train\ETSU012730.jpg,data\yolo_dataset\labels\train\ETSU012730.txt
ETSU012726,train,False,4,data\yolo_dataset\images\train\ETSU012726.jpg,data\yolo_dataset\labels\train\ETSU012726.txt
ETSU012724,train,False,3,data\yolo_dataset\images\train\ETSU012724.jpg,data\yolo_dataset\labels\train\ETSU012724.txt
ETSU034193,train,False,2,data\yolo_dataset\images\train\ETSU034193.jpg,data\yolo_dataset\labels\train\ETSU034193.txt
ETSU034192,train,False,3,data\yolo_dataset\images\train\ETSU034192.jpg,data\yolo_dataset\labels\train\ETSU034192.txt
ETSU012746,train,False,2,data\yolo_dataset\images\train\ETSU012746.jpg,data\yolo_dataset\labels\train\ETSU012746.txt
US_3697265,train,False,35,data\yolo_dataset\images\train\US_3697265.jpg,data\yolo_dataset\labels\train\US_3697265.txt
US_3697234,train,False,1,data\yolo_dataset\images\train\US_3697234.jpg,data\yolo_dataset\labels\train\US_3697234.txt
CAU00001781,train,False,16,data\yolo_dataset\images\train\CAU00001781.jpg,data\yolo_dataset\labels\train\CAU00001781.txt
MMNS036404,train,False,8,data\yolo_dataset\images\train\MMNS036404.jpg,data\yolo_dataset\labels\train\MMNS036404.txt
HTTU003648,train,False,2,data\yolo_dataset\images\train\HTTU003648.jpg,data\yolo_dataset\labels\train\HTTU003648.txt
WVA-V-0079044,train,False,20,data\yolo_dataset\images\train\WVA-V-0079044.jpg,data\yolo_dataset\labels\train\WVA-V-0079044.txt
WVA-V-0079055,train,False,2,data\yolo_dataset\images\train\WVA-V-0079055.jpg,data\yolo_dataset\labels\train\WVA-V-0079055.txt
WVA-V-0079060,train,False,12,data\yolo_dataset\images\train\WVA-V-0079060.jpg,data\yolo_dataset\labels\train\WVA-V-0079060.txt
WVA-V-0079068,train,False,2,data\yolo_dataset\images\train\WVA-V-0079068.jpg,data\yolo_dataset\labels\train\WVA-V-0079068.txt
WVA-V-0079072,train,False,9,data\yolo_dataset\images\train\WVA-V-0079072.jpg,data\yolo_dataset\labels\train\WVA-V-0079072.txt
WVA-V-0079134,train,False,2,data\yolo_dataset\images\train\WVA-V-0079134.jpg,data\yolo_dataset\labels\train\WVA-V-0079134.txt
WVA-V-0079076,train,False,1,data\yolo_dataset\images\train\WVA-V-0079076.jpg,data\yolo_dataset\labels\train\WVA-V-0079076.txt
WVA-V-0079143,train,False,2,data\yolo_dataset\images\train\WVA-V-0079143.jpg,data\yolo_dataset\labels\train\WVA-V-0079143.txt
WVA-V-0079056,train,False,13,data\yolo_dataset\images\train\WVA-V-0079056.jpg,data\yolo_dataset\labels\train\WVA-V-0079056.txt
WVA-V-0079077,train,False,22,data\yolo_dataset\images\train\WVA-V-0079077.jpg,data\yolo_dataset\labels\train\WVA-V-0079077.txt
WVA-V-0079050,train,False,2,data\yolo_dataset\images\train\WVA-V-0079050.jpg,data\yolo_dataset\labels\train\WVA-V-0079050.txt
WVA-V-0079046,train,False,2,data\yolo_dataset\images\train\WVA-V-0079046.jpg,data\yolo_dataset\labels\train\WVA-V-0079046.txt
WVA-V-0079075,train,False,27,data\yolo_dataset\images\train\WVA-V-0079075.jpg,data\yolo_dataset\labels\train\WVA-V-0079075.txt
WVA-V-0079070,train,False,13,data\yolo_dataset\images\train\WVA-V-0079070.jpg,data\yolo_dataset\labels\train\WVA-V-0079070.txt
SBAC00731,train,False,2,data\yolo_dataset\images\train\SBAC00731.jpg,data\yolo_dataset\labels\train\SBAC00731.txt
31234100268869,train,False,35,data\yolo_dataset\images\train\31234100268869.jpg,data\yolo_dataset\labels\train\31234100268869.txt
31234100268851,train,False,46,data\yolo_dataset\images\train\31234100268851.jpg,data\yolo_dataset\labels\train\31234100268851.txt
31234100269040,train,False,42,data\yolo_dataset\images\train\31234100269040.jpg,data\yolo_dataset\labels\train\31234100269040.txt
31234100269057,train,False,43,data\yolo_dataset\images\train\31234100269057.jpg,data\yolo_dataset\labels\train\31234100269057.txt
31234100268950,train,False,45,data\yolo_dataset\images\train\31234100268950.jpg,data\yolo_dataset\labels\train\31234100268950.txt
31234100269271,train,False,44,data\yolo_dataset\images\train\31234100269271.jpg,data\yolo_dataset\labels\train\31234100269271.txt
31234100268687,train,False,42,data\yolo_dataset\images\train\31234100268687.jpg,data\yolo_dataset\labels\train\31234100268687.txt
31234100269164,train,False,56,data\yolo_dataset\images\train\31234100269164.jpg,data\yolo_dataset\labels\train\31234100269164.txt
31234100269024,train,False,44,data\yolo_dataset\images\train\31234100269024.jpg,data\yolo_dataset\labels\train\31234100269024.txt
31234100268976,train,False,37,data\yolo_dataset\images\train\31234100268976.jpg,data\yolo_dataset\labels\train\31234100268976.txt
31234100269032,train,False,43,data\yolo_dataset\images\train\31234100269032.jpg,data\yolo_dataset\labels\train\31234100269032.txt
31234100268877,train,False,44,data\yolo_dataset\images\train\31234100268877.jpg,data\yolo_dataset\labels\train\31234100268877.txt
31234100073269,train,False,45,data\yolo_dataset\images\train\31234100073269.jpg,data\yolo_dataset\labels\train\31234100073269.txt
31234100269198,train,False,41,data\yolo_dataset\images\train\31234100269198.jpg,data\yolo_dataset\labels\train\31234100269198.txt
31234100268620,train,False,40,data\yolo_dataset\images\train\31234100268620.jpg,data\yolo_dataset\labels\train\31234100268620.txt
MISSA005238,train,False,14,data\yolo_dataset\images\train\MISSA005238.jpg,data\yolo_dataset\labels\train\MISSA005238.txt
MISSA005236,train,False,12,data\yolo_dataset\images\train\MISSA005236.jpg,data\yolo_dataset\labels\train\MISSA005236.txt
JMUH0004585,train,False,21,data\yolo_dataset\images\train\JMUH0004585.jpg,data\yolo_dataset\labels\train\JMUH0004585.txt
BRYV0270416,train,False,31,data\yolo_dataset\images\train\BRYV0270416.jpg,data\yolo_dataset\labels\train\BRYV0270416.txt
BRYV0270399,train,False,11,data\yolo_dataset\images\train\BRYV0270399.jpg,data\yolo_dataset\labels\train\BRYV0270399.txt
BRYV0270393,train,False,25,data\yolo_dataset\images\train\BRYV0270393.jpg,data\yolo_dataset\labels\train\BRYV0270393.txt
BRYV0270392,train,False,17,data\yolo_dataset\images\train\BRYV0270392.jpg,data\yolo_dataset\labels\train\BRYV0270392.txt
BRYV0270417,train,False,39,data\yolo_dataset\images\train\BRYV0270417.jpg,data\yolo_dataset\labels\train\BRYV0270417.txt
BRYV0270398,train,False,13,data\yolo_dataset\images\train\BRYV0270398.jpg,data\yolo_dataset\labels\train\BRYV0270398.txt
LYN-0005435,train,False,3,data\yolo_dataset\images\train\LYN-0005435.jpg,data\yolo_dataset\labels\train\LYN-0005435.txt
CHSC072351,train,False,8,data\yolo_dataset\images\train\CHSC072351.jpg,data\yolo_dataset\labels\train\CHSC072351.txt
NCZP00000198,train,False,32,data\yolo_dataset\images\train\NCZP00000198.jpg,data\yolo_dataset\labels\train\NCZP00000198.txt
NCZP00000199,train,False,31,data\yolo_dataset\images\train\NCZP00000199.jpg,data\yolo_dataset\labels\train\NCZP00000199.txt
UCHT039664,train,False,3,data\yolo_dataset\images\train\UCHT039664.jpg,data\yolo_dataset\labels\train\UCHT039664.txt
CCUH0005358,train,False,1,data\yolo_dataset\images\train\CCUH0005358.jpg,data\yolo_dataset\labels\train\CCUH0005358.txt
WVW003014,train,False,12,data\yolo_dataset\images\train\WVW003014.jpg,data\yolo_dataset\labels\train\WVW003014.txt
UAM026524,train,False,8,data\yolo_dataset\images\train\UAM026524.jpg,data\yolo_dataset\labels\train\UAM026524.txt
NCU00089451,train,False,22,data\yolo_dataset\images\train\NCU00089451.jpg,data\yolo_dataset\labels\train\NCU00089451.txt
NCSC00103536,train,False,14,data\yolo_dataset\images\train\NCSC00103536.jpg,data\yolo_dataset\labels\train\NCSC00103536.txt
MISS0069047,train,False,12,data\yolo_dataset\images\train\MISS0069047.jpg,data\yolo_dataset\labels\train\MISS0069047.txt
neg_sheet_LSU00083068_00,train,True,0,data\yolo_dataset\images\train\neg_sheet_LSU00083068_00.jpg,data\yolo_dataset\labels\train\neg_sheet_LSU00083068_00.txt
neg_sheet_LSU00216634_01,train,True,0,data\yolo_dataset\images\train\neg_sheet_LSU00216634_01.jpg,data\yolo_dataset\labels\train\neg_sheet_LSU00216634_01.txt
neg_sheet_LSU00083069_02,train,True,0,data\yolo_dataset\images\train\neg_sheet_LSU00083069_02.jpg,data\yolo_dataset\labels\train\neg_sheet_LSU00083069_02.txt
neg_sheet_LSU00223874_03,train,True,0,data\yolo_dataset\images\train\neg_sheet_LSU00223874_03.jpg,data\yolo_dataset\labels\train\neg_sheet_LSU00223874_03.txt
neg_sheet_LSU00217047_04,train,True,0,data\yolo_dataset\images\train\neg_sheet_LSU00217047_04.jpg,data\yolo_dataset\labels\train\neg_sheet_LSU00217047_04.txt
neg_sheet_LSU00117615_05,train,True,0,data\yolo_dataset\images\train\neg_sheet_LSU00117615_05.jpg,data\yolo_dataset\labels\train\neg_sheet_LSU00117615_05.txt
neg_sheet_NLU0061144_06,train,True,0,data\yolo_dataset\images\train\neg_sheet_NLU0061144_06.jpg,data\yolo_dataset\labels\train\neg_sheet_NLU0061144_06.txt
neg_sheet_LSU00183753_07,train,True,0,data\yolo_dataset\images\train\neg_sheet_LSU00183753_07.jpg,data\yolo_dataset\labels\train\neg_sheet_LSU00183753_07.txt
neg_sheet_LSU00216344_08,train,True,0,data\yolo_dataset\images\train\neg_sheet_LSU00216344_08.jpg,data\yolo_dataset\labels\train\neg_sheet_LSU00216344_08.txt
neg_sheet_LSU00217732_09,train,True,0,data\yolo_dataset\images\train\neg_sheet_LSU00217732_09.jpg,data\yolo_dataset\labels\train\neg_sheet_LSU00217732_09.txt
neg_sheet_LSU00054239_10,train,True,0,data\yolo_dataset\images\train\neg_sheet_LSU00054239_10.jpg,data\yolo_dataset\labels\train\neg_sheet_LSU00054239_10.txt
neg_sheet_LSU00117614_11,train,True,0,data\yolo_dataset\images\train\neg_sheet_LSU00117614_11.jpg,data\yolo_dataset\labels\train\neg_sheet_LSU00117614_11.txt
neg_sheet_LSU00028800_12,train,True,0,data\yolo_dataset\images\train\neg_sheet_LSU00028800_12.jpg,data\yolo_dataset\labels\train\neg_sheet_LSU00028800_12.txt
neg_sheet_LSU00224003_13,train,True,0,data\yolo_dataset\images\train\neg_sheet_LSU00224003_13.jpg,data\yolo_dataset\labels\train\neg_sheet_LSU00224003_13.txt
neg_sheet_LSU00055563_14,train,True,0,data\yolo_dataset\images\train\neg_sheet_LSU00055563_14.jpg,data\yolo_dataset\labels\train\neg_sheet_LSU00055563_14.txt
neg_sheet_LSU00183756_15,train,True,0,data\yolo_dataset\images\train\neg_sheet_LSU00183756_15.jpg,data\yolo_dataset\labels\train\neg_sheet_LSU00183756_15.txt
neg_sheet_LSU00216144_16,train,True,0,data\yolo_dataset\images\train\neg_sheet_LSU00216144_16.jpg,data\yolo_dataset\labels\train\neg_sheet_LSU00216144_16.txt
neg_sheet_LSU00221223_17,train,True,0,data\yolo_dataset\images\train\neg_sheet_LSU00221223_17.jpg,data\yolo_dataset\labels\train\neg_sheet_LSU00221223_17.txt
neg_sheet_LSU00183757_18,train,True,0,data\yolo_dataset\images\train\neg_sheet_LSU00183757_18.jpg,data\yolo_dataset\labels\train\neg_sheet_LSU00183757_18.txt
neg_sheet_LSU00057263_19,train,True,0,data\yolo_dataset\images\train\neg_sheet_LSU00057263_19.jpg,data\yolo_dataset\labels\train\neg_sheet_LSU00057263_19.txt
neg_sheet_LSU00183759_20,train,True,0,data\yolo_dataset\images\train\neg_sheet_LSU00183759_20.jpg,data\yolo_dataset\labels\train\neg_sheet_LSU00183759_20.txt
neg_sheet_NLU0453434_21,train,True,0,data\yolo_dataset\images\train\neg_sheet_NLU0453434_21.jpg,data\yolo_dataset\labels\train\neg_sheet_NLU0453434_21.txt
neg_sheet_LSU00029026_22,train,True,0,data\yolo_dataset\images\train\neg_sheet_LSU00029026_22.jpg,data\yolo_dataset\labels\train\neg_sheet_LSU00029026_22.txt
neg_sheet_LSU00183758_23,train,True,0,data\yolo_dataset\images\train\neg_sheet_LSU00183758_23.jpg,data\yolo_dataset\labels\train\neg_sheet_LSU00183758_23.txt
neg_sheet_LSU00017604_24,train,True,0,data\yolo_dataset\images\train\neg_sheet_LSU00017604_24.jpg,data\yolo_dataset\labels\train\neg_sheet_LSU00017604_24.txt
neg_sheet_LSU00220854_25,train,True,0,data\yolo_dataset\images\train\neg_sheet_LSU00220854_25.jpg,data\yolo_dataset\labels\train\neg_sheet_LSU00220854_25.txt
neg_sheet_LSU00117616_26,train,True,0,data\yolo_dataset\images\train\neg_sheet_LSU00117616_26.jpg,data\yolo_dataset\labels\train\neg_sheet_LSU00117616_26.txt
neg_sheet_LSU00083067_27,train,True,0,data\yolo_dataset\images\train\neg_sheet_LSU00083067_27.jpg,data\yolo_dataset\labels\train\neg_sheet_LSU00083067_27.txt
neg_sheet_LSU00106988_28,train,True,0,data\yolo_dataset\images\train\neg_sheet_LSU00106988_28.jpg,data\yolo_dataset\labels\train\neg_sheet_LSU00106988_28.txt
neg_sheet_LSU00223868_29,train,True,0,data\yolo_dataset\images\train\neg_sheet_LSU00223868_29.jpg,data\yolo_dataset\labels\train\neg_sheet_LSU00223868_29.txt
neg_sheet_LSU00031207_30,train,True,0,data\yolo_dataset\images\train\neg_sheet_LSU00031207_30.jpg,data\yolo_dataset\labels\train\neg_sheet_LSU00031207_30.txt
neg_sheet_NCU00449731_31,train,True,0,data\yolo_dataset\images\train\neg_sheet_NCU00449731_31.jpg,data\yolo_dataset\labels\train\neg_sheet_NCU00449731_31.txt
neg_sheet_NCU00377936_32,train,True,0,data\yolo_dataset\images\train\neg_sheet_NCU00377936_32.jpg,data\yolo_dataset\labels\train\neg_sheet_NCU00377936_32.txt
neg_sheet_NCU00434832_33,train,True,0,data\yolo_dataset\images\train\neg_sheet_NCU00434832_33.jpg,data\yolo_dataset\labels\train\neg_sheet_NCU00434832_33.txt
neg_sheet_NCU00444347_34,train,True,0,data\yolo_dataset\images\train\neg_sheet_NCU00444347_34.jpg,data\yolo_dataset\labels\train\neg_sheet_NCU00444347_34.txt
neg_sheet_NCU00094222_35,train,True,0,data\yolo_dataset\images\train\neg_sheet_NCU00094222_35.jpg,data\yolo_dataset\labels\train\neg_sheet_NCU00094222_35.txt
neg_sheet_NCU00449148_36,train,True,0,data\yolo_dataset\images\train\neg_sheet_NCU00449148_36.jpg,data\yolo_dataset\labels\train\neg_sheet_NCU00449148_36.txt
neg_sheet_NCU00442051_37,train,True,0,data\yolo_dataset\images\train\neg_sheet_NCU00442051_37.jpg,data\yolo_dataset\labels\train\neg_sheet_NCU00442051_37.txt
neg_sheet_NCU00445769_38,train,True,0,data\yolo_dataset\images\train\neg_sheet_NCU00445769_38.jpg,data\yolo_dataset\labels\train\neg_sheet_NCU00445769_38.txt
neg_sheet_NCU00451574_39,train,True,0,data\yolo_dataset\images\train\neg_sheet_NCU00451574_39.jpg,data\yolo_dataset\labels\train\neg_sheet_NCU00451574_39.txt
neg_sheet_NCU00447408_40,train,True,0,data\yolo_dataset\images\train\neg_sheet_NCU00447408_40.jpg,data\yolo_dataset\labels\train\neg_sheet_NCU00447408_40.txt
neg_sheet_NCU00377918_41,train,True,0,data\yolo_dataset\images\train\neg_sheet_NCU00377918_41.jpg,data\yolo_dataset\labels\train\neg_sheet_NCU00377918_41.txt
neg_sheet_NCU00377791_42,train,True,0,data\yolo_dataset\images\train\neg_sheet_NCU00377791_42.jpg,data\yolo_dataset\labels\train\neg_sheet_NCU00377791_42.txt
neg_sheet_NCU00438235_43,train,True,0,data\yolo_dataset\images\train\neg_sheet_NCU00438235_43.jpg,data\yolo_dataset\labels\train\neg_sheet_NCU00438235_43.txt
neg_sheet_NCU00385179_44,train,True,0,data\yolo_dataset\images\train\neg_sheet_NCU00385179_44.jpg,data\yolo_dataset\labels\train\neg_sheet_NCU00385179_44.txt
neg_sheet_NCU00385172_45,train,True,0,data\yolo_dataset\images\train\neg_sheet_NCU00385172_45.jpg,data\yolo_dataset\labels\train\neg_sheet_NCU00385172_45.txt
neg_sheet_NCU00091068_46,train,True,0,data\yolo_dataset\images\train\neg_sheet_NCU00091068_46.jpg,data\yolo_dataset\labels\train\neg_sheet_NCU00091068_46.txt
neg_sheet_NCU00027974_47,train,True,0,data\yolo_dataset\images\train\neg_sheet_NCU00027974_47.jpg,data\yolo_dataset\labels\train\neg_sheet_NCU00027974_47.txt
neg_sheet_NCU00377922_48,train,True,0,data\yolo_dataset\images\train\neg_sheet_NCU00377922_48.jpg,data\yolo_dataset\labels\train\neg_sheet_NCU00377922_48.txt
neg_sheet_NCU00385142_49,train,True,0,data\yolo_dataset\images\train\neg_sheet_NCU00385142_49.jpg,data\yolo_dataset\labels\train\neg_sheet_NCU00385142_49.txt
neg_sheet_NCU00431166_50,train,True,0,data\yolo_dataset\images\train\neg_sheet_NCU00431166_50.jpg,data\yolo_dataset\labels\train\neg_sheet_NCU00431166_50.txt
neg_sheet_NCU00377778_51,train,True,0,data\yolo_dataset\images\train\neg_sheet_NCU00377778_51.jpg,data\yolo_dataset\labels\train\neg_sheet_NCU00377778_51.txt
neg_sheet_NCU00438246_52,train,True,0,data\yolo_dataset\images\train\neg_sheet_NCU00438246_52.jpg,data\yolo_dataset\labels\train\neg_sheet_NCU00438246_52.txt
neg_sheet_NCU00438215_53,train,True,0,data\yolo_dataset\images\train\neg_sheet_NCU00438215_53.jpg,data\yolo_dataset\labels\train\neg_sheet_NCU00438215_53.txt
neg_sheet_NCU00385181_54,train,True,0,data\yolo_dataset\images\train\neg_sheet_NCU00385181_54.jpg,data\yolo_dataset\labels\train\neg_sheet_NCU00385181_54.txt
neg_sheet_NCU00385200_55,train,True,0,data\yolo_dataset\images\train\neg_sheet_NCU00385200_55.jpg,data\yolo_dataset\labels\train\neg_sheet_NCU00385200_55.txt
neg_sheet_NCU00385168_56,train,True,0,data\yolo_dataset\images\train\neg_sheet_NCU00385168_56.jpg,data\yolo_dataset\labels\train\neg_sheet_NCU00385168_56.txt
neg_sheet_NCU00438241_57,train,True,0,data\yolo_dataset\images\train\neg_sheet_NCU00438241_57.jpg,data\yolo_dataset\labels\train\neg_sheet_NCU00438241_57.txt
neg_sheet_NCU00384961_58,train,True,0,data\yolo_dataset\images\train\neg_sheet_NCU00384961_58.jpg,data\yolo_dataset\labels\train\neg_sheet_NCU00384961_58.txt
neg_sheet_NCU00438217_59,train,True,0,data\yolo_dataset\images\train\neg_sheet_NCU00438217_59.jpg,data\yolo_dataset\labels\train\neg_sheet_NCU00438217_59.txt
neg_sheet_NCU00377777_60,train,True,0,data\yolo_dataset\images\train\neg_sheet_NCU00377777_60.jpg,data\yolo_dataset\labels\train\neg_sheet_NCU00377777_60.txt
neg_sheet_NCU00385183_61,train,True,0,data\yolo_dataset\images\train\neg_sheet_NCU00385183_61.jpg,data\yolo_dataset\labels\train\neg_sheet_NCU00385183_61.txt
neg_sheet_NCU00377788_62,train,True,0,data\yolo_dataset\images\train\neg_sheet_NCU00377788_62.jpg,data\yolo_dataset\labels\train\neg_sheet_NCU00377788_62.txt
neg_sheet_NCU00377926_63,train,True,0,data\yolo_dataset\images\train\neg_sheet_NCU00377926_63.jpg,data\yolo_dataset\labels\train\neg_sheet_NCU00377926_63.txt
neg_sheet_NCU00377787_64,train,True,0,data\yolo_dataset\images\train\neg_sheet_NCU00377787_64.jpg,data\yolo_dataset\labels\train\neg_sheet_NCU00377787_64.txt
neg_sheet_NCU00377779_65,train,True,0,data\yolo_dataset\images\train\neg_sheet_NCU00377779_65.jpg,data\yolo_dataset\labels\train\neg_sheet_NCU00377779_65.txt
neg_sheet_NCU00438232_66,train,True,0,data\yolo_dataset\images\train\neg_sheet_NCU00438232_66.jpg,data\yolo_dataset\labels\train\neg_sheet_NCU00438232_66.txt
neg_sheet_NCU00385184_67,train,True,0,data\yolo_dataset\images\train\neg_sheet_NCU00385184_67.jpg,data\yolo_dataset\labels\train\neg_sheet_NCU00385184_67.txt
neg_sheet_NCU00385173_68,train,True,0,data\yolo_dataset\images\train\neg_sheet_NCU00385173_68.jpg,data\yolo_dataset\labels\train\neg_sheet_NCU00385173_68.txt
neg_sheet_NCU00119626_69,train,True,0,data\yolo_dataset\images\train\neg_sheet_NCU00119626_69.jpg,data\yolo_dataset\labels\train\neg_sheet_NCU00119626_69.txt
neg_sheet_NCU00377776_70,train,True,0,data\yolo_dataset\images\train\neg_sheet_NCU00377776_70.jpg,data\yolo_dataset\labels\train\neg_sheet_NCU00377776_70.txt
neg_sheet_NCU00385164_71,train,True,0,data\yolo_dataset\images\train\neg_sheet_NCU00385164_71.jpg,data\yolo_dataset\labels\train\neg_sheet_NCU00385164_71.txt
neg_sheet_NCU00385187_72,train,True,0,data\yolo_dataset\images\train\neg_sheet_NCU00385187_72.jpg,data\yolo_dataset\labels\train\neg_sheet_NCU00385187_72.txt
neg_sheet_NCU00385166_73,train,True,0,data\yolo_dataset\images\train\neg_sheet_NCU00385166_73.jpg,data\yolo_dataset\labels\train\neg_sheet_NCU00385166_73.txt
neg_sheet_NCU00384962_74,train,True,0,data\yolo_dataset\images\train\neg_sheet_NCU00384962_74.jpg,data\yolo_dataset\labels\train\neg_sheet_NCU00384962_74.txt
neg_sheet_NCU00438214_75,train,True,0,data\yolo_dataset\images\train\neg_sheet_NCU00438214_75.jpg,data\yolo_dataset\labels\train\neg_sheet_NCU00438214_75.txt
neg_sheet_NCU00377794_76,train,True,0,data\yolo_dataset\images\train\neg_sheet_NCU00377794_76.jpg,data\yolo_dataset\labels\train\neg_sheet_NCU00377794_76.txt
neg_sheet_NCU00385153_77,train,True,0,data\yolo_dataset\images\train\neg_sheet_NCU00385153_77.jpg,data\yolo_dataset\labels\train\neg_sheet_NCU00385153_77.txt
neg_sheet_NCU00438238_78,train,True,0,data\yolo_dataset\images\train\neg_sheet_NCU00438238_78.jpg,data\yolo_dataset\labels\train\neg_sheet_NCU00438238_78.txt
neg_sheet_NCU00385191_79,train,True,0,data\yolo_dataset\images\train\neg_sheet_NCU00385191_79.jpg,data\yolo_dataset\labels\train\neg_sheet_NCU00385191_79.txt
neg_sheet_NCU00385188_80,train,True,0,data\yolo_dataset\images\train\neg_sheet_NCU00385188_80.jpg,data\yolo_dataset\labels\train\neg_sheet_NCU00385188_80.txt
neg_sheet_NCU00377932_81,train,True,0,data\yolo_dataset\images\train\neg_sheet_NCU00377932_81.jpg,data\yolo_dataset\labels\train\neg_sheet_NCU00377932_81.txt
neg_sheet_NCU00438220_82,train,True,0,data\yolo_dataset\images\train\neg_sheet_NCU00438220_82.jpg,data\yolo_dataset\labels\train\neg_sheet_NCU00438220_82.txt
neg_sheet_NCU00385195_83,train,True,0,data\yolo_dataset\images\train\neg_sheet_NCU00385195_83.jpg,data\yolo_dataset\labels\train\neg_sheet_NCU00385195_83.txt
neg_sheet_NCU00438237_84,train,True,0,data\yolo_dataset\images\train\neg_sheet_NCU00438237_84.jpg,data\yolo_dataset\labels\train\neg_sheet_NCU00438237_84.txt
neg_sheet_NCU00076963_85,train,True,0,data\yolo_dataset\images\train\neg_sheet_NCU00076963_85.jpg,data\yolo_dataset\labels\train\neg_sheet_NCU00076963_85.txt
neg_sheet_NCU00384959_86,train,True,0,data\yolo_dataset\images\train\neg_sheet_NCU00384959_86.jpg,data\yolo_dataset\labels\train\neg_sheet_NCU00384959_86.txt
neg_sheet_NCU00377774_87,train,True,0,data\yolo_dataset\images\train\neg_sheet_NCU00377774_87.jpg,data\yolo_dataset\labels\train\neg_sheet_NCU00377774_87.txt
neg_sheet_NCU00385149_88,train,True,0,data\yolo_dataset\images\train\neg_sheet_NCU00385149_88.jpg,data\yolo_dataset\labels\train\neg_sheet_NCU00385149_88.txt
neg_sheet_NCU00438234_89,train,True,0,data\yolo_dataset\images\train\neg_sheet_NCU00438234_89.jpg,data\yolo_dataset\labels\train\neg_sheet_NCU00438234_89.txt
neg_sheet_NCU00227517_90,train,True,0,data\yolo_dataset\images\train\neg_sheet_NCU00227517_90.jpg,data\yolo_dataset\labels\train\neg_sheet_NCU00227517_90.txt
neg_sheet_NCU00377800_91,train,True,0,data\yolo_dataset\images\train\neg_sheet_NCU00377800_91.jpg,data\yolo_dataset\labels\train\neg_sheet_NCU00377800_91.txt
neg_sheet_NCU00385190_92,train,True,0,data\yolo_dataset\images\train\neg_sheet_NCU00385190_92.jpg,data\yolo_dataset\labels\train\neg_sheet_NCU00385190_92.txt
neg_sheet_NCU00438236_93,train,True,0,data\yolo_dataset\images\train\neg_sheet_NCU00438236_93.jpg,data\yolo_dataset\labels\train\neg_sheet_NCU00438236_93.txt
LSU00125937,val,False,2,data\yolo_dataset\images\val\LSU00125937.jpg,data\yolo_dataset\labels\val\LSU00125937.txt
LSU00217013,val,False,28,data\yolo_dataset\images\val\LSU00217013.jpg,data\yolo_dataset\labels\val\LSU00217013.txt
NLU0061162,val,False,12,data\yolo_dataset\images\val\NLU0061162.jpg,data\yolo_dataset\labels\val\NLU0061162.txt
LSU00137986,val,False,19,data\yolo_dataset\images\val\LSU00137986.jpg,data\yolo_dataset\labels\val\LSU00137986.txt
LSU00215641,val,False,33,data\yolo_dataset\images\val\LSU00215641.jpg,data\yolo_dataset\labels\val\LSU00215641.txt
LSU00120119,val,False,16,data\yolo_dataset\images\val\LSU00120119.jpg,data\yolo_dataset\labels\val\LSU00120119.txt
LSU00178358,val,False,17,data\yolo_dataset\images\val\LSU00178358.jpg,data\yolo_dataset\labels\val\LSU00178358.txt
NCU00453319,val,False,28,data\yolo_dataset\images\val\NCU00453319.jpg,data\yolo_dataset\labels\val\NCU00453319.txt
NCU00131125,val,False,21,data\yolo_dataset\images\val\NCU00131125.jpg,data\yolo_dataset\labels\val\NCU00131125.txt
NCU00377772,val,False,32,data\yolo_dataset\images\val\NCU00377772.jpg,data\yolo_dataset\labels\val\NCU00377772.txt
NCU00377924,val,False,33,data\yolo_dataset\images\val\NCU00377924.jpg,data\yolo_dataset\labels\val\NCU00377924.txt
NCU00377797,val,False,3,data\yolo_dataset\images\val\NCU00377797.jpg,data\yolo_dataset\labels\val\NCU00377797.txt
NCU00256115,val,False,1,data\yolo_dataset\images\val\NCU00256115.jpg,data\yolo_dataset\labels\val\NCU00256115.txt
NCU00385145,val,False,2,data\yolo_dataset\images\val\NCU00385145.jpg,data\yolo_dataset\labels\val\NCU00385145.txt
NCU00385158,val,False,14,data\yolo_dataset\images\val\NCU00385158.jpg,data\yolo_dataset\labels\val\NCU00385158.txt
NCU00385171,val,False,2,data\yolo_dataset\images\val\NCU00385171.jpg,data\yolo_dataset\labels\val\NCU00385171.txt
NCU00438252,val,False,32,data\yolo_dataset\images\val\NCU00438252.jpg,data\yolo_dataset\labels\val\NCU00438252.txt
NCU00377789,val,False,3,data\yolo_dataset\images\val\NCU00377789.jpg,data\yolo_dataset\labels\val\NCU00377789.txt
NCU00388695,val,False,16,data\yolo_dataset\images\val\NCU00388695.jpg,data\yolo_dataset\labels\val\NCU00388695.txt
NCU00377786,val,False,4,data\yolo_dataset\images\val\NCU00377786.jpg,data\yolo_dataset\labels\val\NCU00377786.txt
NCU00385185,val,False,2,data\yolo_dataset\images\val\NCU00385185.jpg,data\yolo_dataset\labels\val\NCU00385185.txt
NCU00377769,val,False,23,data\yolo_dataset\images\val\NCU00377769.jpg,data\yolo_dataset\labels\val\NCU00377769.txt
NCU00377931,val,False,27,data\yolo_dataset\images\val\NCU00377931.jpg,data\yolo_dataset\labels\val\NCU00377931.txt
NCU00377773,val,False,3,data\yolo_dataset\images\val\NCU00377773.jpg,data\yolo_dataset\labels\val\NCU00377773.txt
NCU00385162,val,False,15,data\yolo_dataset\images\val\NCU00385162.jpg,data\yolo_dataset\labels\val\NCU00385162.txt
NCU00438219,val,False,19,data\yolo_dataset\images\val\NCU00438219.jpg,data\yolo_dataset\labels\val\NCU00438219.txt
NCU00377790,val,False,11,data\yolo_dataset\images\val\NCU00377790.jpg,data\yolo_dataset\labels\val\NCU00377790.txt
NCU00130072,val,False,2,data\yolo_dataset\images\val\NCU00130072.jpg,data\yolo_dataset\labels\val\NCU00130072.txt
NCU00377923,val,False,11,data\yolo_dataset\images\val\NCU00377923.jpg,data\yolo_dataset\labels\val\NCU00377923.txt
NCU00438245,val,False,14,data\yolo_dataset\images\val\NCU00438245.jpg,data\yolo_dataset\labels\val\NCU00438245.txt
NCU00110194,val,False,23,data\yolo_dataset\images\val\NCU00110194.jpg,data\yolo_dataset\labels\val\NCU00110194.txt
NCU00227519,val,False,17,data\yolo_dataset\images\val\NCU00227519.jpg,data\yolo_dataset\labels\val\NCU00227519.txt
NCU00385143,val,False,1,data\yolo_dataset\images\val\NCU00385143.jpg,data\yolo_dataset\labels\val\NCU00385143.txt
NCU00377795,val,False,6,data\yolo_dataset\images\val\NCU00377795.jpg,data\yolo_dataset\labels\val\NCU00377795.txt
NCU00377770,val,False,32,data\yolo_dataset\images\val\NCU00377770.jpg,data\yolo_dataset\labels\val\NCU00377770.txt
HXC005558,val,False,0,data\yolo_dataset\images\val\HXC005558.jpg,data\yolo_dataset\labels\val\HXC005558.txt
SALK0000536,val,False,13,data\yolo_dataset\images\val\SALK0000536.jpg,data\yolo_dataset\labels\val\SALK0000536.txt
BRIT734384,val,False,2,data\yolo_dataset\images\val\BRIT734384.jpg,data\yolo_dataset\labels\val\BRIT734384.txt
BRIT1020563,val,False,1,data\yolo_dataset\images\val\BRIT1020563.jpg,data\yolo_dataset\labels\val\BRIT1020563.txt
UNCC_50022,val,False,2,data\yolo_dataset\images\val\UNCC_50022.jpg,data\yolo_dataset\labels\val\UNCC_50022.txt
ANHC013035,val,False,11,data\yolo_dataset\images\val\ANHC013035.jpg,data\yolo_dataset\labels\val\ANHC013035.txt
ANHC001157,val,False,2,data\yolo_dataset\images\val\ANHC001157.jpg,data\yolo_dataset\labels\val\ANHC001157.txt
USCH0012956,val,False,1,data\yolo_dataset\images\val\USCH0012956.jpg,data\yolo_dataset\labels\val\USCH0012956.txt
USCH0102383,val,False,2,data\yolo_dataset\images\val\USCH0102383.jpg,data\yolo_dataset\labels\val\USCH0102383.txt
USCH0012948,val,False,2,data\yolo_dataset\images\val\USCH0012948.jpg,data\yolo_dataset\labels\val\USCH0012948.txt
USCH0081972,val,False,2,data\yolo_dataset\images\val\USCH0081972.jpg,data\yolo_dataset\labels\val\USCH0081972.txt
USCH0012894,val,False,27,data\yolo_dataset\images\val\USCH0012894.jpg,data\yolo_dataset\labels\val\USCH0012894.txt
USCH0012945,val,False,3,data\yolo_dataset\images\val\USCH0012945.jpg,data\yolo_dataset\labels\val\USCH0012945.txt
USCH0013208,val,False,2,data\yolo_dataset\images\val\USCH0013208.jpg,data\yolo_dataset\labels\val\USCH0013208.txt
USCH0080578,val,False,10,data\yolo_dataset\images\val\USCH0080578.jpg,data\yolo_dataset\labels\val\USCH0080578.txt
MARY1052508,val,False,2,data\yolo_dataset\images\val\MARY1052508.jpg,data\yolo_dataset\labels\val\MARY1052508.txt
MARY1052396,val,False,1,data\yolo_dataset\images\val\MARY1052396.jpg,data\yolo_dataset\labels\val\MARY1052396.txt
82217,val,False,22,data\yolo_dataset\images\val\82217.jpg,data\yolo_dataset\labels\val\82217.txt
80077,val,False,33,data\yolo_dataset\images\val\80077.jpg,data\yolo_dataset\labels\val\80077.txt
80479,val,False,17,data\yolo_dataset\images\val\80479.jpg,data\yolo_dataset\labels\val\80479.txt
79621,val,False,12,data\yolo_dataset\images\val\79621.jpg,data\yolo_dataset\labels\val\79621.txt
79622,val,False,9,data\yolo_dataset\images\val\79622.jpg,data\yolo_dataset\labels\val\79622.txt
DOV0006747,val,False,2,data\yolo_dataset\images\val\DOV0006747.jpg,data\yolo_dataset\labels\val\DOV0006747.txt
DOV0006718,val,False,2,data\yolo_dataset\images\val\DOV0006718.jpg,data\yolo_dataset\labels\val\DOV0006718.txt
DOV0006745,val,False,1,data\yolo_dataset\images\val\DOV0006745.jpg,data\yolo_dataset\labels\val\DOV0006745.txt
DOV0006698,val,False,1,data\yolo_dataset\images\val\DOV0006698.jpg,data\yolo_dataset\labels\val\DOV0006698.txt
DOV0006697,val,False,1,data\yolo_dataset\images\val\DOV0006697.jpg,data\yolo_dataset\labels\val\DOV0006697.txt
DOV0006728,val,False,1,data\yolo_dataset\images\val\DOV0006728.jpg,data\yolo_dataset\labels\val\DOV0006728.txt
DOV0006704,val,False,1,data\yolo_dataset\images\val\DOV0006704.jpg,data\yolo_dataset\labels\val\DOV0006704.txt
DOV0006748,val,False,1,data\yolo_dataset\images\val\DOV0006748.jpg,data\yolo_dataset\labels\val\DOV0006748.txt
DOV0006712,val,False,1,data\yolo_dataset\images\val\DOV0006712.jpg,data\yolo_dataset\labels\val\DOV0006712.txt
DOV0006734,val,False,1,data\yolo_dataset\images\val\DOV0006734.jpg,data\yolo_dataset\labels\val\DOV0006734.txt
MISS0069163,val,False,27,data\yolo_dataset\images\val\MISS0069163.jpg,data\yolo_dataset\labels\val\MISS0069163.txt
MISS0069054,val,False,16,data\yolo_dataset\images\val\MISS0069054.jpg,data\yolo_dataset\labels\val\MISS0069054.txt
319857,val,False,8,data\yolo_dataset\images\val\319857.jpg,data\yolo_dataset\labels\val\319857.txt
452711,val,False,6,data\yolo_dataset\images\val\452711.jpg,data\yolo_dataset\labels\val\452711.txt
637096,val,False,15,data\yolo_dataset\images\val\637096.jpg,data\yolo_dataset\labels\val\637096.txt
637101,val,False,6,data\yolo_dataset\images\val\637101.jpg,data\yolo_dataset\labels\val\637101.txt
637114,val,False,9,data\yolo_dataset\images\val\637114.jpg,data\yolo_dataset\labels\val\637114.txt
BRIT331661,val,False,10,data\yolo_dataset\images\val\BRIT331661.jpg,data\yolo_dataset\labels\val\BRIT331661.txt
US_386583,val,False,18,data\yolo_dataset\images\val\US_386583.jpg,data\yolo_dataset\labels\val\US_386583.txt
US_2005828,val,False,21,data\yolo_dataset\images\val\US_2005828.jpg,data\yolo_dataset\labels\val\US_2005828.txt
US_1767172,val,False,22,data\yolo_dataset\images\val\US_1767172.jpg,data\yolo_dataset\labels\val\US_1767172.txt
US_3382759,val,False,40,data\yolo_dataset\images\val\US_3382759.jpg,data\yolo_dataset\labels\val\US_3382759.txt
US_1726242,val,False,28,data\yolo_dataset\images\val\US_1726242.jpg,data\yolo_dataset\labels\val\US_1726242.txt
US_3382745,val,False,48,data\yolo_dataset\images\val\US_3382745.jpg,data\yolo_dataset\labels\val\US_3382745.txt
US_3702228,val,False,51,data\yolo_dataset\images\val\US_3702228.jpg,data\yolo_dataset\labels\val\US_3702228.txt
US_688876,val,False,21,data\yolo_dataset\images\val\US_688876.jpg,data\yolo_dataset\labels\val\US_688876.txt
US_1927902,val,False,23,data\yolo_dataset\images\val\US_1927902.jpg,data\yolo_dataset\labels\val\US_1927902.txt
UARK012534,val,False,1,data\yolo_dataset\images\val\UARK012534.jpg,data\yolo_dataset\labels\val\UARK012534.txt
UARK012516,val,False,2,data\yolo_dataset\images\val\UARK012516.jpg,data\yolo_dataset\labels\val\UARK012516.txt
UARK012507,val,False,19,data\yolo_dataset\images\val\UARK012507.jpg,data\yolo_dataset\labels\val\UARK012507.txt
UARK012564,val,False,2,data\yolo_dataset\images\val\UARK012564.jpg,data\yolo_dataset\labels\val\UARK012564.txt
UARK012560,val,False,1,data\yolo_dataset\images\val\UARK012560.jpg,data\yolo_dataset\labels\val\UARK012560.txt
UARK012500,val,False,7,data\yolo_dataset\images\val\UARK012500.jpg,data\yolo_dataset\labels\val\UARK012500.txt
637085,val,False,4,data\yolo_dataset\images\val\637085.jpg,data\yolo_dataset\labels\val\637085.txt
UNA00068816,val,False,20,data\yolo_dataset\images\val\UNA00068816.jpg,data\yolo_dataset\labels\val\UNA00068816.txt
PH00249807,val,False,2,data\yolo_dataset\images\val\PH00249807.jpg,data\yolo_dataset\labels\val\PH00249807.txt
PH00249820,val,False,7,data\yolo_dataset\images\val\PH00249820.jpg,data\yolo_dataset\labels\val\PH00249820.txt
PH00249803,val,False,2,data\yolo_dataset\images\val\PH00249803.jpg,data\yolo_dataset\labels\val\PH00249803.txt
LL00007228,val,False,2,data\yolo_dataset\images\val\LL00007228.jpg,data\yolo_dataset\labels\val\LL00007228.txt
LL00007230,val,False,2,data\yolo_dataset\images\val\LL00007230.jpg,data\yolo_dataset\labels\val\LL00007230.txt
CLEMS0035059,val,False,2,data\yolo_dataset\images\val\CLEMS0035059.jpg,data\yolo_dataset\labels\val\CLEMS0035059.txt
CLEMS0035024,val,False,2,data\yolo_dataset\images\val\CLEMS0035024.jpg,data\yolo_dataset\labels\val\CLEMS0035024.txt
CLEMS0035034,val,False,2,data\yolo_dataset\images\val\CLEMS0035034.jpg,data\yolo_dataset\labels\val\CLEMS0035034.txt
ODU00011109,val,False,17,data\yolo_dataset\images\val\ODU00011109.jpg,data\yolo_dataset\labels\val\ODU00011109.txt
ODU00011116,val,False,17,data\yolo_dataset\images\val\ODU00011116.jpg,data\yolo_dataset\labels\val\ODU00011116.txt
ODU00011115,val,False,12,data\yolo_dataset\images\val\ODU00011115.jpg,data\yolo_dataset\labels\val\ODU00011115.txt
ODU00011152,val,False,17,data\yolo_dataset\images\val\ODU00011152.jpg,data\yolo_dataset\labels\val\ODU00011152.txt
ODU00011123,val,False,9,data\yolo_dataset\images\val\ODU00011123.jpg,data\yolo_dataset\labels\val\ODU00011123.txt
CLEMS0035210,val,False,2,data\yolo_dataset\images\val\CLEMS0035210.jpg,data\yolo_dataset\labels\val\CLEMS0035210.txt
CLEMS0035128,val,False,2,data\yolo_dataset\images\val\CLEMS0035128.jpg,data\yolo_dataset\labels\val\CLEMS0035128.txt
CLEMS0035129,val,False,2,data\yolo_dataset\images\val\CLEMS0035129.jpg,data\yolo_dataset\labels\val\CLEMS0035129.txt
CLEMS0035208,val,False,2,data\yolo_dataset\images\val\CLEMS0035208.jpg,data\yolo_dataset\labels\val\CLEMS0035208.txt
CLEMS0035148,val,False,2,data\yolo_dataset\images\val\CLEMS0035148.jpg,data\yolo_dataset\labels\val\CLEMS0035148.txt
GA079567,val,False,24,data\yolo_dataset\images\val\GA079567.jpg,data\yolo_dataset\labels\val\GA079567.txt
GA079577,val,False,18,data\yolo_dataset\images\val\GA079577.jpg,data\yolo_dataset\labels\val\GA079577.txt
GA260752,val,False,2,data\yolo_dataset\images\val\GA260752.jpg,data\yolo_dataset\labels\val\GA260752.txt
GA079561,val,False,21,data\yolo_dataset\images\val\GA079561.jpg,data\yolo_dataset\labels\val\GA079561.txt
GA079538,val,False,2,data\yolo_dataset\images\val\GA079538.jpg,data\yolo_dataset\labels\val\GA079538.txt
GA079566,val,False,25,data\yolo_dataset\images\val\GA079566.jpg,data\yolo_dataset\labels\val\GA079566.txt
GA277147,val,False,2,data\yolo_dataset\images\val\GA277147.jpg,data\yolo_dataset\labels\val\GA277147.txt
GA079565,val,False,13,data\yolo_dataset\images\val\GA079565.jpg,data\yolo_dataset\labels\val\GA079565.txt
GA079585,val,False,3,data\yolo_dataset\images\val\GA079585.jpg,data\yolo_dataset\labels\val\GA079585.txt
GA248953,val,False,2,data\yolo_dataset\images\val\GA248953.jpg,data\yolo_dataset\labels\val\GA248953.txt
GA079589,val,False,22,data\yolo_dataset\images\val\GA079589.jpg,data\yolo_dataset\labels\val\GA079589.txt
GA084114,val,False,2,data\yolo_dataset\images\val\GA084114.jpg,data\yolo_dataset\labels\val\GA084114.txt
GA079370,val,False,2,data\yolo_dataset\images\val\GA079370.jpg,data\yolo_dataset\labels\val\GA079370.txt
GA079580,val,False,22,data\yolo_dataset\images\val\GA079580.jpg,data\yolo_dataset\labels\val\GA079580.txt
GA079340,val,False,2,data\yolo_dataset\images\val\GA079340.jpg,data\yolo_dataset\labels\val\GA079340.txt
GA079415,val,False,2,data\yolo_dataset\images\val\GA079415.jpg,data\yolo_dataset\labels\val\GA079415.txt
GA079575,val,False,25,data\yolo_dataset\images\val\GA079575.jpg,data\yolo_dataset\labels\val\GA079575.txt
VSC0081492,val,False,13,data\yolo_dataset\images\val\VSC0081492.jpg,data\yolo_dataset\labels\val\VSC0081492.txt
VSC0085880,val,False,8,data\yolo_dataset\images\val\VSC0085880.jpg,data\yolo_dataset\labels\val\VSC0085880.txt
VSC0081208,val,False,9,data\yolo_dataset\images\val\VSC0081208.jpg,data\yolo_dataset\labels\val\VSC0081208.txt
VSC0070340,val,False,12,data\yolo_dataset\images\val\VSC0070340.jpg,data\yolo_dataset\labels\val\VSC0070340.txt
UNA00058016,val,False,3,data\yolo_dataset\images\val\UNA00058016.jpg,data\yolo_dataset\labels\val\UNA00058016.txt
UNA00055964,val,False,32,data\yolo_dataset\images\val\UNA00055964.jpg,data\yolo_dataset\labels\val\UNA00055964.txt
UNA00049304,val,False,2,data\yolo_dataset\images\val\UNA00049304.jpg,data\yolo_dataset\labels\val\UNA00049304.txt
UNA00049251,val,False,20,data\yolo_dataset\images\val\UNA00049251.jpg,data\yolo_dataset\labels\val\UNA00049251.txt
274856,val,False,25,data\yolo_dataset\images\val\274856.jpg,data\yolo_dataset\labels\val\274856.txt
264948,val,False,18,data\yolo_dataset\images\val\264948.jpg,data\yolo_dataset\labels\val\264948.txt
UCA003569,val,False,3,data\yolo_dataset\images\val\UCA003569.jpg,data\yolo_dataset\labels\val\UCA003569.txt
UCA003560,val,False,3,data\yolo_dataset\images\val\UCA003560.jpg,data\yolo_dataset\labels\val\UCA003560.txt
UCA003573,val,False,2,data\yolo_dataset\images\val\UCA003573.jpg,data\yolo_dataset\labels\val\UCA003573.txt
UCA003565,val,False,14,data\yolo_dataset\images\val\UCA003565.jpg,data\yolo_dataset\labels\val\UCA003565.txt
NO0022735,val,False,20,data\yolo_dataset\images\val\NO0022735.jpg,data\yolo_dataset\labels\val\NO0022735.txt
NO0022734,val,False,16,data\yolo_dataset\images\val\NO0022734.jpg,data\yolo_dataset\labels\val\NO0022734.txt
NO0022950,val,False,31,data\yolo_dataset\images\val\NO0022950.jpg,data\yolo_dataset\labels\val\NO0022950.txt
USCH0013158,val,False,2,data\yolo_dataset\images\val\USCH0013158.jpg,data\yolo_dataset\labels\val\USCH0013158.txt
BRIT00261,val,False,2,data\yolo_dataset\images\val\BRIT00261.jpg,data\yolo_dataset\labels\val\BRIT00261.txt
BRIT00259,val,False,12,data\yolo_dataset\images\val\BRIT00259.jpg,data\yolo_dataset\labels\val\BRIT00259.txt
BRIT00255,val,False,2,data\yolo_dataset\images\val\BRIT00255.jpg,data\yolo_dataset\labels\val\BRIT00255.txt
NLU0083656,val,False,11,data\yolo_dataset\images\val\NLU0083656.jpg,data\yolo_dataset\labels\val\NLU0083656.txt
BRIT01116,val,False,14,data\yolo_dataset\images\val\BRIT01116.jpg,data\yolo_dataset\labels\val\BRIT01116.txt
BAYLU034250,val,False,1,data\yolo_dataset\images\val\BAYLU034250.jpg,data\yolo_dataset\labels\val\BAYLU034250.txt
LSU00017703,val,False,19,data\yolo_dataset\images\val\LSU00017703.jpg,data\yolo_dataset\labels\val\LSU00017703.txt
NLU0061231,val,False,19,data\yolo_dataset\images\val\NLU0061231.jpg,data\yolo_dataset\labels\val\NLU0061231.txt
NLU0061166,val,False,16,data\yolo_dataset\images\val\NLU0061166.jpg,data\yolo_dataset\labels\val\NLU0061166.txt
NLU0061171,val,False,28,data\yolo_dataset\images\val\NLU0061171.jpg,data\yolo_dataset\labels\val\NLU0061171.txt
NLU0061179,val,False,16,data\yolo_dataset\images\val\NLU0061179.jpg,data\yolo_dataset\labels\val\NLU0061179.txt
NLU0061152,val,False,14,data\yolo_dataset\images\val\NLU0061152.jpg,data\yolo_dataset\labels\val\NLU0061152.txt
LSU00017696,val,False,15,data\yolo_dataset\images\val\LSU00017696.jpg,data\yolo_dataset\labels\val\LSU00017696.txt
NLU0061235,val,False,18,data\yolo_dataset\images\val\NLU0061235.jpg,data\yolo_dataset\labels\val\NLU0061235.txt
204373,val,False,15,data\yolo_dataset\images\val\204373.jpg,data\yolo_dataset\labels\val\204373.txt
209993,val,False,15,data\yolo_dataset\images\val\209993.jpg,data\yolo_dataset\labels\val\209993.txt
58838,val,False,27,data\yolo_dataset\images\val\58838.jpg,data\yolo_dataset\labels\val\58838.txt
GMUF-0033620,val,False,6,data\yolo_dataset\images\val\GMUF-0033620.jpg,data\yolo_dataset\labels\val\GMUF-0033620.txt
GMUF-0033492,val,False,4,data\yolo_dataset\images\val\GMUF-0033492.jpg,data\yolo_dataset\labels\val\GMUF-0033492.txt
GMUF-0033604,val,False,3,data\yolo_dataset\images\val\GMUF-0033604.jpg,data\yolo_dataset\labels\val\GMUF-0033604.txt
GMUF-0051529,val,False,1,data\yolo_dataset\images\val\GMUF-0051529.jpg,data\yolo_dataset\labels\val\GMUF-0051529.txt
VPI-V-0016669,val,False,25,data\yolo_dataset\images\val\VPI-V-0016669.jpg,data\yolo_dataset\labels\val\VPI-V-0016669.txt
VPI-V-0012854,val,False,23,data\yolo_dataset\images\val\VPI-V-0012854.jpg,data\yolo_dataset\labels\val\VPI-V-0012854.txt
VPI-V-0016674,val,False,14,data\yolo_dataset\images\val\VPI-V-0016674.jpg,data\yolo_dataset\labels\val\VPI-V-0016674.txt
VPI-V-0016671,val,False,27,data\yolo_dataset\images\val\VPI-V-0016671.jpg,data\yolo_dataset\labels\val\VPI-V-0016671.txt
VPI-V-0012865,val,False,11,data\yolo_dataset\images\val\VPI-V-0012865.jpg,data\yolo_dataset\labels\val\VPI-V-0012865.txt
VPI-V-0016658,val,False,32,data\yolo_dataset\images\val\VPI-V-0016658.jpg,data\yolo_dataset\labels\val\VPI-V-0016658.txt
SAT0041849,val,False,12,data\yolo_dataset\images\val\SAT0041849.jpg,data\yolo_dataset\labels\val\SAT0041849.txt
SAT0058602,val,False,23,data\yolo_dataset\images\val\SAT0058602.jpg,data\yolo_dataset\labels\val\SAT0058602.txt
VSC0061397,val,False,23,data\yolo_dataset\images\val\VSC0061397.jpg,data\yolo_dataset\labels\val\VSC0061397.txt
VSC0060895,val,False,32,data\yolo_dataset\images\val\VSC0060895.jpg,data\yolo_dataset\labels\val\VSC0060895.txt
VSC0061398,val,False,16,data\yolo_dataset\images\val\VSC0061398.jpg,data\yolo_dataset\labels\val\VSC0061398.txt
57181,val,False,21,data\yolo_dataset\images\val\57181.jpg,data\yolo_dataset\labels\val\57181.txt
19399,val,False,18,data\yolo_dataset\images\val\19399.jpg,data\yolo_dataset\labels\val\19399.txt
15432,val,False,10,data\yolo_dataset\images\val\15432.jpg,data\yolo_dataset\labels\val\15432.txt
6645,val,False,40,data\yolo_dataset\images\val\6645.jpg,data\yolo_dataset\labels\val\6645.txt
7656,val,False,22,data\yolo_dataset\images\val\7656.jpg,data\yolo_dataset\labels\val\7656.txt
AUA000006050,val,False,2,data\yolo_dataset\images\val\AUA000006050.jpg,data\yolo_dataset\labels\val\AUA000006050.txt
AUA000006086,val,False,2,data\yolo_dataset\images\val\AUA000006086.jpg,data\yolo_dataset\labels\val\AUA000006086.txt
AUA000006020,val,False,2,data\yolo_dataset\images\val\AUA000006020.jpg,data\yolo_dataset\labels\val\AUA000006020.txt
AUA000006179,val,False,3,data\yolo_dataset\images\val\AUA000006179.jpg,data\yolo_dataset\labels\val\AUA000006179.txt
AUA000020036,val,False,21,data\yolo_dataset\images\val\AUA000020036.jpg,data\yolo_dataset\labels\val\AUA000020036.txt
AUA000006048,val,False,2,data\yolo_dataset\images\val\AUA000006048.jpg,data\yolo_dataset\labels\val\AUA000006048.txt
K002565177,val,False,10,data\yolo_dataset\images\val\K002565177.jpg,data\yolo_dataset\labels\val\K002565177.txt
31234100268638,val,False,37,data\yolo_dataset\images\val\31234100268638.jpg,data\yolo_dataset\labels\val\31234100268638.txt
31234100269099,val,False,41,data\yolo_dataset\images\val\31234100269099.jpg,data\yolo_dataset\labels\val\31234100269099.txt
358996,val,False,20,data\yolo_dataset\images\val\358996.jpg,data\yolo_dataset\labels\val\358996.txt
358995,val,False,8,data\yolo_dataset\images\val\358995.jpg,data\yolo_dataset\labels\val\358995.txt
U.1143055,val,False,12,data\yolo_dataset\images\val\U.1143055.jpg,data\yolo_dataset\labels\val\U.1143055.txt
L.3657986,val,False,17,data\yolo_dataset\images\val\L.3657986.jpg,data\yolo_dataset\labels\val\L.3657986.txt
LSUS008385,val,False,26,data\yolo_dataset\images\val\LSUS008385.jpg,data\yolo_dataset\labels\val\LSUS008385.txt
LFCC-0013847,val,False,4,data\yolo_dataset\images\val\LFCC-0013847.jpg,data\yolo_dataset\labels\val\LFCC-0013847.txt
BALT0036094,val,False,2,data\yolo_dataset\images\val\BALT0036094.jpg,data\yolo_dataset\labels\val\BALT0036094.txt
CHRB0026277,val,False,2,data\yolo_dataset\images\val\CHRB0026277.jpg,data\yolo_dataset\labels\val\CHRB0026277.txt
WCUH0005525,val,False,10,data\yolo_dataset\images\val\WCUH0005525.jpg,data\yolo_dataset\labels\val\WCUH0005525.txt
USMS_000007727,val,False,2,data\yolo_dataset\images\val\USMS_000007727.jpg,data\yolo_dataset\labels\val\USMS_000007727.txt
IND-0165719,val,False,26,data\yolo_dataset\images\val\IND-0165719.jpg,data\yolo_dataset\labels\val\IND-0165719.txt
PH00249808,val,False,2,data\yolo_dataset\images\val\PH00249808.jpg,data\yolo_dataset\labels\val\PH00249808.txt
BCH000109,val,False,18,data\yolo_dataset\images\val\BCH000109.jpg,data\yolo_dataset\labels\val\BCH000109.txt
MOAR0000570,val,False,2,data\yolo_dataset\images\val\MOAR0000570.jpg,data\yolo_dataset\labels\val\MOAR0000570.txt
ETSU009479,val,False,3,data\yolo_dataset\images\val\ETSU009479.jpg,data\yolo_dataset\labels\val\ETSU009479.txt
ETSU034194,val,False,2,data\yolo_dataset\images\val\ETSU034194.jpg,data\yolo_dataset\labels\val\ETSU034194.txt
ETSU034191,val,False,2,data\yolo_dataset\images\val\ETSU034191.jpg,data\yolo_dataset\labels\val\ETSU034191.txt
WVA-V-0079045,val,False,2,data\yolo_dataset\images\val\WVA-V-0079045.jpg,data\yolo_dataset\labels\val\WVA-V-0079045.txt
WVA-V-0079043,val,False,2,data\yolo_dataset\images\val\WVA-V-0079043.jpg,data\yolo_dataset\labels\val\WVA-V-0079043.txt
WVA-V-0079047,val,False,2,data\yolo_dataset\images\val\WVA-V-0079047.jpg,data\yolo_dataset\labels\val\WVA-V-0079047.txt
31234100269156,val,False,41,data\yolo_dataset\images\val\31234100269156.jpg,data\yolo_dataset\labels\val\31234100269156.txt
31234100268943,val,False,39,data\yolo_dataset\images\val\31234100268943.jpg,data\yolo_dataset\labels\val\31234100268943.txt
31234100268968,val,False,42,data\yolo_dataset\images\val\31234100268968.jpg,data\yolo_dataset\labels\val\31234100268968.txt
BRYV0270394,val,False,27,data\yolo_dataset\images\val\BRYV0270394.jpg,data\yolo_dataset\labels\val\BRYV0270394.txt
neg_sheet_LSU00125937_00,val,True,0,data\yolo_dataset\images\val\neg_sheet_LSU00125937_00.jpg,data\yolo_dataset\labels\val\neg_sheet_LSU00125937_00.txt
neg_sheet_LSU00217013_01,val,True,0,data\yolo_dataset\images\val\neg_sheet_LSU00217013_01.jpg,data\yolo_dataset\labels\val\neg_sheet_LSU00217013_01.txt
neg_sheet_NLU0061162_02,val,True,0,data\yolo_dataset\images\val\neg_sheet_NLU0061162_02.jpg,data\yolo_dataset\labels\val\neg_sheet_NLU0061162_02.txt
neg_sheet_LSU00137986_03,val,True,0,data\yolo_dataset\images\val\neg_sheet_LSU00137986_03.jpg,data\yolo_dataset\labels\val\neg_sheet_LSU00137986_03.txt
neg_sheet_LSU00215641_04,val,True,0,data\yolo_dataset\images\val\neg_sheet_LSU00215641_04.jpg,data\yolo_dataset\labels\val\neg_sheet_LSU00215641_04.txt
neg_sheet_LSU00120119_05,val,True,0,data\yolo_dataset\images\val\neg_sheet_LSU00120119_05.jpg,data\yolo_dataset\labels\val\neg_sheet_LSU00120119_05.txt
neg_sheet_LSU00178358_06,val,True,0,data\yolo_dataset\images\val\neg_sheet_LSU00178358_06.jpg,data\yolo_dataset\labels\val\neg_sheet_LSU00178358_06.txt
neg_sheet_NCU00453319_07,val,True,0,data\yolo_dataset\images\val\neg_sheet_NCU00453319_07.jpg,data\yolo_dataset\labels\val\neg_sheet_NCU00453319_07.txt
neg_sheet_NCU00131125_08,val,True,0,data\yolo_dataset\images\val\neg_sheet_NCU00131125_08.jpg,data\yolo_dataset\labels\val\neg_sheet_NCU00131125_08.txt
neg_sheet_NCU00377772_09,val,True,0,data\yolo_dataset\images\val\neg_sheet_NCU00377772_09.jpg,data\yolo_dataset\labels\val\neg_sheet_NCU00377772_09.txt
neg_sheet_NCU00377924_10,val,True,0,data\yolo_dataset\images\val\neg_sheet_NCU00377924_10.jpg,data\yolo_dataset\labels\val\neg_sheet_NCU00377924_10.txt
neg_sheet_NCU00377797_11,val,True,0,data\yolo_dataset\images\val\neg_sheet_NCU00377797_11.jpg,data\yolo_dataset\labels\val\neg_sheet_NCU00377797_11.txt
neg_sheet_NCU00256115_12,val,True,0,data\yolo_dataset\images\val\neg_sheet_NCU00256115_12.jpg,data\yolo_dataset\labels\val\neg_sheet_NCU00256115_12.txt
neg_sheet_NCU00385145_13,val,True,0,data\yolo_dataset\images\val\neg_sheet_NCU00385145_13.jpg,data\yolo_dataset\labels\val\neg_sheet_NCU00385145_13.txt
neg_sheet_NCU00385158_14,val,True,0,data\yolo_dataset\images\val\neg_sheet_NCU00385158_14.jpg,data\yolo_dataset\labels\val\neg_sheet_NCU00385158_14.txt
neg_sheet_NCU00385171_15,val,True,0,data\yolo_dataset\images\val\neg_sheet_NCU00385171_15.jpg,data\yolo_dataset\labels\val\neg_sheet_NCU00385171_15.txt
neg_sheet_NCU00438252_16,val,True,0,data\yolo_dataset\images\val\neg_sheet_NCU00438252_16.jpg,data\yolo_dataset\labels\val\neg_sheet_NCU00438252_16.txt
neg_sheet_NCU00377789_17,val,True,0,data\yolo_dataset\images\val\neg_sheet_NCU00377789_17.jpg,data\yolo_dataset\labels\val\neg_sheet_NCU00377789_17.txt
neg_sheet_NCU00388695_18,val,True,0,data\yolo_dataset\images\val\neg_sheet_NCU00388695_18.jpg,data\yolo_dataset\labels\val\neg_sheet_NCU00388695_18.txt
LSU00054099,test,False,27,data\yolo_dataset\images\test\LSU00054099.jpg,data\yolo_dataset\labels\test\LSU00054099.txt
LSU00054104,test,False,26,data\yolo_dataset\images\test\LSU00054104.jpg,data\yolo_dataset\labels\test\LSU00054104.txt
LSU00117613,test,False,22,data\yolo_dataset\images\test\LSU00117613.jpg,data\yolo_dataset\labels\test\LSU00117613.txt
LSU00223187,test,False,19,data\yolo_dataset\images\test\LSU00223187.jpg,data\yolo_dataset\labels\test\LSU00223187.txt
LSU00114357,test,False,19,data\yolo_dataset\images\test\LSU00114357.jpg,data\yolo_dataset\labels\test\LSU00114357.txt
LSU00216890,test,False,33,data\yolo_dataset\images\test\LSU00216890.jpg,data\yolo_dataset\labels\test\LSU00216890.txt
NCU00021605,test,False,20,data\yolo_dataset\images\test\NCU00021605.jpg,data\yolo_dataset\labels\test\NCU00021605.txt
NCU00431167,test,False,17,data\yolo_dataset\images\test\NCU00431167.jpg,data\yolo_dataset\labels\test\NCU00431167.txt
NCU00452882,test,False,20,data\yolo_dataset\images\test\NCU00452882.jpg,data\yolo_dataset\labels\test\NCU00452882.txt
NCU00385178,test,False,1,data\yolo_dataset\images\test\NCU00385178.jpg,data\yolo_dataset\labels\test\NCU00385178.txt
NCU00256116,test,False,20,data\yolo_dataset\images\test\NCU00256116.jpg,data\yolo_dataset\labels\test\NCU00256116.txt
NCU00377780,test,False,22,data\yolo_dataset\images\test\NCU00377780.jpg,data\yolo_dataset\labels\test\NCU00377780.txt
NCU00377916,test,False,16,data\yolo_dataset\images\test\NCU00377916.jpg,data\yolo_dataset\labels\test\NCU00377916.txt
NCU00377928,test,False,18,data\yolo_dataset\images\test\NCU00377928.jpg,data\yolo_dataset\labels\test\NCU00377928.txt
NCU00377798,test,False,13,data\yolo_dataset\images\test\NCU00377798.jpg,data\yolo_dataset\labels\test\NCU00377798.txt
NCU00377929,test,False,20,data\yolo_dataset\images\test\NCU00377929.jpg,data\yolo_dataset\labels\test\NCU00377929.txt
NCU00438242,test,False,22,data\yolo_dataset\images\test\NCU00438242.jpg,data\yolo_dataset\labels\test\NCU00438242.txt
NCU00385176,test,False,9,data\yolo_dataset\images\test\NCU00385176.jpg,data\yolo_dataset\labels\test\NCU00385176.txt
NCU00006858,test,False,1,data\yolo_dataset\images\test\NCU00006858.jpg,data\yolo_dataset\labels\test\NCU00006858.txt
NCU00385150,test,False,1,data\yolo_dataset\images\test\NCU00385150.jpg,data\yolo_dataset\labels\test\NCU00385150.txt
NCU00377793,test,False,3,data\yolo_dataset\images\test\NCU00377793.jpg,data\yolo_dataset\labels\test\NCU00377793.txt
NCU00119625,test,False,5,data\yolo_dataset\images\test\NCU00119625.jpg,data\yolo_dataset\labels\test\NCU00119625.txt
NCU00385144,test,False,21,data\yolo_dataset\images\test\NCU00385144.jpg,data\yolo_dataset\labels\test\NCU00385144.txt
NCU00377919,test,False,9,data\yolo_dataset\images\test\NCU00377919.jpg,data\yolo_dataset\labels\test\NCU00377919.txt
NCU00027973,test,False,2,data\yolo_dataset\images\test\NCU00027973.jpg,data\yolo_dataset\labels\test\NCU00027973.txt
NCU00385154,test,False,1,data\yolo_dataset\images\test\NCU00385154.jpg,data\yolo_dataset\labels\test\NCU00385154.txt
NCU00438233,test,False,24,data\yolo_dataset\images\test\NCU00438233.jpg,data\yolo_dataset\labels\test\NCU00438233.txt
NCU00385186,test,False,9,data\yolo_dataset\images\test\NCU00385186.jpg,data\yolo_dataset\labels\test\NCU00385186.txt
NCU00438239,test,False,15,data\yolo_dataset\images\test\NCU00438239.jpg,data\yolo_dataset\labels\test\NCU00438239.txt
NCU00385165,test,False,1,data\yolo_dataset\images\test\NCU00385165.jpg,data\yolo_dataset\labels\test\NCU00385165.txt
NCU00385170,test,False,1,data\yolo_dataset\images\test\NCU00385170.jpg,data\yolo_dataset\labels\test\NCU00385170.txt
NCU00176196,test,False,12,data\yolo_dataset\images\test\NCU00176196.jpg,data\yolo_dataset\labels\test\NCU00176196.txt
NCU00438223,test,False,9,data\yolo_dataset\images\test\NCU00438223.jpg,data\yolo_dataset\labels\test\NCU00438223.txt
NCU00438240,test,False,16,data\yolo_dataset\images\test\NCU00438240.jpg,data\yolo_dataset\labels\test\NCU00438240.txt
NCU00377792,test,False,17,data\yolo_dataset\images\test\NCU00377792.jpg,data\yolo_dataset\labels\test\NCU00377792.txt
NCU00385160,test,False,14,data\yolo_dataset\images\test\NCU00385160.jpg,data\yolo_dataset\labels\test\NCU00385160.txt
HXC005449,test,False,2,data\yolo_dataset\images\test\HXC005449.jpg,data\yolo_dataset\labels\test\HXC005449.txt
BRIT01035,test,False,2,data\yolo_dataset\images\test\BRIT01035.jpg,data\yolo_dataset\labels\test\BRIT01035.txt
BRIT734784,test,False,2,data\yolo_dataset\images\test\BRIT734784.jpg,data\yolo_dataset\labels\test\BRIT734784.txt
BRIT01036,test,False,2,data\yolo_dataset\images\test\BRIT01036.jpg,data\yolo_dataset\labels\test\BRIT01036.txt
UNCC_51358,test,False,2,data\yolo_dataset\images\test\UNCC_51358.jpg,data\yolo_dataset\labels\test\UNCC_51358.txt
ANHC013034,test,False,21,data\yolo_dataset\images\test\ANHC013034.jpg,data\yolo_dataset\labels\test\ANHC013034.txt
USCH0013205,test,False,1,data\yolo_dataset\images\test\USCH0013205.jpg,data\yolo_dataset\labels\test\USCH0013205.txt
USCH0012916,test,False,2,data\yolo_dataset\images\test\USCH0012916.jpg,data\yolo_dataset\labels\test\USCH0012916.txt
USCH0012917,test,False,32,data\yolo_dataset\images\test\USCH0012917.jpg,data\yolo_dataset\labels\test\USCH0012917.txt
USCH0012910,test,False,24,data\yolo_dataset\images\test\USCH0012910.jpg,data\yolo_dataset\labels\test\USCH0012910.txt
USCH0013206,test,False,2,data\yolo_dataset\images\test\USCH0013206.jpg,data\yolo_dataset\labels\test\USCH0013206.txt
USCH0102797,test,False,5,data\yolo_dataset\images\test\USCH0102797.jpg,data\yolo_dataset\labels\test\USCH0102797.txt
USCH0012960,test,False,1,data\yolo_dataset\images\test\USCH0012960.jpg,data\yolo_dataset\labels\test\USCH0012960.txt
USCH0013216,test,False,2,data\yolo_dataset\images\test\USCH0013216.jpg,data\yolo_dataset\labels\test\USCH0013216.txt
245144,test,False,32,data\yolo_dataset\images\test\245144.jpg,data\yolo_dataset\labels\test\245144.txt
MARY1052504,test,False,2,data\yolo_dataset\images\test\MARY1052504.jpg,data\yolo_dataset\labels\test\MARY1052504.txt
MARY1052509,test,False,2,data\yolo_dataset\images\test\MARY1052509.jpg,data\yolo_dataset\labels\test\MARY1052509.txt
77158,test,False,17,data\yolo_dataset\images\test\77158.jpg,data\yolo_dataset\labels\test\77158.txt
80179,test,False,34,data\yolo_dataset\images\test\80179.jpg,data\yolo_dataset\labels\test\80179.txt
79683,test,False,24,data\yolo_dataset\images\test\79683.jpg,data\yolo_dataset\labels\test\79683.txt
70595,test,False,15,data\yolo_dataset\images\test\70595.jpg,data\yolo_dataset\labels\test\70595.txt
82167,test,False,41,data\yolo_dataset\images\test\82167.jpg,data\yolo_dataset\labels\test\82167.txt
DOV0006755,test,False,1,data\yolo_dataset\images\test\DOV0006755.jpg,data\yolo_dataset\labels\test\DOV0006755.txt
DOV0065423,test,False,17,data\yolo_dataset\images\test\DOV0065423.jpg,data\yolo_dataset\labels\test\DOV0065423.txt
DOV0006705,test,False,2,data\yolo_dataset\images\test\DOV0006705.jpg,data\yolo_dataset\labels\test\DOV0006705.txt
DOV0006708,test,False,1,data\yolo_dataset\images\test\DOV0006708.jpg,data\yolo_dataset\labels\test\DOV0006708.txt
DOV0006730,test,False,2,data\yolo_dataset\images\test\DOV0006730.jpg,data\yolo_dataset\labels\test\DOV0006730.txt
DOV0065281,test,False,2,data\yolo_dataset\images\test\DOV0065281.jpg,data\yolo_dataset\labels\test\DOV0065281.txt
DOV0067185,test,False,1,data\yolo_dataset\images\test\DOV0067185.jpg,data\yolo_dataset\labels\test\DOV0067185.txt
DOV0006727,test,False,2,data\yolo_dataset\images\test\DOV0006727.jpg,data\yolo_dataset\labels\test\DOV0006727.txt
DOV0007951,test,False,1,data\yolo_dataset\images\test\DOV0007951.jpg,data\yolo_dataset\labels\test\DOV0007951.txt
DOV0065424,test,False,3,data\yolo_dataset\images\test\DOV0065424.jpg,data\yolo_dataset\labels\test\DOV0065424.txt
DOV0006750,test,False,1,data\yolo_dataset\images\test\DOV0006750.jpg,data\yolo_dataset\labels\test\DOV0006750.txt
MISS0072775,test,False,22,data\yolo_dataset\images\test\MISS0072775.jpg,data\yolo_dataset\labels\test\MISS0072775.txt
MISS0072271,test,False,10,data\yolo_dataset\images\test\MISS0072271.jpg,data\yolo_dataset\labels\test\MISS0072271.txt
637087,test,False,9,data\yolo_dataset\images\test\637087.jpg,data\yolo_dataset\labels\test\637087.txt
452712,test,False,7,data\yolo_dataset\images\test\452712.jpg,data\yolo_dataset\labels\test\452712.txt
637109,test,False,13,data\yolo_dataset\images\test\637109.jpg,data\yolo_dataset\labels\test\637109.txt
637097,test,False,7,data\yolo_dataset\images\test\637097.jpg,data\yolo_dataset\labels\test\637097.txt
637115,test,False,8,data\yolo_dataset\images\test\637115.jpg,data\yolo_dataset\labels\test\637115.txt
637118,test,False,11,data\yolo_dataset\images\test\637118.jpg,data\yolo_dataset\labels\test\637118.txt
US_782482,test,False,17,data\yolo_dataset\images\test\US_782482.jpg,data\yolo_dataset\labels\test\US_782482.txt
US_3330986,test,False,19,data\yolo_dataset\images\test\US_3330986.jpg,data\yolo_dataset\labels\test\US_3330986.txt
US_3337792,test,False,43,data\yolo_dataset\images\test\US_3337792.jpg,data\yolo_dataset\labels\test\US_3337792.txt
US_1971648,test,False,16,data\yolo_dataset\images\test\US_1971648.jpg,data\yolo_dataset\labels\test\US_1971648.txt
US_332454,test,False,19,data\yolo_dataset\images\test\US_332454.jpg,data\yolo_dataset\labels\test\US_332454.txt
US_1814575,test,False,24,data\yolo_dataset\images\test\US_1814575.jpg,data\yolo_dataset\labels\test\US_1814575.txt
US_2588571,test,False,18,data\yolo_dataset\images\test\US_2588571.jpg,data\yolo_dataset\labels\test\US_2588571.txt
US_3552458,test,False,33,data\yolo_dataset\images\test\US_3552458.jpg,data\yolo_dataset\labels\test\US_3552458.txt
UARK012554,test,False,1,data\yolo_dataset\images\test\UARK012554.jpg,data\yolo_dataset\labels\test\UARK012554.txt
UARK012478,test,False,1,data\yolo_dataset\images\test\UARK012478.jpg,data\yolo_dataset\labels\test\UARK012478.txt
UARK012528,test,False,0,data\yolo_dataset\images\test\UARK012528.jpg,data\yolo_dataset\labels\test\UARK012528.txt
UARK012502,test,False,0,data\yolo_dataset\images\test\UARK012502.jpg,data\yolo_dataset\labels\test\UARK012502.txt
UARK012506,test,False,1,data\yolo_dataset\images\test\UARK012506.jpg,data\yolo_dataset\labels\test\UARK012506.txt
UARK048240,test,False,1,data\yolo_dataset\images\test\UARK048240.jpg,data\yolo_dataset\labels\test\UARK048240.txt
2019-0006884,test,False,1,data\yolo_dataset\images\test\2019-0006884.jpg,data\yolo_dataset\labels\test\2019-0006884.txt
UNA00066341,test,False,16,data\yolo_dataset\images\test\UNA00066341.jpg,data\yolo_dataset\labels\test\UNA00066341.txt
PH00820806,test,False,0,data\yolo_dataset\images\test\PH00820806.jpg,data\yolo_dataset\labels\test\PH00820806.txt
PH00249809,test,False,6,data\yolo_dataset\images\test\PH00249809.jpg,data\yolo_dataset\labels\test\PH00249809.txt
PH00249821,test,False,3,data\yolo_dataset\images\test\PH00249821.jpg,data\yolo_dataset\labels\test\PH00249821.txt
LL00007231,test,False,2,data\yolo_dataset\images\test\LL00007231.jpg,data\yolo_dataset\labels\test\LL00007231.txt
TEX00007226,test,False,2,data\yolo_dataset\images\test\TEX00007226.jpg,data\yolo_dataset\labels\test\TEX00007226.txt
CLEMS0035124,test,False,2,data\yolo_dataset\images\test\CLEMS0035124.jpg,data\yolo_dataset\labels\test\CLEMS0035124.txt
CLEMS0035052,test,False,2,data\yolo_dataset\images\test\CLEMS0035052.jpg,data\yolo_dataset\labels\test\CLEMS0035052.txt
ODU00011112,test,False,11,data\yolo_dataset\images\test\ODU00011112.jpg,data\yolo_dataset\labels\test\ODU00011112.txt
ODU00011128,test,False,9,data\yolo_dataset\images\test\ODU00011128.jpg,data\yolo_dataset\labels\test\ODU00011128.txt
ODU00011117,test,False,26,data\yolo_dataset\images\test\ODU00011117.jpg,data\yolo_dataset\labels\test\ODU00011117.txt
ODU00011120,test,False,21,data\yolo_dataset\images\test\ODU00011120.jpg,data\yolo_dataset\labels\test\ODU00011120.txt
ODU00011153,test,False,21,data\yolo_dataset\images\test\ODU00011153.jpg,data\yolo_dataset\labels\test\ODU00011153.txt
CM489512,test,False,2,data\yolo_dataset\images\test\CM489512.jpg,data\yolo_dataset\labels\test\CM489512.txt
CLEMS0035126,test,False,1,data\yolo_dataset\images\test\CLEMS0035126.jpg,data\yolo_dataset\labels\test\CLEMS0035126.txt
CLEMS0035127,test,False,1,data\yolo_dataset\images\test\CLEMS0035127.jpg,data\yolo_dataset\labels\test\CLEMS0035127.txt
CLEMS0035211,test,False,2,data\yolo_dataset\images\test\CLEMS0035211.jpg,data\yolo_dataset\labels\test\CLEMS0035211.txt
CLEMS0035042,test,False,1,data\yolo_dataset\images\test\CLEMS0035042.jpg,data\yolo_dataset\labels\test\CLEMS0035042.txt
CLEMS0035209,test,False,2,data\yolo_dataset\images\test\CLEMS0035209.jpg,data\yolo_dataset\labels\test\CLEMS0035209.txt
GA276727,test,False,2,data\yolo_dataset\images\test\GA276727.jpg,data\yolo_dataset\labels\test\GA276727.txt
GA079323,test,False,16,data\yolo_dataset\images\test\GA079323.jpg,data\yolo_dataset\labels\test\GA079323.txt
GA257740,test,False,2,data\yolo_dataset\images\test\GA257740.jpg,data\yolo_dataset\labels\test\GA257740.txt
GA262376,test,False,2,data\yolo_dataset\images\test\GA262376.jpg,data\yolo_dataset\labels\test\GA262376.txt
GA079546,test,False,2,data\yolo_dataset\images\test\GA079546.jpg,data\yolo_dataset\labels\test\GA079546.txt
GA079378,test,False,5,data\yolo_dataset\images\test\GA079378.jpg,data\yolo_dataset\labels\test\GA079378.txt
GA079581,test,False,2,data\yolo_dataset\images\test\GA079581.jpg,data\yolo_dataset\labels\test\GA079581.txt
GA079555,test,False,6,data\yolo_dataset\images\test\GA079555.jpg,data\yolo_dataset\labels\test\GA079555.txt
GA079373,test,False,16,data\yolo_dataset\images\test\GA079373.jpg,data\yolo_dataset\labels\test\GA079373.txt
GA257742,test,False,2,data\yolo_dataset\images\test\GA257742.jpg,data\yolo_dataset\labels\test\GA257742.txt
GA079332,test,False,41,data\yolo_dataset\images\test\GA079332.jpg,data\yolo_dataset\labels\test\GA079332.txt
GA079594,test,False,17,data\yolo_dataset\images\test\GA079594.jpg,data\yolo_dataset\labels\test\GA079594.txt
GA257741,test,False,2,data\yolo_dataset\images\test\GA257741.jpg,data\yolo_dataset\labels\test\GA257741.txt
GA079556,test,False,25,data\yolo_dataset\images\test\GA079556.jpg,data\yolo_dataset\labels\test\GA079556.txt
GA079601,test,False,10,data\yolo_dataset\images\test\GA079601.jpg,data\yolo_dataset\labels\test\GA079601.txt
GA079539,test,False,2,data\yolo_dataset\images\test\GA079539.jpg,data\yolo_dataset\labels\test\GA079539.txt
GA079407,test,False,13,data\yolo_dataset\images\test\GA079407.jpg,data\yolo_dataset\labels\test\GA079407.txt
GA079408,test,False,14,data\yolo_dataset\images\test\GA079408.jpg,data\yolo_dataset\labels\test\GA079408.txt
VSC0078972,test,False,10,data\yolo_dataset\images\test\VSC0078972.jpg,data\yolo_dataset\labels\test\VSC0078972.txt
VSC0078941,test,False,16,data\yolo_dataset\images\test\VSC0078941.jpg,data\yolo_dataset\labels\test\VSC0078941.txt
VSC0061903,test,False,12,data\yolo_dataset\images\test\VSC0061903.jpg,data\yolo_dataset\labels\test\VSC0061903.txt
VSC0003756,test,False,12,data\yolo_dataset\images\test\VSC0003756.jpg,data\yolo_dataset\labels\test\VSC0003756.txt
VSC0067228,test,False,18,data\yolo_dataset\images\test\VSC0067228.jpg,data\yolo_dataset\labels\test\VSC0067228.txt
UNA00063199,test,False,26,data\yolo_dataset\images\test\UNA00063199.jpg,data\yolo_dataset\labels\test\UNA00063199.txt
UNA00057800,test,False,8,data\yolo_dataset\images\test\UNA00057800.jpg,data\yolo_dataset\labels\test\UNA00057800.txt
UNA00058379,test,False,9,data\yolo_dataset\images\test\UNA00058379.jpg,data\yolo_dataset\labels\test\UNA00058379.txt
UNA00049307,test,False,2,data\yolo_dataset\images\test\UNA00049307.jpg,data\yolo_dataset\labels\test\UNA00049307.txt
183613,test,False,29,data\yolo_dataset\images\test\183613.jpg,data\yolo_dataset\labels\test\183613.txt
275612,test,False,35,data\yolo_dataset\images\test\275612.jpg,data\yolo_dataset\labels\test\275612.txt
274287,test,False,22,data\yolo_dataset\images\test\274287.jpg,data\yolo_dataset\labels\test\274287.txt
UCA003603,test,False,3,data\yolo_dataset\images\test\UCA003603.jpg,data\yolo_dataset\labels\test\UCA003603.txt
UCA003563,test,False,3,data\yolo_dataset\images\test\UCA003563.jpg,data\yolo_dataset\labels\test\UCA003563.txt
UCA003567,test,False,3,data\yolo_dataset\images\test\UCA003567.jpg,data\yolo_dataset\labels\test\UCA003567.txt
UCA003577,test,False,3,data\yolo_dataset\images\test\UCA003577.jpg,data\yolo_dataset\labels\test\UCA003577.txt
NO0022742,test,False,25,data\yolo_dataset\images\test\NO0022742.jpg,data\yolo_dataset\labels\test\NO0022742.txt
NO0022945,test,False,18,data\yolo_dataset\images\test\NO0022945.jpg,data\yolo_dataset\labels\test\NO0022945.txt
USCH0013149,test,False,2,data\yolo_dataset\images\test\USCH0013149.jpg,data\yolo_dataset\labels\test\USCH0013149.txt
1048,test,False,19,data\yolo_dataset\images\test\1048.jpg,data\yolo_dataset\labels\test\1048.txt
BRIT559542,test,False,16,data\yolo_dataset\images\test\BRIT559542.jpg,data\yolo_dataset\labels\test\BRIT559542.txt
NLU0083660,test,False,20,data\yolo_dataset\images\test\NLU0083660.jpg,data\yolo_dataset\labels\test\NLU0083660.txt
BRIT00262,test,False,10,data\yolo_dataset\images\test\BRIT00262.jpg,data\yolo_dataset\labels\test\BRIT00262.txt
BRIT290399,test,False,31,data\yolo_dataset\images\test\BRIT290399.jpg,data\yolo_dataset\labels\test\BRIT290399.txt
BRIT290397,test,False,2,data\yolo_dataset\images\test\BRIT290397.jpg,data\yolo_dataset\labels\test\BRIT290397.txt
NLU0061182,test,False,18,data\yolo_dataset\images\test\NLU0061182.jpg,data\yolo_dataset\labels\test\NLU0061182.txt
LSU00017691,test,False,17,data\yolo_dataset\images\test\LSU00017691.jpg,data\yolo_dataset\labels\test\LSU00017691.txt
NLU0061233,test,False,19,data\yolo_dataset\images\test\NLU0061233.jpg,data\yolo_dataset\labels\test\NLU0061233.txt
NLU0061164,test,False,15,data\yolo_dataset\images\test\NLU0061164.jpg,data\yolo_dataset\labels\test\NLU0061164.txt
NLU0061244,test,False,15,data\yolo_dataset\images\test\NLU0061244.jpg,data\yolo_dataset\labels\test\NLU0061244.txt
NLU0060526,test,False,27,data\yolo_dataset\images\test\NLU0060526.jpg,data\yolo_dataset\labels\test\NLU0060526.txt
LSU00017702,test,False,13,data\yolo_dataset\images\test\LSU00017702.jpg,data\yolo_dataset\labels\test\LSU00017702.txt
LSU00017603,test,False,22,data\yolo_dataset\images\test\LSU00017603.jpg,data\yolo_dataset\labels\test\LSU00017603.txt
NLU0061163,test,False,17,data\yolo_dataset\images\test\NLU0061163.jpg,data\yolo_dataset\labels\test\NLU0061163.txt
148115,test,False,8,data\yolo_dataset\images\test\148115.jpg,data\yolo_dataset\labels\test\148115.txt
204814,test,False,16,data\yolo_dataset\images\test\204814.jpg,data\yolo_dataset\labels\test\204814.txt
23002,test,False,23,data\yolo_dataset\images\test\23002.jpg,data\yolo_dataset\labels\test\23002.txt
GMUF-0033518,test,False,3,data\yolo_dataset\images\test\GMUF-0033518.jpg,data\yolo_dataset\labels\test\GMUF-0033518.txt
GMUF-0033534,test,False,15,data\yolo_dataset\images\test\GMUF-0033534.jpg,data\yolo_dataset\labels\test\GMUF-0033534.txt
GMUF-0033603,test,False,14,data\yolo_dataset\images\test\GMUF-0033603.jpg,data\yolo_dataset\labels\test\GMUF-0033603.txt
GMUF-0033601,test,False,8,data\yolo_dataset\images\test\GMUF-0033601.jpg,data\yolo_dataset\labels\test\GMUF-0033601.txt
VPI-V-0016663,test,False,12,data\yolo_dataset\images\test\VPI-V-0016663.jpg,data\yolo_dataset\labels\test\VPI-V-0016663.txt
VPI-V-0016682,test,False,23,data\yolo_dataset\images\test\VPI-V-0016682.jpg,data\yolo_dataset\labels\test\VPI-V-0016682.txt
VPI-V-0016667,test,False,24,data\yolo_dataset\images\test\VPI-V-0016667.jpg,data\yolo_dataset\labels\test\VPI-V-0016667.txt
VPI-V-0012740,test,False,17,data\yolo_dataset\images\test\VPI-V-0012740.jpg,data\yolo_dataset\labels\test\VPI-V-0012740.txt
VPI-V-0012860,test,False,45,data\yolo_dataset\images\test\VPI-V-0012860.jpg,data\yolo_dataset\labels\test\VPI-V-0012860.txt
VPI-V-0012868,test,False,17,data\yolo_dataset\images\test\VPI-V-0012868.jpg,data\yolo_dataset\labels\test\VPI-V-0012868.txt
SAT0015212,test,False,14,data\yolo_dataset\images\test\SAT0015212.jpg,data\yolo_dataset\labels\test\SAT0015212.txt
VSC0060896,test,False,19,data\yolo_dataset\images\test\VSC0060896.jpg,data\yolo_dataset\labels\test\VSC0060896.txt
VSC0060887,test,False,11,data\yolo_dataset\images\test\VSC0060887.jpg,data\yolo_dataset\labels\test\VSC0060887.txt
VSC0060890,test,False,8,data\yolo_dataset\images\test\VSC0060890.jpg,data\yolo_dataset\labels\test\VSC0060890.txt
43540,test,False,22,data\yolo_dataset\images\test\43540.jpg,data\yolo_dataset\labels\test\43540.txt
288,test,False,7,data\yolo_dataset\images\test\288.jpg,data\yolo_dataset\labels\test\288.txt
34951,test,False,25,data\yolo_dataset\images\test\34951.jpg,data\yolo_dataset\labels\test\34951.txt
50321,test,False,14,data\yolo_dataset\images\test\50321.jpg,data\yolo_dataset\labels\test\50321.txt
48257,test,False,12,data\yolo_dataset\images\test\48257.jpg,data\yolo_dataset\labels\test\48257.txt
10796,test,False,35,data\yolo_dataset\images\test\10796.jpg,data\yolo_dataset\labels\test\10796.txt
DUKE10121444,test,False,3,data\yolo_dataset\images\test\DUKE10121444.jpg,data\yolo_dataset\labels\test\DUKE10121444.txt
AUA000006049,test,False,2,data\yolo_dataset\images\test\AUA000006049.jpg,data\yolo_dataset\labels\test\AUA000006049.txt
AUA000006258,test,False,2,data\yolo_dataset\images\test\AUA000006258.jpg,data\yolo_dataset\labels\test\AUA000006258.txt
AUA000006191,test,False,2,data\yolo_dataset\images\test\AUA000006191.jpg,data\yolo_dataset\labels\test\AUA000006191.txt
AUA000006260,test,False,2,data\yolo_dataset\images\test\AUA000006260.jpg,data\yolo_dataset\labels\test\AUA000006260.txt
AUA000006178,test,False,2,data\yolo_dataset\images\test\AUA000006178.jpg,data\yolo_dataset\labels\test\AUA000006178.txt
K002565178,test,False,4,data\yolo_dataset\images\test\K002565178.jpg,data\yolo_dataset\labels\test\K002565178.txt
31234100287174,test,False,49,data\yolo_dataset\images\test\31234100287174.jpg,data\yolo_dataset\labels\test\31234100287174.txt
191202,test,False,14,data\yolo_dataset\images\test\191202.jpg,data\yolo_dataset\labels\test\191202.txt
29242,test,False,16,data\yolo_dataset\images\test\29242.jpg,data\yolo_dataset\labels\test\29242.txt
U.1143054,test,False,21,data\yolo_dataset\images\test\U.1143054.jpg,data\yolo_dataset\labels\test\U.1143054.txt
LSUS002437,test,False,19,data\yolo_dataset\images\test\LSUS002437.jpg,data\yolo_dataset\labels\test\LSUS002437.txt
BALT0036093,test,False,2,data\yolo_dataset\images\test\BALT0036093.jpg,data\yolo_dataset\labels\test\BALT0036093.txt
NHA-563549,test,False,13,data\yolo_dataset\images\test\NHA-563549.jpg,data\yolo_dataset\labels\test\NHA-563549.txt
KESC10832,test,False,18,data\yolo_dataset\images\test\KESC10832.jpg,data\yolo_dataset\labels\test\KESC10832.txt
DES00010750,test,False,25,data\yolo_dataset\images\test\DES00010750.jpg,data\yolo_dataset\labels\test\DES00010750.txt
BAYLU034245,test,False,1,data\yolo_dataset\images\test\BAYLU034245.jpg,data\yolo_dataset\labels\test\BAYLU034245.txt
GA260299,test,False,25,data\yolo_dataset\images\test\GA260299.jpg,data\yolo_dataset\labels\test\GA260299.txt
408657,test,False,28,data\yolo_dataset\images\test\408657.jpg,data\yolo_dataset\labels\test\408657.txt
103588750,test,False,22,data\yolo_dataset\images\test\103588750.jpg,data\yolo_dataset\labels\test\103588750.txt
PH00184519,test,False,16,data\yolo_dataset\images\test\PH00184519.jpg,data\yolo_dataset\labels\test\PH00184519.txt
UNM0017787,test,False,8,data\yolo_dataset\images\test\UNM0017787.jpg,data\yolo_dataset\labels\test\UNM0017787.txt
BCH002774,test,False,16,data\yolo_dataset\images\test\BCH002774.jpg,data\yolo_dataset\labels\test\BCH002774.txt
BCH002739,test,False,21,data\yolo_dataset\images\test\BCH002739.jpg,data\yolo_dataset\labels\test\BCH002739.txt
TENN-V-0247572,test,False,12,data\yolo_dataset\images\test\TENN-V-0247572.jpg,data\yolo_dataset\labels\test\TENN-V-0247572.txt
TENN-V-0236339,test,False,3,data\yolo_dataset\images\test\TENN-V-0236339.jpg,data\yolo_dataset\labels\test\TENN-V-0236339.txt
NBYC020901,test,False,10,data\yolo_dataset\images\test\NBYC020901.jpg,data\yolo_dataset\labels\test\NBYC020901.txt
ETSU029590,test,False,21,data\yolo_dataset\images\test\ETSU029590.jpg,data\yolo_dataset\labels\test\ETSU029590.txt
ETSU012734,test,False,3,data\yolo_dataset\images\test\ETSU012734.jpg,data\yolo_dataset\labels\test\ETSU012734.txt
ETSU030346,test,False,14,data\yolo_dataset\images\test\ETSU030346.jpg,data\yolo_dataset\labels\test\ETSU030346.txt
ETSU012736,test,False,1,data\yolo_dataset\images\test\ETSU012736.jpg,data\yolo_dataset\labels\test\ETSU012736.txt
US_3697235,test,False,19,data\yolo_dataset\images\test\US_3697235.jpg,data\yolo_dataset\labels\test\US_3697235.txt
CAU00001207,test,False,9,data\yolo_dataset\images\test\CAU00001207.jpg,data\yolo_dataset\labels\test\CAU00001207.txt
HTTU009297,test,False,1,data\yolo_dataset\images\test\HTTU009297.jpg,data\yolo_dataset\labels\test\HTTU009297.txt
WVA-V-0079042,test,False,2,data\yolo_dataset\images\test\WVA-V-0079042.jpg,data\yolo_dataset\labels\test\WVA-V-0079042.txt
WVA-V-0079048,test,False,29,data\yolo_dataset\images\test\WVA-V-0079048.jpg,data\yolo_dataset\labels\test\WVA-V-0079048.txt
WVA-V-0079089,test,False,23,data\yolo_dataset\images\test\WVA-V-0079089.jpg,data\yolo_dataset\labels\test\WVA-V-0079089.txt
SBAC00778,test,False,1,data\yolo_dataset\images\test\SBAC00778.jpg,data\yolo_dataset\labels\test\SBAC00778.txt
31234100268703,test,False,52,data\yolo_dataset\images\test\31234100268703.jpg,data\yolo_dataset\labels\test\31234100268703.txt
31234100268612,test,False,44,data\yolo_dataset\images\test\31234100268612.jpg,data\yolo_dataset\labels\test\31234100268612.txt
31234100268935,test,False,48,data\yolo_dataset\images\test\31234100268935.jpg,data\yolo_dataset\labels\test\31234100268935.txt
MISSA005233,test,False,11,data\yolo_dataset\images\test\MISSA005233.jpg,data\yolo_dataset\labels\test\MISSA005233.txt
JMUH0004685,test,False,25,data\yolo_dataset\images\test\JMUH0004685.jpg,data\yolo_dataset\labels\test\JMUH0004685.txt
BRYV0270415,test,False,21,data\yolo_dataset\images\test\BRYV0270415.jpg,data\yolo_dataset\labels\test\BRYV0270415.txt
LYN-0005455,test,False,3,data\yolo_dataset\images\test\LYN-0005455.jpg,data\yolo_dataset\labels\test\LYN-0005455.txt
NCZP00000200,test,False,19,data\yolo_dataset\images\test\NCZP00000200.jpg,data\yolo_dataset\labels\test\NCZP00000200.txt
WVW002899,test,False,6,data\yolo_dataset\images\test\WVW002899.jpg,data\yolo_dataset\labels\test\WVW002899.txt
UAM026519,test,False,6,data\yolo_dataset\images\test\UAM026519.jpg,data\yolo_dataset\labels\test\UAM026519.txt
NCU00082067,test,False,14,data\yolo_dataset\images\test\NCU00082067.jpg,data\yolo_dataset\labels\test\NCU00082067.txt
neg_sheet_LSU00054099_00,test,True,0,data\yolo_dataset\images\test\neg_sheet_LSU00054099_00.jpg,data\yolo_dataset\labels\test\neg_sheet_LSU00054099_00.txt
neg_sheet_LSU00054104_01,test,True,0,data\yolo_dataset\images\test\neg_sheet_LSU00054104_01.jpg,data\yolo_dataset\labels\test\neg_sheet_LSU00054104_01.txt
neg_sheet_LSU00117613_02,test,True,0,data\yolo_dataset\images\test\neg_sheet_LSU00117613_02.jpg,data\yolo_dataset\labels\test\neg_sheet_LSU00117613_02.txt
neg_sheet_LSU00223187_03,test,True,0,data\yolo_dataset\images\test\neg_sheet_LSU00223187_03.jpg,data\yolo_dataset\labels\test\neg_sheet_LSU00223187_03.txt
neg_sheet_LSU00114357_04,test,True,0,data\yolo_dataset\images\test\neg_sheet_LSU00114357_04.jpg,data\yolo_dataset\labels\test\neg_sheet_LSU00114357_04.txt
neg_sheet_LSU00216890_05,test,True,0,data\yolo_dataset\images\test\neg_sheet_LSU00216890_05.jpg,data\yolo_dataset\labels\test\neg_sheet_LSU00216890_05.txt
neg_sheet_NCU00021605_06,test,True,0,data\yolo_dataset\images\test\neg_sheet_NCU00021605_06.jpg,data\yolo_dataset\labels\test\neg_sheet_NCU00021605_06.txt
neg_sheet_NCU00431167_07,test,True,0,data\yolo_dataset\images\test\neg_sheet_NCU00431167_07.jpg,data\yolo_dataset\labels\test\neg_sheet_NCU00431167_07.txt
neg_sheet_NCU00452882_08,test,True,0,data\yolo_dataset\images\test\neg_sheet_NCU00452882_08.jpg,data\yolo_dataset\labels\test\neg_sheet_NCU00452882_08.txt
neg_sheet_NCU00385178_09,test,True,0,data\yolo_dataset\images\test\neg_sheet_NCU00385178_09.jpg,data\yolo_dataset\labels\test\neg_sheet_NCU00385178_09.txt
neg_sheet_NCU00256116_10,test,True,0,data\yolo_dataset\images\test\neg_sheet_NCU00256116_10.jpg,data\yolo_dataset\labels\test\neg_sheet_NCU00256116_10.txt
neg_sheet_NCU00377780_11,test,True,0,data\yolo_dataset\images\test\neg_sheet_NCU00377780_11.jpg,data\yolo_dataset\labels\test\neg_sheet_NCU00377780_11.txt
neg_sheet_NCU00377916_12,test,True,0,data\yolo_dataset\images\test\neg_sheet_NCU00377916_12.jpg,data\yolo_dataset\labels\test\neg_sheet_NCU00377916_12.txt
neg_sheet_NCU00377928_13,test,True,0,data\yolo_dataset\images\test\neg_sheet_NCU00377928_13.jpg,data\yolo_dataset\labels\test\neg_sheet_NCU00377928_13.txt
neg_sheet_NCU00377798_14,test,True,0,data\yolo_dataset\images\test\neg_sheet_NCU00377798_14.jpg,data\yolo_dataset\labels\test\neg_sheet_NCU00377798_14.txt
neg_sheet_NCU00377929_15,test,True,0,data\yolo_dataset\images\test\neg_sheet_NCU00377929_15.jpg,data\yolo_dataset\labels\test\neg_sheet_NCU00377929_15.txt
neg_sheet_NCU00438242_16,test,True,0,data\yolo_dataset\images\test\neg_sheet_NCU00438242_16.jpg,data\yolo_dataset\labels\test\neg_sheet_NCU00438242_16.txt
neg_sheet_NCU00385176_17,test,True,0,data\yolo_dataset\images\test\neg_sheet_NCU00385176_17.jpg,data\yolo_dataset\labels\test\neg_sheet_NCU00385176_17.txt
neg_sheet_NCU00006858_18,test,True,0,data\yolo_dataset\images\test\neg_sheet_NCU00006858_18.jpg,data\yolo_dataset\labels\test\neg_sheet_NCU00006858_18.txt
neg_sheet_NCU00385150_19,test,True,0,data\yolo_dataset\images\test\neg_sheet_NCU00385150_19.jpg,data\yolo_dataset\labels\test\neg_sheet_NCU00385150_19.txt
neg_sheet_NCU00377793_20,test,True,0,data\yolo_dataset\images\test\neg_sheet_NCU00377793_20.jpg,data\yolo_dataset\labels\test\neg_sheet_NCU00377793_20.txt
